{
  "type": "FeatureCollection",
  "features": [
    {
      "type": "Feature",
      "properties": {
        "generated_faskes_id": "FSK0001",
        "kecamatan": "Asemrowo",
        "jenis_faskes": "Puskesmas Induk",
        "nama_faskes": "Puskesmas Asemrowo",
        "penyelenggara": "Pemerintah Kota",
        "status_lokasi": "mapped"
      },
      "geometry": {
        "type": "Point",
        "coordinates": [
          112.58558430227157,
          -7.327966525368481
        ]
      }
    },
    {
      "type": "Feature",
      "properties": {
        "generated_faskes_id": "FSK0002",
        "kecamatan": "Asemrowo",
        "jenis_faskes": "Puskesmas Pembantu (Pustu)",
        "nama_faskes": "Pustu Tambak Langon",
        "penyelenggara": "Pemerintah Kota",
        "status_lokasi": "mapped"
      },
      "geometry": {
        "type": "Point",
        "coordinates": [
          112.61136165633471,
          -7.329752798628378
        ]
      }
    },
    {
      "type": "Feature",
      "properties": {
        "generated_faskes_id": "FSK0003",
        "kecamatan": "Asemrowo",
        "jenis_faskes": "Klinik Pratama",
        "nama_faskes": "NAYAKA HUSADA 03",
        "penyelenggara": "swasta",
        "status_lokasi": "mapped"
      },
      "geometry": {
        "type": "Point",
        "coordinates": [
          112.59422542376208,
          -7.343938038614273
        ]
      }
    },
    {
      "type": "Feature",
      "properties": {
        "generated_faskes_id": "FSK0004",
        "kecamatan": "Benowo",
        "jenis_faskes": "Apotek",
        "nama_faskes": "KIMIA FARMA BUKIT PALMA",
        "penyelenggara": "lainnya",
        "status_lokasi": "mapped"
      },
      "geometry": {
        "type": "Point",
        "coordinates": [
          112.65134028797613,
          -7.327639260169536
        ]
      }
    },
    {
      "type": "Feature",
      "properties": {
        "generated_faskes_id": "FSK0005",
        "kecamatan": "Benowo",
        "jenis_faskes": "Rumah Sakit Umum",
        "nama_faskes": "RS Umum Daerah Bhakti Dharma Husada",
        "penyelenggara": "Pemerintah Kota",
        "status_lokasi": "mapped"
      },
      "geometry": {
        "type": "Point",
        "coordinates": [
          112.62756960356204,
          -7.336090174839195
        ]
      }
    },
    {
      "type": "Feature",
      "properties": {
        "generated_faskes_id": "FSK0006",
        "kecamatan": "Benowo",
        "jenis_faskes": "Puskesmas Induk",
        "nama_faskes": "Puskesmas Sememi",
        "penyelenggara": "Pemerintah Kota",
        "status_lokasi": "mapped"
      },
      "geometry": {
        "type": "Point",
        "coordinates": [
          112.62707637555405,
          -7.331055626970284
        ]
      }
    },
    {
      "type": "Feature",
      "properties": {
        "generated_faskes_id": "FSK0007",
        "kecamatan": "Benowo",
        "jenis_faskes": "Puskesmas Pembantu (Pustu)",
        "nama_faskes": "Pustu Kandangan",
        "penyelenggara": "Pemerintah Kota",
        "status_lokasi": "mapped"
      },
      "geometry": {
        "type": "Point",
        "coordinates": [
          112.64797503287922,
          -7.342646156484171
        ]
      }
    },
    {
      "type": "Feature",
      "properties": {
        "generated_faskes_id": "FSK0008",
        "kecamatan": "Benowo",
        "jenis_faskes": "Puskesmas Pembantu (Pustu)",
        "nama_faskes": "Pustu Romo Kalisari",
        "penyelenggara": "Pemerintah Kota",
        "status_lokasi": "mapped"
      },
      "geometry": {
        "type": "Point",
        "coordinates": [
          112.63925847134296,
          -7.334920267452592
        ]
      }
    },
    {
      "type": "Feature",
      "properties": {
        "generated_faskes_id": "FSK0009",
        "kecamatan": "Benowo",
        "jenis_faskes": "Rumah Sakit Umum",
        "nama_faskes": "RS Bunda",
        "penyelenggara": "Swasta",
        "status_lokasi": "mapped"
      },
      "geometry": {
        "type": "Point",
        "coordinates": [
          112.6329516988682,
          -7.32900539424677
        ]
      }
    },
    {
      "type": "Feature",
      "properties": {
        "generated_faskes_id": "FSK0010",
        "kecamatan": "Benowo",
        "jenis_faskes": "Apotek",
        "nama_faskes": "KANDANGAN",
        "penyelenggara": "swasta",
        "status_lokasi": "mapped"
      },
      "geometry": {
        "type": "Point",
        "coordinates": [
          112.63769413820603,
          -7.341117032900228
        ]
      }
    },
    {
      "type": "Feature",
      "properties": {
        "generated_faskes_id": "FSK0011",
        "kecamatan": "Benowo",
        "jenis_faskes": "Apotek",
        "nama_faskes": "K - 96",
        "penyelenggara": "swasta",
        "status_lokasi": "mapped"
      },
      "geometry": {
        "type": "Point",
        "coordinates": [
          112.64117888266338,
          -7.331617930400017
        ]
      }
    },
    {
      "type": "Feature",
      "properties": {
        "generated_faskes_id": "FSK0012",
        "kecamatan": "Benowo",
        "jenis_faskes": "Apotek",
        "nama_faskes": "VIVA GENERIK KLAKAH REJO",
        "penyelenggara": "swasta",
        "status_lokasi": "mapped"
      },
      "geometry": {
        "type": "Point",
        "coordinates": [
          112.63103453190169,
          -7.33928520132615
        ]
      }
    },
    {
      "type": "Feature",
      "properties": {
        "generated_faskes_id": "FSK0013",
        "kecamatan": "Benowo",
        "jenis_faskes": "Apotek",
        "nama_faskes": "RENO FARMA",
        "penyelenggara": "swasta",
        "status_lokasi": "mapped"
      },
      "geometry": {
        "type": "Point",
        "coordinates": [
          112.65485448069983,
          -7.333085568943276
        ]
      }
    },
    {
      "type": "Feature",
      "properties": {
        "generated_faskes_id": "FSK0014",
        "kecamatan": "Benowo",
        "jenis_faskes": "Apotek",
        "nama_faskes": "HAPSARI",
        "penyelenggara": "swasta",
        "status_lokasi": "mapped"
      },
      "geometry": {
        "type": "Point",
        "coordinates": [
          112.63814300251744,
          -7.335511109581014
        ]
      }
    },
    {
      "type": "Feature",
      "properties": {
        "generated_faskes_id": "FSK0015",
        "kecamatan": "Benowo",
        "jenis_faskes": "Apotek",
        "nama_faskes": "BENOWO APPOTIK",
        "penyelenggara": "swasta",
        "status_lokasi": "mapped"
      },
      "geometry": {
        "type": "Point",
        "coordinates": [
          112.62863012587604,
          -7.3408805488210875
        ]
      }
    },
    {
      "type": "Feature",
      "properties": {
        "generated_faskes_id": "FSK0016",
        "kecamatan": "Benowo",
        "jenis_faskes": "Apotek",
        "nama_faskes": "KUSURI MAINCARE",
        "penyelenggara": "swasta",
        "status_lokasi": "mapped"
      },
      "geometry": {
        "type": "Point",
        "coordinates": [
          112.63514256686443,
          -7.334214340161617
        ]
      }
    },
    {
      "type": "Feature",
      "properties": {
        "generated_faskes_id": "FSK0017",
        "kecamatan": "Benowo",
        "jenis_faskes": "Apotek",
        "nama_faskes": "Wahyu Buana Medika",
        "penyelenggara": "swasta",
        "status_lokasi": "mapped"
      },
      "geometry": {
        "type": "Point",
        "coordinates": [
          112.6319034419779,
          -7.340962681285054
        ]
      }
    },
    {
      "type": "Feature",
      "properties": {
        "generated_faskes_id": "FSK0018",
        "kecamatan": "Benowo",
        "jenis_faskes": "Apotek",
        "nama_faskes": "Pahala Bukit Palma",
        "penyelenggara": "swasta",
        "status_lokasi": "mapped"
      },
      "geometry": {
        "type": "Point",
        "coordinates": [
          112.62712979258028,
          -7.333429779116715
        ]
      }
    },
    {
      "type": "Feature",
      "properties": {
        "generated_faskes_id": "FSK0019",
        "kecamatan": "Benowo",
        "jenis_faskes": "Klinik Pratama",
        "nama_faskes": "KARYA MEDIKA 111",
        "penyelenggara": "swasta",
        "status_lokasi": "mapped"
      },
      "geometry": {
        "type": "Point",
        "coordinates": [
          112.63186825351434,
          -7.328400633094887
        ]
      }
    },
    {
      "type": "Feature",
      "properties": {
        "generated_faskes_id": "FSK0020",
        "kecamatan": "Benowo",
        "jenis_faskes": "Klinik Pratama",
        "nama_faskes": "DOKTER ANANG SURABAYA",
        "penyelenggara": "swasta",
        "status_lokasi": "mapped"
      },
      "geometry": {
        "type": "Point",
        "coordinates": [
          112.65078906200762,
          -7.343700948585375
        ]
      }
    },
    {
      "type": "Feature",
      "properties": {
        "generated_faskes_id": "FSK0021",
        "kecamatan": "Bubutan",
        "jenis_faskes": "Puskesmas Induk",
        "nama_faskes": "Puskesmas Gundih",
        "penyelenggara": "Pemerintah Kota",
        "status_lokasi": "mapped"
      },
      "geometry": {
        "type": "Point",
        "coordinates": [
          112.67214013903106,
          -7.332735407397901
        ]
      }
    },
    {
      "type": "Feature",
      "properties": {
        "generated_faskes_id": "FSK0022",
        "kecamatan": "Bubutan",
        "jenis_faskes": "Puskesmas Induk",
        "nama_faskes": "Puskesmas Tembok Dukuh",
        "penyelenggara": "Pemerintah Kota",
        "status_lokasi": "mapped"
      },
      "geometry": {
        "type": "Point",
        "coordinates": [
          112.67142710422111,
          -7.342574282773374
        ]
      }
    },
    {
      "type": "Feature",
      "properties": {
        "generated_faskes_id": "FSK0023",
        "kecamatan": "Bubutan",
        "jenis_faskes": "Puskesmas Pembantu (Pustu)",
        "nama_faskes": "Pustu Asem Jajar",
        "penyelenggara": "Pemerintah Kota",
        "status_lokasi": "mapped"
      },
      "geometry": {
        "type": "Point",
        "coordinates": [
          112.69306542721742,
          -7.334530876622369
        ]
      }
    },
    {
      "type": "Feature",
      "properties": {
        "generated_faskes_id": "FSK0024",
        "kecamatan": "Bubutan",
        "jenis_faskes": "Rumah Sakit Khusus",
        "nama_faskes": "RS Ibu dan Anak IBI Surabaya",
        "penyelenggara": "Swasta",
        "status_lokasi": "mapped"
      },
      "geometry": {
        "type": "Point",
        "coordinates": [
          112.67918013078935,
          -7.330615310554669
        ]
      }
    },
    {
      "type": "Feature",
      "properties": {
        "generated_faskes_id": "FSK0025",
        "kecamatan": "Bubutan",
        "jenis_faskes": "Apotek",
        "nama_faskes": "USAHA",
        "penyelenggara": "swasta",
        "status_lokasi": "mapped"
      },
      "geometry": {
        "type": "Point",
        "coordinates": [
          112.68922490993299,
          -7.341509151570032
        ]
      }
    },
    {
      "type": "Feature",
      "properties": {
        "generated_faskes_id": "FSK0026",
        "kecamatan": "Bubutan",
        "jenis_faskes": "Apotek",
        "nama_faskes": "KALIBUTUH",
        "penyelenggara": "swasta",
        "status_lokasi": "mapped"
      },
      "geometry": {
        "type": "Point",
        "coordinates": [
          112.66790792442686,
          -7.337097394989216
        ]
      }
    },
    {
      "type": "Feature",
      "properties": {
        "generated_faskes_id": "FSK0027",
        "kecamatan": "Bubutan",
        "jenis_faskes": "Apotek",
        "nama_faskes": "PRODERMA",
        "penyelenggara": "swasta",
        "status_lokasi": "mapped"
      },
      "geometry": {
        "type": "Point",
        "coordinates": [
          112.6777073586906,
          -7.336437881085994
        ]
      }
    },
    {
      "type": "Feature",
      "properties": {
        "generated_faskes_id": "FSK0028",
        "kecamatan": "Bubutan",
        "jenis_faskes": "Apotek",
        "nama_faskes": "FILLINA",
        "penyelenggara": "swasta",
        "status_lokasi": "mapped"
      },
      "geometry": {
        "type": "Point",
        "coordinates": [
          112.6868722754838,
          -7.332654983299623
        ]
      }
    },
    {
      "type": "Feature",
      "properties": {
        "generated_faskes_id": "FSK0029",
        "kecamatan": "Bubutan",
        "jenis_faskes": "Apotek",
        "nama_faskes": "NOVEM",
        "penyelenggara": "swasta",
        "status_lokasi": "mapped"
      },
      "geometry": {
        "type": "Point",
        "coordinates": [
          112.69452495634097,
          -7.343195672362214
        ]
      }
    },
    {
      "type": "Feature",
      "properties": {
        "generated_faskes_id": "FSK0030",
        "kecamatan": "Bubutan",
        "jenis_faskes": "Apotek",
        "nama_faskes": "MEGA SURYA",
        "penyelenggara": "swasta",
        "status_lokasi": "mapped"
      },
      "geometry": {
        "type": "Point",
        "coordinates": [
          112.67707863846306,
          -7.338779452234426
        ]
      }
    },
    {
      "type": "Feature",
      "properties": {
        "generated_faskes_id": "FSK0031",
        "kecamatan": "Bubutan",
        "jenis_faskes": "Apotek",
        "nama_faskes": "VIVA APOTEK PURWODADI",
        "penyelenggara": "swasta",
        "status_lokasi": "mapped"
      },
      "geometry": {
        "type": "Point",
        "coordinates": [
          112.69085017609058,
          -7.340441300544795
        ]
      }
    },
    {
      "type": "Feature",
      "properties": {
        "generated_faskes_id": "FSK0032",
        "kecamatan": "Bubutan",
        "jenis_faskes": "Toko Obat",
        "nama_faskes": "CARREFOUR BUBUTAN",
        "penyelenggara": "swasta",
        "status_lokasi": "mapped"
      },
      "geometry": {
        "type": "Point",
        "coordinates": [
          112.67070626725322,
          -7.336775418289726
        ]
      }
    },
    {
      "type": "Feature",
      "properties": {
        "generated_faskes_id": "FSK0033",
        "kecamatan": "Bubutan",
        "jenis_faskes": "Toko Obat",
        "nama_faskes": "XING LIN",
        "penyelenggara": "swasta",
        "status_lokasi": "mapped"
      },
      "geometry": {
        "type": "Point",
        "coordinates": [
          112.67765644919503,
          -7.339893339014439
        ]
      }
    },
    {
      "type": "Feature",
      "properties": {
        "generated_faskes_id": "FSK0034",
        "kecamatan": "Bubutan",
        "jenis_faskes": "Toko Obat",
        "nama_faskes": "Super Indo Apartemen Gunawangsa",
        "penyelenggara": "swasta",
        "status_lokasi": "mapped"
      },
      "geometry": {
        "type": "Point",
        "coordinates": [
          112.67249419343645,
          -7.328073464013273
        ]
      }
    },
    {
      "type": "Feature",
      "properties": {
        "generated_faskes_id": "FSK0035",
        "kecamatan": "Bubutan",
        "jenis_faskes": "Klinik Pratama",
        "nama_faskes": "Anugerah Karya Medika 102",
        "penyelenggara": "swasta",
        "status_lokasi": "mapped"
      },
      "geometry": {
        "type": "Point",
        "coordinates": [
          112.6782939223516,
          -7.329208599746033
        ]
      }
    },
    {
      "type": "Feature",
      "properties": {
        "generated_faskes_id": "FSK0036",
        "kecamatan": "Bubutan",
        "jenis_faskes": "Klinik Pratama",
        "nama_faskes": "DON BOSCO",
        "penyelenggara": "swasta",
        "status_lokasi": "mapped"
      },
      "geometry": {
        "type": "Point",
        "coordinates": [
          112.68150975937348,
          -7.344072547292043
        ]
      }
    },
    {
      "type": "Feature",
      "properties": {
        "generated_faskes_id": "FSK0037",
        "kecamatan": "Bubutan",
        "jenis_faskes": "Klinik Pratama",
        "nama_faskes": "SAMARIA",
        "penyelenggara": "swasta",
        "status_lokasi": "mapped"
      },
      "geometry": {
        "type": "Point",
        "coordinates": [
          112.69497847405238,
          -7.329672827606867
        ]
      }
    },
    {
      "type": "Feature",
      "properties": {
        "generated_faskes_id": "FSK0038",
        "kecamatan": "Bubutan",
        "jenis_faskes": "Klinik Pratama",
        "nama_faskes": "DERMALOVE SCIENCE OF BEAUTY",
        "penyelenggara": "swasta",
        "status_lokasi": "mapped"
      },
      "geometry": {
        "type": "Point",
        "coordinates": [
          112.69406988771854,
          -7.328016605311517
        ]
      }
    },
    {
      "type": "Feature",
      "properties": {
        "generated_faskes_id": "FSK0039",
        "kecamatan": "Bulak",
        "jenis_faskes": "Apotek",
        "nama_faskes": "Kimia Farma Suramadu",
        "penyelenggara": "lainnya",
        "status_lokasi": "mapped"
      },
      "geometry": {
        "type": "Point",
        "coordinates": [
          112.73046087203241,
          -7.341950962972262
        ]
      }
    },
    {
      "type": "Feature",
      "properties": {
        "generated_faskes_id": "FSK0040",
        "kecamatan": "Bulak",
        "jenis_faskes": "Puskesmas Induk",
        "nama_faskes": "Puskesmas Kenjeran",
        "penyelenggara": "Pemerintah Kota",
        "status_lokasi": "mapped"
      },
      "geometry": {
        "type": "Point",
        "coordinates": [
          112.71956923376351,
          -7.3410812995146815
        ]
      }
    },
    {
      "type": "Feature",
      "properties": {
        "generated_faskes_id": "FSK0041",
        "kecamatan": "Bulak",
        "jenis_faskes": "Puskesmas Pembantu (Pustu)",
        "nama_faskes": "Pustu Bulak",
        "penyelenggara": "Pemerintah Kota",
        "status_lokasi": "mapped"
      },
      "geometry": {
        "type": "Point",
        "coordinates": [
          112.71703120877646,
          -7.343925017667177
        ]
      }
    },
    {
      "type": "Feature",
      "properties": {
        "generated_faskes_id": "FSK0042",
        "kecamatan": "Bulak",
        "jenis_faskes": "Puskesmas Pembantu (Pustu)",
        "nama_faskes": "Pustu Kedung Cowek",
        "penyelenggara": "Pemerintah Kota",
        "status_lokasi": "mapped"
      },
      "geometry": {
        "type": "Point",
        "coordinates": [
          112.71636919356929,
          -7.326936004530705
        ]
      }
    },
    {
      "type": "Feature",
      "properties": {
        "generated_faskes_id": "FSK0043",
        "kecamatan": "Bulak",
        "jenis_faskes": "Apotek",
        "nama_faskes": "VIVA APOTEK BULAK SETRO",
        "penyelenggara": "swasta",
        "status_lokasi": "mapped"
      },
      "geometry": {
        "type": "Point",
        "coordinates": [
          112.71295609174516,
          -7.330625372297609
        ]
      }
    },
    {
      "type": "Feature",
      "properties": {
        "generated_faskes_id": "FSK0044",
        "kecamatan": "Bulak",
        "jenis_faskes": "Apotek",
        "nama_faskes": "BITA MEDIKA",
        "penyelenggara": "swasta",
        "status_lokasi": "mapped"
      },
      "geometry": {
        "type": "Point",
        "coordinates": [
          112.71865025102016,
          -7.3372448627568465
        ]
      }
    },
    {
      "type": "Feature",
      "properties": {
        "generated_faskes_id": "FSK0045",
        "kecamatan": "Bulak",
        "jenis_faskes": "Apotek",
        "nama_faskes": "Efi Barokah",
        "penyelenggara": "swasta",
        "status_lokasi": "mapped"
      },
      "geometry": {
        "type": "Point",
        "coordinates": [
          112.73371952922578,
          -7.326750584025967
        ]
      }
    },
    {
      "type": "Feature",
      "properties": {
        "generated_faskes_id": "FSK0046",
        "kecamatan": "Bulak",
        "jenis_faskes": "Toko Obat",
        "nama_faskes": "DWIJAYA SENTOSA ABADI",
        "penyelenggara": "swasta",
        "status_lokasi": "mapped"
      },
      "geometry": {
        "type": "Point",
        "coordinates": [
          112.72167304970215,
          -7.331829181619567
        ]
      }
    },
    {
      "type": "Feature",
      "properties": {
        "generated_faskes_id": "FSK0047",
        "kecamatan": "Bulak",
        "jenis_faskes": "Klinik Pratama",
        "nama_faskes": "KENJERAN DISKES LANTAMAL V",
        "penyelenggara": "TNI/POLRI",
        "status_lokasi": "mapped"
      },
      "geometry": {
        "type": "Point",
        "coordinates": [
          112.70964390475821,
          -7.3395603565325995
        ]
      }
    },
    {
      "type": "Feature",
      "properties": {
        "generated_faskes_id": "FSK0048",
        "kecamatan": "Bulak",
        "jenis_faskes": "Klinik Pratama",
        "nama_faskes": "PUSDIKLAT HANUDNAS",
        "penyelenggara": "TNI/POLRI",
        "status_lokasi": "mapped"
      },
      "geometry": {
        "type": "Point",
        "coordinates": [
          112.73406128094906,
          -7.334381694668369
        ]
      }
    },
    {
      "type": "Feature",
      "properties": {
        "generated_faskes_id": "FSK0050",
        "kecamatan": "Dukuh Pakis",
        "jenis_faskes": "Apotek",
        "nama_faskes": "KIMIA FARMA 52",
        "penyelenggara": "lainnya",
        "status_lokasi": "mapped"
      },
      "geometry": {
        "type": "Point",
        "coordinates": [
          112.76126585604122,
          -7.331287114726384
        ]
      }
    },
    {
      "type": "Feature",
      "properties": {
        "generated_faskes_id": "FSK0051",
        "kecamatan": "Dukuh Pakis",
        "jenis_faskes": "Klinik Pratama",
        "nama_faskes": "GUNUNGSARI",
        "penyelenggara": "lainnya",
        "status_lokasi": "mapped"
      },
      "geometry": {
        "type": "Point",
        "coordinates": [
          112.74671495818721,
          -7.334290077434918
        ]
      }
    },
    {
      "type": "Feature",
      "properties": {
        "generated_faskes_id": "FSK0052",
        "kecamatan": "Dukuh Pakis",
        "jenis_faskes": "Puskesmas Induk",
        "nama_faskes": "Puskesmas Dukuh Kupang",
        "penyelenggara": "Pemerintah Kota",
        "status_lokasi": "mapped"
      },
      "geometry": {
        "type": "Point",
        "coordinates": [
          112.76008551148759,
          -7.3293668019791145
        ]
      }
    },
    {
      "type": "Feature",
      "properties": {
        "generated_faskes_id": "FSK0053",
        "kecamatan": "Dukuh Pakis",
        "jenis_faskes": "Puskesmas Pembantu (Pustu)",
        "nama_faskes": "Pustu Gunungsari",
        "penyelenggara": "Pemerintah Kota",
        "status_lokasi": "mapped"
      },
      "geometry": {
        "type": "Point",
        "coordinates": [
          112.74972298183818,
          -7.327385720106634
        ]
      }
    },
    {
      "type": "Feature",
      "properties": {
        "generated_faskes_id": "FSK0054",
        "kecamatan": "Dukuh Pakis",
        "jenis_faskes": "Puskesmas Pembantu (Pustu)",
        "nama_faskes": "Pustu Pradah Kali Kendal",
        "penyelenggara": "Pemerintah Kota",
        "status_lokasi": "mapped"
      },
      "geometry": {
        "type": "Point",
        "coordinates": [
          112.7474033439572,
          -7.341593209048686
        ]
      }
    },
    {
      "type": "Feature",
      "properties": {
        "generated_faskes_id": "FSK0055",
        "kecamatan": "Dukuh Pakis",
        "jenis_faskes": "Apotek",
        "nama_faskes": "DUTA FARMA",
        "penyelenggara": "swasta",
        "status_lokasi": "mapped"
      },
      "geometry": {
        "type": "Point",
        "coordinates": [
          112.7628510531935,
          -7.332621103183925
        ]
      }
    },
    {
      "type": "Feature",
      "properties": {
        "generated_faskes_id": "FSK0056",
        "kecamatan": "Dukuh Pakis",
        "jenis_faskes": "Apotek",
        "nama_faskes": "TIARA",
        "penyelenggara": "swasta",
        "status_lokasi": "mapped"
      },
      "geometry": {
        "type": "Point",
        "coordinates": [
          112.75205611685003,
          -7.3428020787443025
        ]
      }
    },
    {
      "type": "Feature",
      "properties": {
        "generated_faskes_id": "FSK0057",
        "kecamatan": "Dukuh Pakis",
        "jenis_faskes": "Apotek",
        "nama_faskes": "TIARA BUKIT DARMO",
        "penyelenggara": "swasta",
        "status_lokasi": "mapped"
      },
      "geometry": {
        "type": "Point",
        "coordinates": [
          112.77170861942389,
          -7.340486051957209
        ]
      }
    },
    {
      "type": "Feature",
      "properties": {
        "generated_faskes_id": "FSK0058",
        "kecamatan": "Dukuh Pakis",
        "jenis_faskes": "Apotek",
        "nama_faskes": "ETIKA FARMA",
        "penyelenggara": "swasta",
        "status_lokasi": "mapped"
      },
      "geometry": {
        "type": "Point",
        "coordinates": [
          112.762835574606,
          -7.3336446723105775
        ]
      }
    },
    {
      "type": "Feature",
      "properties": {
        "generated_faskes_id": "FSK0059",
        "kecamatan": "Dukuh Pakis",
        "jenis_faskes": "Apotek",
        "nama_faskes": "INDAH FARMA",
        "penyelenggara": "swasta",
        "status_lokasi": "mapped"
      },
      "geometry": {
        "type": "Point",
        "coordinates": [
          112.75757674746008,
          -7.3342993413629936
        ]
      }
    },
    {
      "type": "Feature",
      "properties": {
        "generated_faskes_id": "FSK0060",
        "kecamatan": "Dukuh Pakis",
        "jenis_faskes": "Apotek",
        "nama_faskes": "PHARMACARE",
        "penyelenggara": "swasta",
        "status_lokasi": "mapped"
      },
      "geometry": {
        "type": "Point",
        "coordinates": [
          112.76068348146596,
          -7.327863718608165
        ]
      }
    },
    {
      "type": "Feature",
      "properties": {
        "generated_faskes_id": "FSK0061",
        "kecamatan": "Dukuh Pakis",
        "jenis_faskes": "Apotek",
        "nama_faskes": "E - MEDICA",
        "penyelenggara": "swasta",
        "status_lokasi": "mapped"
      },
      "geometry": {
        "type": "Point",
        "coordinates": [
          112.7511277759827,
          -7.331869816985527
        ]
      }
    },
    {
      "type": "Feature",
      "properties": {
        "generated_faskes_id": "FSK0062",
        "kecamatan": "Dukuh Pakis",
        "jenis_faskes": "Apotek",
        "nama_faskes": "GUARDIAN SURABAYA CIPUTRA WORLD",
        "penyelenggara": "swasta",
        "status_lokasi": "mapped"
      },
      "geometry": {
        "type": "Point",
        "coordinates": [
          112.75216057857847,
          -7.33774392614216
        ]
      }
    },
    {
      "type": "Feature",
      "properties": {
        "generated_faskes_id": "FSK0063",
        "kecamatan": "Dukuh Pakis",
        "jenis_faskes": "Apotek",
        "nama_faskes": "K - 24 DUKUH KUPANG",
        "penyelenggara": "swasta",
        "status_lokasi": "mapped"
      },
      "geometry": {
        "type": "Point",
        "coordinates": [
          112.7651507066888,
          -7.339500053537022
        ]
      }
    },
    {
      "type": "Feature",
      "properties": {
        "generated_faskes_id": "FSK0064",
        "kecamatan": "Dukuh Pakis",
        "jenis_faskes": "Apotek",
        "nama_faskes": "SIAGA FARMA 2",
        "penyelenggara": "swasta",
        "status_lokasi": "mapped"
      },
      "geometry": {
        "type": "Point",
        "coordinates": [
          112.75448531588815,
          -7.331215817639069
        ]
      }
    },
    {
      "type": "Feature",
      "properties": {
        "generated_faskes_id": "FSK0065",
        "kecamatan": "Dukuh Pakis",
        "jenis_faskes": "Apotek",
        "nama_faskes": "MAHARVA MEDIKA",
        "penyelenggara": "swasta",
        "status_lokasi": "mapped"
      },
      "geometry": {
        "type": "Point",
        "coordinates": [
          112.74717629343479,
          -7.336598098751992
        ]
      }
    },
    {
      "type": "Feature",
      "properties": {
        "generated_faskes_id": "FSK0066",
        "kecamatan": "Dukuh Pakis",
        "jenis_faskes": "Apotek",
        "nama_faskes": "WATSONS LENMARC",
        "penyelenggara": "swasta",
        "status_lokasi": "mapped"
      },
      "geometry": {
        "type": "Point",
        "coordinates": [
          112.77495363322564,
          -7.326738231789323
        ]
      }
    },
    {
      "type": "Feature",
      "properties": {
        "generated_faskes_id": "FSK0067",
        "kecamatan": "Dukuh Pakis",
        "jenis_faskes": "Apotek",
        "nama_faskes": "Halomedika Dukuh Pakis",
        "penyelenggara": "swasta",
        "status_lokasi": "mapped"
      },
      "geometry": {
        "type": "Point",
        "coordinates": [
          112.74719782163298,
          -7.341092170941771
        ]
      }
    },
    {
      "type": "Feature",
      "properties": {
        "generated_faskes_id": "FSK0068",
        "kecamatan": "Dukuh Pakis",
        "jenis_faskes": "Toko Obat",
        "nama_faskes": "HYPERMART CIPUTRA WORLD",
        "penyelenggara": "swasta",
        "status_lokasi": "mapped"
      },
      "geometry": {
        "type": "Point",
        "coordinates": [
          112.75295601244251,
          -7.327890244736782
        ]
      }
    },
    {
      "type": "Feature",
      "properties": {
        "generated_faskes_id": "FSK0069",
        "kecamatan": "Dukuh Pakis",
        "jenis_faskes": "Toko Obat",
        "nama_faskes": "toko Obat PT. Trans Retail Indonesia Cabang Transmart Carrefour Lenmarc Surabaya",
        "penyelenggara": "swasta",
        "status_lokasi": "mapped"
      },
      "geometry": {
        "type": "Point",
        "coordinates": [
          112.7714259252106,
          -7.32888004555445
        ]
      }
    },
    {
      "type": "Feature",
      "properties": {
        "generated_faskes_id": "FSK0070",
        "kecamatan": "Dukuh Pakis",
        "jenis_faskes": "Toko Obat",
        "nama_faskes": "Super Indo HR. Muhammad",
        "penyelenggara": "swasta",
        "status_lokasi": "mapped"
      },
      "geometry": {
        "type": "Point",
        "coordinates": [
          112.75608581266216,
          -7.3421079747401174
        ]
      }
    },
    {
      "type": "Feature",
      "properties": {
        "generated_faskes_id": "FSK0071",
        "kecamatan": "Dukuh Pakis",
        "jenis_faskes": "Klinik Utama",
        "nama_faskes": "GIGI SEHAT",
        "penyelenggara": "swasta",
        "status_lokasi": "mapped"
      },
      "geometry": {
        "type": "Point",
        "coordinates": [
          112.7700123486392,
          -7.332101768040064
        ]
      }
    },
    {
      "type": "Feature",
      "properties": {
        "generated_faskes_id": "FSK0072",
        "kecamatan": "Dukuh Pakis",
        "jenis_faskes": "Klinik Pratama",
        "nama_faskes": "ANUGRAH",
        "penyelenggara": "swasta",
        "status_lokasi": "mapped"
      },
      "geometry": {
        "type": "Point",
        "coordinates": [
          112.76335033297178,
          -7.3269007271667554
        ]
      }
    },
    {
      "type": "Feature",
      "properties": {
        "generated_faskes_id": "FSK0073",
        "kecamatan": "Dukuh Pakis",
        "jenis_faskes": "Klinik Pratama",
        "nama_faskes": "REDEMPTOR MUNDI",
        "penyelenggara": "swasta",
        "status_lokasi": "mapped"
      },
      "geometry": {
        "type": "Point",
        "coordinates": [
          112.76461928953132,
          -7.344856576368877
        ]
      }
    },
    {
      "type": "Feature",
      "properties": {
        "generated_faskes_id": "FSK0074",
        "kecamatan": "Dukuh Pakis",
        "jenis_faskes": "Klinik Pratama",
        "nama_faskes": "Q - LIFE KLINIK",
        "penyelenggara": "swasta",
        "status_lokasi": "mapped"
      },
      "geometry": {
        "type": "Point",
        "coordinates": [
          112.76951312405346,
          -7.339511389543
        ]
      }
    },
    {
      "type": "Feature",
      "properties": {
        "generated_faskes_id": "FSK0075",
        "kecamatan": "Dukuh Pakis",
        "jenis_faskes": "Klinik Pratama",
        "nama_faskes": "TANATA",
        "penyelenggara": "swasta",
        "status_lokasi": "mapped"
      },
      "geometry": {
        "type": "Point",
        "coordinates": [
          112.76490166144899,
          -7.327786283261336
        ]
      }
    },
    {
      "type": "Feature",
      "properties": {
        "generated_faskes_id": "FSK0076",
        "kecamatan": "Dukuh Pakis",
        "jenis_faskes": "Klinik Pratama",
        "nama_faskes": "ERNADE",
        "penyelenggara": "swasta",
        "status_lokasi": "mapped"
      },
      "geometry": {
        "type": "Point",
        "coordinates": [
          112.7490287334318,
          -7.342883807708983
        ]
      }
    },
    {
      "type": "Feature",
      "properties": {
        "generated_faskes_id": "FSK0077",
        "kecamatan": "Dukuh Pakis",
        "jenis_faskes": "Klinik Pratama",
        "nama_faskes": "MAHARVA",
        "penyelenggara": "swasta",
        "status_lokasi": "mapped"
      },
      "geometry": {
        "type": "Point",
        "coordinates": [
          112.74821107933127,
          -7.334857566583778
        ]
      }
    },
    {
      "type": "Feature",
      "properties": {
        "generated_faskes_id": "FSK0078",
        "kecamatan": "Dukuh Pakis",
        "jenis_faskes": "Klinik Pratama",
        "nama_faskes": "DIANDRA",
        "penyelenggara": "swasta",
        "status_lokasi": "mapped"
      },
      "geometry": {
        "type": "Point",
        "coordinates": [
          112.75317044636944,
          -7.333911453171112
        ]
      }
    },
    {
      "type": "Feature",
      "properties": {
        "generated_faskes_id": "FSK0079",
        "kecamatan": "Dukuh Pakis",
        "jenis_faskes": "Klinik Pratama",
        "nama_faskes": "DERMASTER",
        "penyelenggara": "swasta",
        "status_lokasi": "mapped"
      },
      "geometry": {
        "type": "Point",
        "coordinates": [
          112.76652836561416,
          -7.34126738260733
        ]
      }
    },
    {
      "type": "Feature",
      "properties": {
        "generated_faskes_id": "FSK0080",
        "kecamatan": "Dukuh Pakis",
        "jenis_faskes": "Klinik Pratama",
        "nama_faskes": "dr. MF",
        "penyelenggara": "swasta",
        "status_lokasi": "mapped"
      },
      "geometry": {
        "type": "Point",
        "coordinates": [
          112.76402713876655,
          -7.3401602951367755
        ]
      }
    },
    {
      "type": "Feature",
      "properties": {
        "generated_faskes_id": "FSK0081",
        "kecamatan": "Dukuh Pakis",
        "jenis_faskes": "Klinik Pratama",
        "nama_faskes": "MEDIKA HOLISTIK",
        "penyelenggara": "swasta",
        "status_lokasi": "mapped"
      },
      "geometry": {
        "type": "Point",
        "coordinates": [
          112.75965595556448,
          -7.328402164330212
        ]
      }
    },
    {
      "type": "Feature",
      "properties": {
        "generated_faskes_id": "FSK0082",
        "kecamatan": "Dukuh Pakis",
        "jenis_faskes": "Klinik Pratama",
        "nama_faskes": "MAHARVA",
        "penyelenggara": "swasta",
        "status_lokasi": "mapped"
      },
      "geometry": {
        "type": "Point",
        "coordinates": [
          112.77038311139884,
          -7.3433078614252665
        ]
      }
    },
    {
      "type": "Feature",
      "properties": {
        "generated_faskes_id": "FSK0083",
        "kecamatan": "Dukuh Pakis",
        "jenis_faskes": "Klinik Utama",
        "nama_faskes": "GIGI SEHAT",
        "penyelenggara": "swasta",
        "status_lokasi": "mapped"
      },
      "geometry": {
        "type": "Point",
        "coordinates": [
          112.7577072731769,
          -7.339927529227175
        ]
      }
    },
    {
      "type": "Feature",
      "properties": {
        "generated_faskes_id": "FSK0084",
        "kecamatan": "Dukuh Pakis",
        "jenis_faskes": "Klinik Utama",
        "nama_faskes": "ESTHER",
        "penyelenggara": "swasta",
        "status_lokasi": "mapped"
      },
      "geometry": {
        "type": "Point",
        "coordinates": [
          112.74510637067263,
          -7.3308628142446395
        ]
      }
    },
    {
      "type": "Feature",
      "properties": {
        "generated_faskes_id": "FSK0085",
        "kecamatan": "Dukuh Pakis",
        "jenis_faskes": "Klinik Utama",
        "nama_faskes": "ROYAL CLINIC",
        "penyelenggara": "swasta",
        "status_lokasi": "mapped"
      },
      "geometry": {
        "type": "Point",
        "coordinates": [
          112.76411340131904,
          -7.34019748685537
        ]
      }
    },
    {
      "type": "Feature",
      "properties": {
        "generated_faskes_id": "FSK0086",
        "kecamatan": "Dukuh Pakis",
        "jenis_faskes": "Klinik Utama",
        "nama_faskes": "PWHC",
        "penyelenggara": "swasta",
        "status_lokasi": "mapped"
      },
      "geometry": {
        "type": "Point",
        "coordinates": [
          112.76723692725044,
          -7.3348858589460155
        ]
      }
    },
    {
      "type": "Feature",
      "properties": {
        "generated_faskes_id": "FSK0087",
        "kecamatan": "Dukuh Pakis",
        "jenis_faskes": "Klinik Utama",
        "nama_faskes": "WIJAYA KUSUMA",
        "penyelenggara": "swasta",
        "status_lokasi": "mapped"
      },
      "geometry": {
        "type": "Point",
        "coordinates": [
          112.75783060756942,
          -7.344822722173847
        ]
      }
    },
    {
      "type": "Feature",
      "properties": {
        "generated_faskes_id": "FSK0088",
        "kecamatan": "Dukuh Pakis",
        "jenis_faskes": "Klinik Utama",
        "nama_faskes": "DENTALPOINT",
        "penyelenggara": "swasta",
        "status_lokasi": "mapped"
      },
      "geometry": {
        "type": "Point",
        "coordinates": [
          112.7472573158022,
          -7.32880971612283
        ]
      }
    },
    {
      "type": "Feature",
      "properties": {
        "generated_faskes_id": "FSK0089",
        "kecamatan": "Dukuh Pakis",
        "jenis_faskes": "Klinik Utama",
        "nama_faskes": "PROSPEK",
        "penyelenggara": "swasta",
        "status_lokasi": "mapped"
      },
      "geometry": {
        "type": "Point",
        "coordinates": [
          112.7721178571468,
          -7.334997511364565
        ]
      }
    },
    {
      "type": "Feature",
      "properties": {
        "generated_faskes_id": "FSK0090",
        "kecamatan": "Dukuh Pakis",
        "jenis_faskes": "Klinik Utama",
        "nama_faskes": "SKINDA DERMATOAESTHETIC CLINIC",
        "penyelenggara": "swasta",
        "status_lokasi": "mapped"
      },
      "geometry": {
        "type": "Point",
        "coordinates": [
          112.77003785059658,
          -7.3343206579476865
        ]
      }
    },
    {
      "type": "Feature",
      "properties": {
        "generated_faskes_id": "FSK0091",
        "kecamatan": "Dukuh Pakis",
        "jenis_faskes": "Klinik Utama",
        "nama_faskes": "REJUVA",
        "penyelenggara": "swasta",
        "status_lokasi": "mapped"
      },
      "geometry": {
        "type": "Point",
        "coordinates": [
          112.74944281356701,
          -7.3426634988131605
        ]
      }
    },
    {
      "type": "Feature",
      "properties": {
        "generated_faskes_id": "FSK0092",
        "kecamatan": "Dukuh Pakis",
        "jenis_faskes": "Klinik Utama",
        "nama_faskes": "PARAHITA DIAGNOSTIC CENTER",
        "penyelenggara": "swasta",
        "status_lokasi": "mapped"
      },
      "geometry": {
        "type": "Point",
        "coordinates": [
          112.7542477504979,
          -7.328518672706386
        ]
      }
    },
    {
      "type": "Feature",
      "properties": {
        "generated_faskes_id": "FSK0093",
        "kecamatan": "Dukuh Pakis",
        "jenis_faskes": "Klinik Utama",
        "nama_faskes": "FDC",
        "penyelenggara": "swasta",
        "status_lokasi": "mapped"
      },
      "geometry": {
        "type": "Point",
        "coordinates": [
          112.76888366914665,
          -7.329220452663316
        ]
      }
    },
    {
      "type": "Feature",
      "properties": {
        "generated_faskes_id": "FSK0094",
        "kecamatan": "Dukuh Pakis",
        "jenis_faskes": "Klinik Utama",
        "nama_faskes": "INDENTAL VILLA BUKIT MAS",
        "penyelenggara": "swasta",
        "status_lokasi": "mapped"
      },
      "geometry": {
        "type": "Point",
        "coordinates": [
          112.7719677390958,
          -7.341148596797105
        ]
      }
    },
    {
      "type": "Feature",
      "properties": {
        "generated_faskes_id": "FSK0095",
        "kecamatan": "Dukuh Pakis",
        "jenis_faskes": "Rumah Sakit Umum",
        "nama_faskes": "RS Marinir Ewa Pangalila Gunungsari",
        "penyelenggara": "TNI/POLRI",
        "status_lokasi": "mapped"
      },
      "geometry": {
        "type": "Point",
        "coordinates": [
          112.75248589217668,
          -7.343115450269351
        ]
      }
    },
    {
      "type": "Feature",
      "properties": {
        "generated_faskes_id": "FSK0096",
        "kecamatan": "Gayungan",
        "jenis_faskes": "Apotek",
        "nama_faskes": "KIMIA FARMA KETINTANG",
        "penyelenggara": "lainnya",
        "status_lokasi": "mapped"
      },
      "geometry": {
        "type": "Point",
        "coordinates": [
          112.80840348725614,
          -7.328790863806731
        ]
      }
    },
    {
      "type": "Feature",
      "properties": {
        "generated_faskes_id": "FSK0097",
        "kecamatan": "Gayungan",
        "jenis_faskes": "Puskesmas Induk",
        "nama_faskes": "Puskesmas Gayungan",
        "penyelenggara": "Pemerintah Kota",
        "status_lokasi": "mapped"
      },
      "geometry": {
        "type": "Point",
        "coordinates": [
          112.79719132169497,
          -7.333621205647237
        ]
      }
    },
    {
      "type": "Feature",
      "properties": {
        "generated_faskes_id": "FSK0098",
        "kecamatan": "Gayungan",
        "jenis_faskes": "Puskesmas Pembantu (Pustu)",
        "nama_faskes": "Pustu Dukuh Menanggal",
        "penyelenggara": "Pemerintah Kota",
        "status_lokasi": "mapped"
      },
      "geometry": {
        "type": "Point",
        "coordinates": [
          112.78963660014996,
          -7.327952181378949
        ]
      }
    },
    {
      "type": "Feature",
      "properties": {
        "generated_faskes_id": "FSK0099",
        "kecamatan": "Gayungan",
        "jenis_faskes": "Labkesda/GFK",
        "nama_faskes": "Labkesda Kota Surabaya",
        "penyelenggara": "Pemerintah Kota",
        "status_lokasi": "mapped"
      },
      "geometry": {
        "type": "Point",
        "coordinates": [
          112.8109381708866,
          -7.327102889396265
        ]
      }
    },
    {
      "type": "Feature",
      "properties": {
        "generated_faskes_id": "FSK0100",
        "kecamatan": "Gayungan",
        "jenis_faskes": "Rumah Sakit Khusus",
        "nama_faskes": "RS Mata Masyarakat Jawa Timur",
        "penyelenggara": "Pemerintah Provinsi",
        "status_lokasi": "mapped"
      },
      "geometry": {
        "type": "Point",
        "coordinates": [
          112.8093231515982,
          -7.328840702914506
        ]
      }
    },
    {
      "type": "Feature",
      "properties": {
        "generated_faskes_id": "FSK0101",
        "kecamatan": "Gayungan",
        "jenis_faskes": "Rumah Sakit Umum",
        "nama_faskes": "RS Bhakti Rahayu",
        "penyelenggara": "Swasta",
        "status_lokasi": "mapped"
      },
      "geometry": {
        "type": "Point",
        "coordinates": [
          112.78574359085694,
          -7.331496318017823
        ]
      }
    },
    {
      "type": "Feature",
      "properties": {
        "generated_faskes_id": "FSK0102",
        "kecamatan": "Gayungan",
        "jenis_faskes": "Apotek",
        "nama_faskes": "DHARMA",
        "penyelenggara": "swasta",
        "status_lokasi": "mapped"
      },
      "geometry": {
        "type": "Point",
        "coordinates": [
          112.79496556403839,
          -7.327935042089114
        ]
      }
    },
    {
      "type": "Feature",
      "properties": {
        "generated_faskes_id": "FSK0103",
        "kecamatan": "Gayungan",
        "jenis_faskes": "Apotek",
        "nama_faskes": "NEW BINTANG",
        "penyelenggara": "swasta",
        "status_lokasi": "mapped"
      },
      "geometry": {
        "type": "Point",
        "coordinates": [
          112.80906705416811,
          -7.329158826146453
        ]
      }
    },
    {
      "type": "Feature",
      "properties": {
        "generated_faskes_id": "FSK0104",
        "kecamatan": "Gayungan",
        "jenis_faskes": "Apotek",
        "nama_faskes": "RINDANG FARMA",
        "penyelenggara": "swasta",
        "status_lokasi": "mapped"
      },
      "geometry": {
        "type": "Point",
        "coordinates": [
          112.80932247949723,
          -7.3401085619907676
        ]
      }
    },
    {
      "type": "Feature",
      "properties": {
        "generated_faskes_id": "FSK0105",
        "kecamatan": "Gayungan",
        "jenis_faskes": "Apotek",
        "nama_faskes": "K - 24 MENANGGAL",
        "penyelenggara": "swasta",
        "status_lokasi": "mapped"
      },
      "geometry": {
        "type": "Point",
        "coordinates": [
          112.80862123527406,
          -7.343018246849279
        ]
      }
    },
    {
      "type": "Feature",
      "properties": {
        "generated_faskes_id": "FSK0106",
        "kecamatan": "Gayungan",
        "jenis_faskes": "Apotek",
        "nama_faskes": "CIKAL",
        "penyelenggara": "swasta",
        "status_lokasi": "mapped"
      },
      "geometry": {
        "type": "Point",
        "coordinates": [
          112.81116500348718,
          -7.329259123725474
        ]
      }
    },
    {
      "type": "Feature",
      "properties": {
        "generated_faskes_id": "FSK0107",
        "kecamatan": "Gayungan",
        "jenis_faskes": "Apotek",
        "nama_faskes": "PAHALA KETINTANG",
        "penyelenggara": "swasta",
        "status_lokasi": "mapped"
      },
      "geometry": {
        "type": "Point",
        "coordinates": [
          112.79167301152637,
          -7.330029245564056
        ]
      }
    },
    {
      "type": "Feature",
      "properties": {
        "generated_faskes_id": "FSK0108",
        "kecamatan": "Gayungan",
        "jenis_faskes": "Apotek",
        "nama_faskes": "K - 24 GAYUNGAN",
        "penyelenggara": "swasta",
        "status_lokasi": "mapped"
      },
      "geometry": {
        "type": "Point",
        "coordinates": [
          112.79880909704036,
          -7.339404834098792
        ]
      }
    },
    {
      "type": "Feature",
      "properties": {
        "generated_faskes_id": "FSK0109",
        "kecamatan": "Gayungan",
        "jenis_faskes": "Apotek",
        "nama_faskes": "MEDSENTRAL",
        "penyelenggara": "swasta",
        "status_lokasi": "mapped"
      },
      "geometry": {
        "type": "Point",
        "coordinates": [
          112.80886036497458,
          -7.34082741606419
        ]
      }
    },
    {
      "type": "Feature",
      "properties": {
        "generated_faskes_id": "FSK0110",
        "kecamatan": "Gayungan",
        "jenis_faskes": "Apotek",
        "nama_faskes": "TELKOMEDIKA KETINTANG",
        "penyelenggara": "swasta",
        "status_lokasi": "mapped"
      },
      "geometry": {
        "type": "Point",
        "coordinates": [
          112.78570993304103,
          -7.341459287213992
        ]
      }
    },
    {
      "type": "Feature",
      "properties": {
        "generated_faskes_id": "FSK0111",
        "kecamatan": "Gayungan",
        "jenis_faskes": "Toko Obat",
        "nama_faskes": "BOSTON HEALTH & BEAUTY CITO / HYPERMART CITO",
        "penyelenggara": "swasta",
        "status_lokasi": "mapped"
      },
      "geometry": {
        "type": "Point",
        "coordinates": [
          112.79484785853593,
          -7.329153529396111
        ]
      }
    },
    {
      "type": "Feature",
      "properties": {
        "generated_faskes_id": "FSK0112",
        "kecamatan": "Gayungan",
        "jenis_faskes": "Toko Obat",
        "nama_faskes": "GUARDIAN ROYAL PLAZA",
        "penyelenggara": "swasta",
        "status_lokasi": "mapped"
      },
      "geometry": {
        "type": "Point",
        "coordinates": [
          112.81400667312145,
          -7.3398827084667655
        ]
      }
    },
    {
      "type": "Feature",
      "properties": {
        "generated_faskes_id": "FSK0113",
        "kecamatan": "Gayungan",
        "jenis_faskes": "Klinik Pratama",
        "nama_faskes": "PONDOK KASIH",
        "penyelenggara": "swasta",
        "status_lokasi": "mapped"
      },
      "geometry": {
        "type": "Point",
        "coordinates": [
          112.80424445215823,
          -7.337672562953399
        ]
      }
    },
    {
      "type": "Feature",
      "properties": {
        "generated_faskes_id": "FSK0114",
        "kecamatan": "Gayungan",
        "jenis_faskes": "Klinik Pratama",
        "nama_faskes": "ADI HAYATI",
        "penyelenggara": "swasta",
        "status_lokasi": "mapped"
      },
      "geometry": {
        "type": "Point",
        "coordinates": [
          112.81443449061595,
          -7.3351693782378895
        ]
      }
    },
    {
      "type": "Feature",
      "properties": {
        "generated_faskes_id": "FSK0115",
        "kecamatan": "Gayungan",
        "jenis_faskes": "Klinik Pratama",
        "nama_faskes": "YAKES TELKOM",
        "penyelenggara": "swasta",
        "status_lokasi": "mapped"
      },
      "geometry": {
        "type": "Point",
        "coordinates": [
          112.81317711420974,
          -7.342885401216057
        ]
      }
    },
    {
      "type": "Feature",
      "properties": {
        "generated_faskes_id": "FSK0116",
        "kecamatan": "Gayungan",
        "jenis_faskes": "Klinik Pratama",
        "nama_faskes": "DINA AKUPUNTUR & BEAUTY CARE",
        "penyelenggara": "swasta",
        "status_lokasi": "mapped"
      },
      "geometry": {
        "type": "Point",
        "coordinates": [
          112.81411201833066,
          -7.341726256703504
        ]
      }
    },
    {
      "type": "Feature",
      "properties": {
        "generated_faskes_id": "FSK0117",
        "kecamatan": "Gayungan",
        "jenis_faskes": "Klinik Utama",
        "nama_faskes": "CITRA MEDICAL CENTRE",
        "penyelenggara": "swasta",
        "status_lokasi": "mapped"
      },
      "geometry": {
        "type": "Point",
        "coordinates": [
          112.81387602947285,
          -7.3401331166870785
        ]
      }
    },
    {
      "type": "Feature",
      "properties": {
        "generated_faskes_id": "FSK0118",
        "kecamatan": "Gayungan",
        "jenis_faskes": "Klinik Utama",
        "nama_faskes": "USADA BUANA",
        "penyelenggara": "swasta",
        "status_lokasi": "mapped"
      },
      "geometry": {
        "type": "Point",
        "coordinates": [
          112.78825207641644,
          -7.337032997759648
        ]
      }
    },
    {
      "type": "Feature",
      "properties": {
        "generated_faskes_id": "FSK0119",
        "kecamatan": "Gayungan",
        "jenis_faskes": "Klinik Utama",
        "nama_faskes": "HAFIRA SKIN CARE",
        "penyelenggara": "swasta",
        "status_lokasi": "mapped"
      },
      "geometry": {
        "type": "Point",
        "coordinates": [
          112.80685635181958,
          -7.339249249239758
        ]
      }
    },
    {
      "type": "Feature",
      "properties": {
        "generated_faskes_id": "FSK0120",
        "kecamatan": "Gayungan",
        "jenis_faskes": "Klinik Utama",
        "nama_faskes": "SURYA DIAGNOSA MEDIKA",
        "penyelenggara": "swasta",
        "status_lokasi": "mapped"
      },
      "geometry": {
        "type": "Point",
        "coordinates": [
          112.80318626559918,
          -7.335623910572726
        ]
      }
    },
    {
      "type": "Feature",
      "properties": {
        "generated_faskes_id": "FSK0121",
        "kecamatan": "Gayungan",
        "jenis_faskes": "Klinik Utama",
        "nama_faskes": "DINA",
        "penyelenggara": "swasta",
        "status_lokasi": "mapped"
      },
      "geometry": {
        "type": "Point",
        "coordinates": [
          112.79655586300034,
          -7.334429219202562
        ]
      }
    },
    {
      "type": "Feature",
      "properties": {
        "generated_faskes_id": "FSK0122",
        "kecamatan": "Gayungan",
        "jenis_faskes": "Klinik Utama",
        "nama_faskes": "CONFIDENTS DENTAL HOUSE",
        "penyelenggara": "swasta",
        "status_lokasi": "mapped"
      },
      "geometry": {
        "type": "Point",
        "coordinates": [
          112.79264167518416,
          -7.332005603129707
        ]
      }
    },
    {
      "type": "Feature",
      "properties": {
        "generated_faskes_id": "FSK0123",
        "kecamatan": "Gayungan",
        "jenis_faskes": "Rumah Sakit Umum",
        "nama_faskes": "RS Bhayangkara TK II HS. Samsoeri Mertojoso",
        "penyelenggara": "TNI/POLRI",
        "status_lokasi": "mapped"
      },
      "geometry": {
        "type": "Point",
        "coordinates": [
          112.78505073834656,
          -7.32803112196585
        ]
      }
    },
    {
      "type": "Feature",
      "properties": {
        "generated_faskes_id": "FSK0124",
        "kecamatan": "Gayungan",
        "jenis_faskes": "Klinik Pratama",
        "nama_faskes": "BIDDOKES AHMAD YANI",
        "penyelenggara": "TNI/POLRI",
        "status_lokasi": "mapped"
      },
      "geometry": {
        "type": "Point",
        "coordinates": [
          112.80115355991278,
          -7.331810450015677
        ]
      }
    },
    {
      "type": "Feature",
      "properties": {
        "generated_faskes_id": "FSK0125",
        "kecamatan": "Genteng",
        "jenis_faskes": "Apotek",
        "nama_faskes": "KIMIA FARMA KUSUMA BANGSA",
        "penyelenggara": "lainnya",
        "status_lokasi": "mapped"
      },
      "geometry": {
        "type": "Point",
        "coordinates": [
          112.60725850233518,
          -7.304371810752062
        ]
      }
    },
    {
      "type": "Feature",
      "properties": {
        "generated_faskes_id": "FSK0126",
        "kecamatan": "Genteng",
        "jenis_faskes": "Apotek",
        "nama_faskes": "KIMIA FARMA UNDAAN",
        "penyelenggara": "lainnya",
        "status_lokasi": "mapped"
      },
      "geometry": {
        "type": "Point",
        "coordinates": [
          112.59592664415344,
          -7.315383813462684
        ]
      }
    },
    {
      "type": "Feature",
      "properties": {
        "generated_faskes_id": "FSK0127",
        "kecamatan": "Genteng",
        "jenis_faskes": "Puskesmas Induk",
        "nama_faskes": "Puskesmas Ketabang",
        "penyelenggara": "Pemerintah Kota",
        "status_lokasi": "mapped"
      },
      "geometry": {
        "type": "Point",
        "coordinates": [
          112.60492713054734,
          -7.310612999339218
        ]
      }
    },
    {
      "type": "Feature",
      "properties": {
        "generated_faskes_id": "FSK0128",
        "kecamatan": "Genteng",
        "jenis_faskes": "Puskesmas Induk",
        "nama_faskes": "Puskesmas Peneleh",
        "penyelenggara": "Pemerintah Kota",
        "status_lokasi": "mapped"
      },
      "geometry": {
        "type": "Point",
        "coordinates": [
          112.59441746935175,
          -7.301119719875717
        ]
      }
    },
    {
      "type": "Feature",
      "properties": {
        "generated_faskes_id": "FSK0129",
        "kecamatan": "Genteng",
        "jenis_faskes": "Puskesmas Pembantu (Pustu)",
        "nama_faskes": "Pustu Embong Kaliasin",
        "penyelenggara": "Pemerintah Kota",
        "status_lokasi": "mapped"
      },
      "geometry": {
        "type": "Point",
        "coordinates": [
          112.60659262789042,
          -7.3111607584161264
        ]
      }
    },
    {
      "type": "Feature",
      "properties": {
        "generated_faskes_id": "FSK0130",
        "kecamatan": "Genteng",
        "jenis_faskes": "Rumah Sakit Umum",
        "nama_faskes": "RS Adi Husada Undaan",
        "penyelenggara": "Swasta",
        "status_lokasi": "mapped"
      },
      "geometry": {
        "type": "Point",
        "coordinates": [
          112.59427853986625,
          -7.309179463341981
        ]
      }
    },
    {
      "type": "Feature",
      "properties": {
        "generated_faskes_id": "FSK0131",
        "kecamatan": "Genteng",
        "jenis_faskes": "Rumah Sakit Khusus",
        "nama_faskes": "RS Mata Undaan",
        "penyelenggara": "Swasta",
        "status_lokasi": "mapped"
      },
      "geometry": {
        "type": "Point",
        "coordinates": [
          112.59707201161173,
          -7.311246321287024
        ]
      }
    },
    {
      "type": "Feature",
      "properties": {
        "generated_faskes_id": "FSK0132",
        "kecamatan": "Genteng",
        "jenis_faskes": "Apotek",
        "nama_faskes": "METRO FARMA",
        "penyelenggara": "swasta",
        "status_lokasi": "mapped"
      },
      "geometry": {
        "type": "Point",
        "coordinates": [
          112.58881863397177,
          -7.308958483880829
        ]
      }
    },
    {
      "type": "Feature",
      "properties": {
        "generated_faskes_id": "FSK0133",
        "kecamatan": "Genteng",
        "jenis_faskes": "Apotek",
        "nama_faskes": "LISTI FARMA",
        "penyelenggara": "swasta",
        "status_lokasi": "mapped"
      },
      "geometry": {
        "type": "Point",
        "coordinates": [
          112.61321091012191,
          -7.304249171003333
        ]
      }
    },
    {
      "type": "Feature",
      "properties": {
        "generated_faskes_id": "FSK0134",
        "kecamatan": "Genteng",
        "jenis_faskes": "Apotek",
        "nama_faskes": "PRAYOGI",
        "penyelenggara": "swasta",
        "status_lokasi": "mapped"
      },
      "geometry": {
        "type": "Point",
        "coordinates": [
          112.61208416637199,
          -7.305382226540891
        ]
      }
    },
    {
      "type": "Feature",
      "properties": {
        "generated_faskes_id": "FSK0135",
        "kecamatan": "Genteng",
        "jenis_faskes": "Apotek",
        "nama_faskes": "TANJUNG",
        "penyelenggara": "swasta",
        "status_lokasi": "mapped"
      },
      "geometry": {
        "type": "Point",
        "coordinates": [
          112.59402849623696,
          -7.306621151092512
        ]
      }
    },
    {
      "type": "Feature",
      "properties": {
        "generated_faskes_id": "FSK0136",
        "kecamatan": "Genteng",
        "jenis_faskes": "Apotek",
        "nama_faskes": "POLYFARMA",
        "penyelenggara": "swasta",
        "status_lokasi": "mapped"
      },
      "geometry": {
        "type": "Point",
        "coordinates": [
          112.58501217819091,
          -7.311406581857403
        ]
      }
    },
    {
      "type": "Feature",
      "properties": {
        "generated_faskes_id": "FSK0137",
        "kecamatan": "Genteng",
        "jenis_faskes": "Apotek",
        "nama_faskes": "KUSUMA",
        "penyelenggara": "swasta",
        "status_lokasi": "mapped"
      },
      "geometry": {
        "type": "Point",
        "coordinates": [
          112.5978966444997,
          -7.306033612344746
        ]
      }
    },
    {
      "type": "Feature",
      "properties": {
        "generated_faskes_id": "FSK0138",
        "kecamatan": "Genteng",
        "jenis_faskes": "Apotek",
        "nama_faskes": "APOTEK HAPPY",
        "penyelenggara": "swasta",
        "status_lokasi": "mapped"
      },
      "geometry": {
        "type": "Point",
        "coordinates": [
          112.6046411687111,
          -7.308141883178805
        ]
      }
    },
    {
      "type": "Feature",
      "properties": {
        "generated_faskes_id": "FSK0139",
        "kecamatan": "Genteng",
        "jenis_faskes": "Apotek",
        "nama_faskes": "WATSONS PLAZA SURABAYA",
        "penyelenggara": "swasta",
        "status_lokasi": "mapped"
      },
      "geometry": {
        "type": "Point",
        "coordinates": [
          112.59826479397914,
          -7.312748807648533
        ]
      }
    },
    {
      "type": "Feature",
      "properties": {
        "generated_faskes_id": "FSK0140",
        "kecamatan": "Genteng",
        "jenis_faskes": "Apotek",
        "nama_faskes": "GUARDIAN SURABAYA PLAZA",
        "penyelenggara": "swasta",
        "status_lokasi": "mapped"
      },
      "geometry": {
        "type": "Point",
        "coordinates": [
          112.59919558557728,
          -7.300145018193148
        ]
      }
    },
    {
      "type": "Feature",
      "properties": {
        "generated_faskes_id": "FSK0141",
        "kecamatan": "Genteng",
        "jenis_faskes": "Apotek",
        "nama_faskes": "GUARDIAN GRAND CITY SURABAYA",
        "penyelenggara": "swasta",
        "status_lokasi": "mapped"
      },
      "geometry": {
        "type": "Point",
        "coordinates": [
          112.6088807428038,
          -7.3135556577363685
        ]
      }
    },
    {
      "type": "Feature",
      "properties": {
        "generated_faskes_id": "FSK0142",
        "kecamatan": "Genteng",
        "jenis_faskes": "Apotek",
        "nama_faskes": "WATSONS GRAND CITY MALL",
        "penyelenggara": "swasta",
        "status_lokasi": "mapped"
      },
      "geometry": {
        "type": "Point",
        "coordinates": [
          112.58754386610175,
          -7.307216713151554
        ]
      }
    },
    {
      "type": "Feature",
      "properties": {
        "generated_faskes_id": "FSK0143",
        "kecamatan": "Genteng",
        "jenis_faskes": "Toko Obat",
        "nama_faskes": "BAN SENG TONG",
        "penyelenggara": "swasta",
        "status_lokasi": "mapped"
      },
      "geometry": {
        "type": "Point",
        "coordinates": [
          112.60398822567298,
          -7.31052154865082
        ]
      }
    },
    {
      "type": "Feature",
      "properties": {
        "generated_faskes_id": "FSK0144",
        "kecamatan": "Genteng",
        "jenis_faskes": "Toko Obat",
        "nama_faskes": "SUMBER JAYA",
        "penyelenggara": "swasta",
        "status_lokasi": "mapped"
      },
      "geometry": {
        "type": "Point",
        "coordinates": [
          112.6095527039361,
          -7.302895800811753
        ]
      }
    },
    {
      "type": "Feature",
      "properties": {
        "generated_faskes_id": "FSK0145",
        "kecamatan": "Genteng",
        "jenis_faskes": "Toko Obat",
        "nama_faskes": "SUPER INDO DELTA PLAZA",
        "penyelenggara": "swasta",
        "status_lokasi": "mapped"
      },
      "geometry": {
        "type": "Point",
        "coordinates": [
          112.60518387011672,
          -7.312548254456716
        ]
      }
    },
    {
      "type": "Feature",
      "properties": {
        "generated_faskes_id": "FSK0146",
        "kecamatan": "Genteng",
        "jenis_faskes": "Klinik Pratama",
        "nama_faskes": "POLIKLINIK YAYASAN PEGAWAI BANK JATIM",
        "penyelenggara": "swasta",
        "status_lokasi": "mapped"
      },
      "geometry": {
        "type": "Point",
        "coordinates": [
          112.5909738979818,
          -7.316218867891674
        ]
      }
    },
    {
      "type": "Feature",
      "properties": {
        "generated_faskes_id": "FSK0147",
        "kecamatan": "Genteng",
        "jenis_faskes": "Klinik Pratama",
        "nama_faskes": "Dinas Pendidikan Propinsi Jawa Timur",
        "penyelenggara": "swasta",
        "status_lokasi": "mapped"
      },
      "geometry": {
        "type": "Point",
        "coordinates": [
          112.59234527632235,
          -7.307955833689322
        ]
      }
    },
    {
      "type": "Feature",
      "properties": {
        "generated_faskes_id": "FSK0148",
        "kecamatan": "Genteng",
        "jenis_faskes": "Klinik Pratama",
        "nama_faskes": "SENTUHAN KASIH BANGSA",
        "penyelenggara": "swasta",
        "status_lokasi": "mapped"
      },
      "geometry": {
        "type": "Point",
        "coordinates": [
          112.61049213083875,
          -7.315331482464949
        ]
      }
    },
    {
      "type": "Feature",
      "properties": {
        "generated_faskes_id": "FSK0149",
        "kecamatan": "Genteng",
        "jenis_faskes": "Klinik Pratama",
        "nama_faskes": "KARYA MEDIKA 41",
        "penyelenggara": "swasta",
        "status_lokasi": "mapped"
      },
      "geometry": {
        "type": "Point",
        "coordinates": [
          112.59743323032993,
          -7.305120968019808
        ]
      }
    },
    {
      "type": "Feature",
      "properties": {
        "generated_faskes_id": "FSK0150",
        "kecamatan": "Genteng",
        "jenis_faskes": "Klinik Pratama",
        "nama_faskes": "SKIN INNOVATION",
        "penyelenggara": "swasta",
        "status_lokasi": "mapped"
      },
      "geometry": {
        "type": "Point",
        "coordinates": [
          112.59083305710219,
          -7.30390017207434
        ]
      }
    },
    {
      "type": "Feature",
      "properties": {
        "generated_faskes_id": "FSK0151",
        "kecamatan": "Genteng",
        "jenis_faskes": "Klinik Pratama",
        "nama_faskes": "GRAHA dr. YANTI",
        "penyelenggara": "swasta",
        "status_lokasi": "mapped"
      },
      "geometry": {
        "type": "Point",
        "coordinates": [
          112.59983131507032,
          -7.312193618607728
        ]
      }
    },
    {
      "type": "Feature",
      "properties": {
        "generated_faskes_id": "FSK0152",
        "kecamatan": "Genteng",
        "jenis_faskes": "Klinik Pratama",
        "nama_faskes": "MARIA ELIZABETH",
        "penyelenggara": "swasta",
        "status_lokasi": "mapped"
      },
      "geometry": {
        "type": "Point",
        "coordinates": [
          112.60468174033336,
          -7.316565011667469
        ]
      }
    },
    {
      "type": "Feature",
      "properties": {
        "generated_faskes_id": "FSK0153",
        "kecamatan": "Genteng",
        "jenis_faskes": "Klinik Pratama",
        "nama_faskes": "LAURENT'S",
        "penyelenggara": "swasta",
        "status_lokasi": "mapped"
      },
      "geometry": {
        "type": "Point",
        "coordinates": [
          112.60752893429856,
          -7.302549153209476
        ]
      }
    },
    {
      "type": "Feature",
      "properties": {
        "generated_faskes_id": "FSK0154",
        "kecamatan": "Genteng",
        "jenis_faskes": "Klinik Pratama",
        "nama_faskes": "ADINA MEDIKA",
        "penyelenggara": "swasta",
        "status_lokasi": "mapped"
      },
      "geometry": {
        "type": "Point",
        "coordinates": [
          112.5881976188969,
          -7.308872319777716
        ]
      }
    },
    {
      "type": "Feature",
      "properties": {
        "generated_faskes_id": "FSK0155",
        "kecamatan": "Genteng",
        "jenis_faskes": "Klinik Pratama",
        "nama_faskes": "KELUARGA PINTAR",
        "penyelenggara": "swasta",
        "status_lokasi": "mapped"
      },
      "geometry": {
        "type": "Point",
        "coordinates": [
          112.59027660045119,
          -7.299103955891542
        ]
      }
    },
    {
      "type": "Feature",
      "properties": {
        "generated_faskes_id": "FSK0156",
        "kecamatan": "Genteng",
        "jenis_faskes": "Klinik Utama",
        "nama_faskes": "EAGLES HEAD MEDICAL CENTRE",
        "penyelenggara": "swasta",
        "status_lokasi": "mapped"
      },
      "geometry": {
        "type": "Point",
        "coordinates": [
          112.60053873251331,
          -7.315745996272422
        ]
      }
    },
    {
      "type": "Feature",
      "properties": {
        "generated_faskes_id": "FSK0157",
        "kecamatan": "Genteng",
        "jenis_faskes": "Klinik Utama",
        "nama_faskes": "KAYOON",
        "penyelenggara": "swasta",
        "status_lokasi": "mapped"
      },
      "geometry": {
        "type": "Point",
        "coordinates": [
          112.59247594838979,
          -7.301113833631886
        ]
      }
    },
    {
      "type": "Feature",
      "properties": {
        "generated_faskes_id": "FSK0158",
        "kecamatan": "Genteng",
        "jenis_faskes": "Klinik Utama",
        "nama_faskes": "L' VIORS",
        "penyelenggara": "swasta",
        "status_lokasi": "mapped"
      },
      "geometry": {
        "type": "Point",
        "coordinates": [
          112.59869385476411,
          -7.3019740289684245
        ]
      }
    },
    {
      "type": "Feature",
      "properties": {
        "generated_faskes_id": "FSK0159",
        "kecamatan": "Genteng",
        "jenis_faskes": "Klinik Utama",
        "nama_faskes": "PRIMA",
        "penyelenggara": "swasta",
        "status_lokasi": "mapped"
      },
      "geometry": {
        "type": "Point",
        "coordinates": [
          112.6050273319776,
          -7.298555305027115
        ]
      }
    },
    {
      "type": "Feature",
      "properties": {
        "generated_faskes_id": "FSK0160",
        "kecamatan": "Genteng",
        "jenis_faskes": "Klinik Utama",
        "nama_faskes": "GLENEAGLES",
        "penyelenggara": "swasta",
        "status_lokasi": "mapped"
      },
      "geometry": {
        "type": "Point",
        "coordinates": [
          112.60286356955409,
          -7.299249273845208
        ]
      }
    },
    {
      "type": "Feature",
      "properties": {
        "generated_faskes_id": "FSK0161",
        "kecamatan": "Genteng",
        "jenis_faskes": "Klinik Utama",
        "nama_faskes": "WIBOWO DENTAL CLINIC",
        "penyelenggara": "swasta",
        "status_lokasi": "mapped"
      },
      "geometry": {
        "type": "Point",
        "coordinates": [
          112.61174277777432,
          -7.305434707416034
        ]
      }
    },
    {
      "type": "Feature",
      "properties": {
        "generated_faskes_id": "FSK0162",
        "kecamatan": "Genteng",
        "jenis_faskes": "Klinik Utama",
        "nama_faskes": "PADMA BAHTERA",
        "penyelenggara": "swasta",
        "status_lokasi": "mapped"
      },
      "geometry": {
        "type": "Point",
        "coordinates": [
          112.60657821883828,
          -7.307412400311552
        ]
      }
    },
    {
      "type": "Feature",
      "properties": {
        "generated_faskes_id": "FSK0163",
        "kecamatan": "Gubeng",
        "jenis_faskes": "Rumah Sakit Khusus",
        "nama_faskes": "RS Gigi dan Mulut FKG Universitas Airlangga",
        "penyelenggara": "Kementrian Lain",
        "status_lokasi": "mapped"
      },
      "geometry": {
        "type": "Point",
        "coordinates": [
          112.64991707509164,
          -7.306622347572135
        ]
      }
    },
    {
      "type": "Feature",
      "properties": {
        "generated_faskes_id": "FSK0164",
        "kecamatan": "Gubeng",
        "jenis_faskes": "Apotek",
        "nama_faskes": "KIMIA FARMA 35",
        "penyelenggara": "lainnya",
        "status_lokasi": "mapped"
      },
      "geometry": {
        "type": "Point",
        "coordinates": [
          112.651916243097,
          -7.303032983560407
        ]
      }
    },
    {
      "type": "Feature",
      "properties": {
        "generated_faskes_id": "FSK0165",
        "kecamatan": "Gubeng",
        "jenis_faskes": "Apotek",
        "nama_faskes": "KIMIA FARMA KALIBOKOR",
        "penyelenggara": "lainnya",
        "status_lokasi": "mapped"
      },
      "geometry": {
        "type": "Point",
        "coordinates": [
          112.63924023310469,
          -7.311914821611475
        ]
      }
    },
    {
      "type": "Feature",
      "properties": {
        "generated_faskes_id": "FSK0166",
        "kecamatan": "Gubeng",
        "jenis_faskes": "Apotek",
        "nama_faskes": "KIMIA FARMA DHARMAHUSADA",
        "penyelenggara": "lainnya",
        "status_lokasi": "mapped"
      },
      "geometry": {
        "type": "Point",
        "coordinates": [
          112.63241719212529,
          -7.304976206992436
        ]
      }
    },
    {
      "type": "Feature",
      "properties": {
        "generated_faskes_id": "FSK0167",
        "kecamatan": "Gubeng",
        "jenis_faskes": "Puskesmas Induk",
        "nama_faskes": "Puskesmas Mojo",
        "penyelenggara": "Pemerintah Kota",
        "status_lokasi": "mapped"
      },
      "geometry": {
        "type": "Point",
        "coordinates": [
          112.64797441052892,
          -7.307109503431486
        ]
      }
    },
    {
      "type": "Feature",
      "properties": {
        "generated_faskes_id": "FSK0168",
        "kecamatan": "Gubeng",
        "jenis_faskes": "Puskesmas Induk",
        "nama_faskes": "Puskesmas Pucang Sewu",
        "penyelenggara": "Pemerintah Kota",
        "status_lokasi": "mapped"
      },
      "geometry": {
        "type": "Point",
        "coordinates": [
          112.64380245310946,
          -7.311632380139844
        ]
      }
    },
    {
      "type": "Feature",
      "properties": {
        "generated_faskes_id": "FSK0169",
        "kecamatan": "Gubeng",
        "jenis_faskes": "Puskesmas Pembantu (Pustu)",
        "nama_faskes": "Pustu Baratajaya",
        "penyelenggara": "Pemerintah Kota",
        "status_lokasi": "mapped"
      },
      "geometry": {
        "type": "Point",
        "coordinates": [
          112.62732450061594,
          -7.311428317234175
        ]
      }
    },
    {
      "type": "Feature",
      "properties": {
        "generated_faskes_id": "FSK0170",
        "kecamatan": "Gubeng",
        "jenis_faskes": "Puskesmas Pembantu (Pustu)",
        "nama_faskes": "Pustu Gubeng Klingsingan",
        "penyelenggara": "Pemerintah Kota",
        "status_lokasi": "mapped"
      },
      "geometry": {
        "type": "Point",
        "coordinates": [
          112.63315145321246,
          -7.310805324578989
        ]
      }
    },
    {
      "type": "Feature",
      "properties": {
        "generated_faskes_id": "FSK0171",
        "kecamatan": "Gubeng",
        "jenis_faskes": "Klinik Pratama",
        "nama_faskes": "BNN KOTA SURABAYA",
        "penyelenggara": "Pemerintah Kota Surabaya",
        "status_lokasi": "mapped"
      },
      "geometry": {
        "type": "Point",
        "coordinates": [
          112.64120456667555,
          -7.314129808872203
        ]
      }
    },
    {
      "type": "Feature",
      "properties": {
        "generated_faskes_id": "FSK0172",
        "kecamatan": "Gubeng",
        "jenis_faskes": "Rumah Sakit Khusus",
        "nama_faskes": "RS Jiwa Menur",
        "penyelenggara": "Pemerintah Provinsi",
        "status_lokasi": "mapped"
      },
      "geometry": {
        "type": "Point",
        "coordinates": [
          112.63193784439184,
          -7.303944253441184
        ]
      }
    },
    {
      "type": "Feature",
      "properties": {
        "generated_faskes_id": "FSK0173",
        "kecamatan": "Gubeng",
        "jenis_faskes": "Rumah Sakit Umum",
        "nama_faskes": "RS Umum Siloam Hospitals Surabaya",
        "penyelenggara": "Swasta",
        "status_lokasi": "mapped"
      },
      "geometry": {
        "type": "Point",
        "coordinates": [
          112.64619257425083,
          -7.315489137736912
        ]
      }
    },
    {
      "type": "Feature",
      "properties": {
        "generated_faskes_id": "FSK0174",
        "kecamatan": "Gubeng",
        "jenis_faskes": "Rumah Sakit Khusus",
        "nama_faskes": "RS Ibu dan Anak Pura Raharja",
        "penyelenggara": "Swasta",
        "status_lokasi": "mapped"
      },
      "geometry": {
        "type": "Point",
        "coordinates": [
          112.63722798108999,
          -7.306718795757428
        ]
      }
    },
    {
      "type": "Feature",
      "properties": {
        "generated_faskes_id": "FSK0175",
        "kecamatan": "Gubeng",
        "jenis_faskes": "Rumah Sakit Khusus",
        "nama_faskes": "RS Ibu dan Anak Ferina",
        "penyelenggara": "Swasta",
        "status_lokasi": "mapped"
      },
      "geometry": {
        "type": "Point",
        "coordinates": [
          112.6374732270231,
          -7.3128747028589025
        ]
      }
    },
    {
      "type": "Feature",
      "properties": {
        "generated_faskes_id": "FSK0176",
        "kecamatan": "Gubeng",
        "jenis_faskes": "Apotek",
        "nama_faskes": "ALISA",
        "penyelenggara": "swasta",
        "status_lokasi": "mapped"
      },
      "geometry": {
        "type": "Point",
        "coordinates": [
          112.6376043055332,
          -7.300077961230429
        ]
      }
    },
    {
      "type": "Feature",
      "properties": {
        "generated_faskes_id": "FSK0177",
        "kecamatan": "Gubeng",
        "jenis_faskes": "Apotek",
        "nama_faskes": "KIMIA FARMA 24",
        "penyelenggara": "swasta",
        "status_lokasi": "mapped"
      },
      "geometry": {
        "type": "Point",
        "coordinates": [
          112.64252238242612,
          -7.303915411914203
        ]
      }
    },
    {
      "type": "Feature",
      "properties": {
        "generated_faskes_id": "FSK0178",
        "kecamatan": "Gubeng",
        "jenis_faskes": "Apotek",
        "nama_faskes": "AGRIPA",
        "penyelenggara": "swasta",
        "status_lokasi": "mapped"
      },
      "geometry": {
        "type": "Point",
        "coordinates": [
          112.65070196096912,
          -7.302630766104501
        ]
      }
    },
    {
      "type": "Feature",
      "properties": {
        "generated_faskes_id": "FSK0179",
        "kecamatan": "Gubeng",
        "jenis_faskes": "Apotek",
        "nama_faskes": "SALMA FARMA",
        "penyelenggara": "swasta",
        "status_lokasi": "mapped"
      },
      "geometry": {
        "type": "Point",
        "coordinates": [
          112.63641143086784,
          -7.31655857180096
        ]
      }
    },
    {
      "type": "Feature",
      "properties": {
        "generated_faskes_id": "FSK0180",
        "kecamatan": "Gubeng",
        "jenis_faskes": "Apotek",
        "nama_faskes": "MARTURIA",
        "penyelenggara": "swasta",
        "status_lokasi": "mapped"
      },
      "geometry": {
        "type": "Point",
        "coordinates": [
          112.63555276408016,
          -7.302852956040578
        ]
      }
    },
    {
      "type": "Feature",
      "properties": {
        "generated_faskes_id": "FSK0181",
        "kecamatan": "Gubeng",
        "jenis_faskes": "Apotek",
        "nama_faskes": "TRIMAS",
        "penyelenggara": "swasta",
        "status_lokasi": "mapped"
      },
      "geometry": {
        "type": "Point",
        "coordinates": [
          112.65060343851708,
          -7.299187110461381
        ]
      }
    },
    {
      "type": "Feature",
      "properties": {
        "generated_faskes_id": "FSK0182",
        "kecamatan": "Gubeng",
        "jenis_faskes": "Apotek",
        "nama_faskes": "MENTARI FARMA",
        "penyelenggara": "swasta",
        "status_lokasi": "mapped"
      },
      "geometry": {
        "type": "Point",
        "coordinates": [
          112.63757063847889,
          -7.302962212735402
        ]
      }
    },
    {
      "type": "Feature",
      "properties": {
        "generated_faskes_id": "FSK0183",
        "kecamatan": "Gubeng",
        "jenis_faskes": "Apotek",
        "nama_faskes": "BHINEKA FARMA",
        "penyelenggara": "swasta",
        "status_lokasi": "mapped"
      },
      "geometry": {
        "type": "Point",
        "coordinates": [
          112.64138396929202,
          -7.30560703586941
        ]
      }
    },
    {
      "type": "Feature",
      "properties": {
        "generated_faskes_id": "FSK0184",
        "kecamatan": "Gubeng",
        "jenis_faskes": "Apotek",
        "nama_faskes": "ASRI FARMA",
        "penyelenggara": "swasta",
        "status_lokasi": "mapped"
      },
      "geometry": {
        "type": "Point",
        "coordinates": [
          112.63161616082971,
          -7.312643936698607
        ]
      }
    },
    {
      "type": "Feature",
      "properties": {
        "generated_faskes_id": "FSK0185",
        "kecamatan": "Gubeng",
        "jenis_faskes": "Apotek",
        "nama_faskes": "KALIDAMI FARMA",
        "penyelenggara": "swasta",
        "status_lokasi": "mapped"
      },
      "geometry": {
        "type": "Point",
        "coordinates": [
          112.63807507928139,
          -7.316134544967643
        ]
      }
    },
    {
      "type": "Feature",
      "properties": {
        "generated_faskes_id": "FSK0186",
        "kecamatan": "Gubeng",
        "jenis_faskes": "Apotek",
        "nama_faskes": "OKTA",
        "penyelenggara": "swasta",
        "status_lokasi": "mapped"
      },
      "geometry": {
        "type": "Point",
        "coordinates": [
          112.63508388631095,
          -7.304215732107814
        ]
      }
    },
    {
      "type": "Feature",
      "properties": {
        "generated_faskes_id": "FSK0187",
        "kecamatan": "Gubeng",
        "jenis_faskes": "Apotek",
        "nama_faskes": "SURYASARI SEJAHTERA",
        "penyelenggara": "swasta",
        "status_lokasi": "mapped"
      },
      "geometry": {
        "type": "Point",
        "coordinates": [
          112.63712950007412,
          -7.313640846594602
        ]
      }
    },
    {
      "type": "Feature",
      "properties": {
        "generated_faskes_id": "FSK0188",
        "kecamatan": "Gubeng",
        "jenis_faskes": "Apotek",
        "nama_faskes": "NGAGEL JAYA",
        "penyelenggara": "swasta",
        "status_lokasi": "mapped"
      },
      "geometry": {
        "type": "Point",
        "coordinates": [
          112.63902170447697,
          -7.314326823716512
        ]
      }
    },
    {
      "type": "Feature",
      "properties": {
        "generated_faskes_id": "FSK0189",
        "kecamatan": "Gubeng",
        "jenis_faskes": "Apotek",
        "nama_faskes": "PEMUDA",
        "penyelenggara": "swasta",
        "status_lokasi": "mapped"
      },
      "geometry": {
        "type": "Point",
        "coordinates": [
          112.64366770882923,
          -7.3161722817150725
        ]
      }
    },
    {
      "type": "Feature",
      "properties": {
        "generated_faskes_id": "FSK0190",
        "kecamatan": "Gubeng",
        "jenis_faskes": "Apotek",
        "nama_faskes": "MULYA HUSADA",
        "penyelenggara": "swasta",
        "status_lokasi": "mapped"
      },
      "geometry": {
        "type": "Point",
        "coordinates": [
          112.6368206076902,
          -7.306319480311212
        ]
      }
    },
    {
      "type": "Feature",
      "properties": {
        "generated_faskes_id": "FSK0191",
        "kecamatan": "Gubeng",
        "jenis_faskes": "Apotek",
        "nama_faskes": "PUCANG",
        "penyelenggara": "swasta",
        "status_lokasi": "mapped"
      },
      "geometry": {
        "type": "Point",
        "coordinates": [
          112.6258130613902,
          -7.304882923119829
        ]
      }
    },
    {
      "type": "Feature",
      "properties": {
        "generated_faskes_id": "FSK0192",
        "kecamatan": "Gubeng",
        "jenis_faskes": "Apotek",
        "nama_faskes": "BAWEAN",
        "penyelenggara": "swasta",
        "status_lokasi": "mapped"
      },
      "geometry": {
        "type": "Point",
        "coordinates": [
          112.62907098461692,
          -7.308202195192389
        ]
      }
    },
    {
      "type": "Feature",
      "properties": {
        "generated_faskes_id": "FSK0193",
        "kecamatan": "Gubeng",
        "jenis_faskes": "Apotek",
        "nama_faskes": "MELIANA",
        "penyelenggara": "swasta",
        "status_lokasi": "mapped"
      },
      "geometry": {
        "type": "Point",
        "coordinates": [
          112.62650853900466,
          -7.30971642915655
        ]
      }
    },
    {
      "type": "Feature",
      "properties": {
        "generated_faskes_id": "FSK0194",
        "kecamatan": "Gubeng",
        "jenis_faskes": "Apotek",
        "nama_faskes": "DHARMAWANGSA",
        "penyelenggara": "swasta",
        "status_lokasi": "mapped"
      },
      "geometry": {
        "type": "Point",
        "coordinates": [
          112.63134980852634,
          -7.310674493577176
        ]
      }
    },
    {
      "type": "Feature",
      "properties": {
        "generated_faskes_id": "FSK0195",
        "kecamatan": "Gubeng",
        "jenis_faskes": "Apotek",
        "nama_faskes": "FARMASI AIRLANGGA",
        "penyelenggara": "swasta",
        "status_lokasi": "mapped"
      },
      "geometry": {
        "type": "Point",
        "coordinates": [
          112.64783689123682,
          -7.309716019381324
        ]
      }
    },
    {
      "type": "Feature",
      "properties": {
        "generated_faskes_id": "FSK0196",
        "kecamatan": "Gubeng",
        "jenis_faskes": "Apotek",
        "nama_faskes": "NGINDEN FARMA",
        "penyelenggara": "swasta",
        "status_lokasi": "mapped"
      },
      "geometry": {
        "type": "Point",
        "coordinates": [
          112.64756029470665,
          -7.301414721438819
        ]
      }
    },
    {
      "type": "Feature",
      "properties": {
        "generated_faskes_id": "FSK0197",
        "kecamatan": "Gubeng",
        "jenis_faskes": "Apotek",
        "nama_faskes": "TRIJAYA ABADI",
        "penyelenggara": "swasta",
        "status_lokasi": "mapped"
      },
      "geometry": {
        "type": "Point",
        "coordinates": [
          112.63256814595347,
          -7.31516505239937
        ]
      }
    },
    {
      "type": "Feature",
      "properties": {
        "generated_faskes_id": "FSK0198",
        "kecamatan": "Gubeng",
        "jenis_faskes": "Apotek",
        "nama_faskes": "K - 24 DHARMAHUSADA",
        "penyelenggara": "swasta",
        "status_lokasi": "mapped"
      },
      "geometry": {
        "type": "Point",
        "coordinates": [
          112.6255814986115,
          -7.3067773174547535
        ]
      }
    },
    {
      "type": "Feature",
      "properties": {
        "generated_faskes_id": "FSK0199",
        "kecamatan": "Gubeng",
        "jenis_faskes": "Apotek",
        "nama_faskes": "ALIN FARMA",
        "penyelenggara": "swasta",
        "status_lokasi": "mapped"
      },
      "geometry": {
        "type": "Point",
        "coordinates": [
          112.65499723485527,
          -7.3102507270317965
        ]
      }
    },
    {
      "type": "Feature",
      "properties": {
        "generated_faskes_id": "FSK0200",
        "kecamatan": "Gubeng",
        "jenis_faskes": "Apotek",
        "nama_faskes": "REJEKI",
        "penyelenggara": "swasta",
        "status_lokasi": "mapped"
      },
      "geometry": {
        "type": "Point",
        "coordinates": [
          112.6445043227975,
          -7.302344060757133
        ]
      }
    },
    {
      "type": "Feature",
      "properties": {
        "generated_faskes_id": "FSK0201",
        "kecamatan": "Gubeng",
        "jenis_faskes": "Apotek",
        "nama_faskes": "K-24 PASAR PUCANG",
        "penyelenggara": "swasta",
        "status_lokasi": "mapped"
      },
      "geometry": {
        "type": "Point",
        "coordinates": [
          112.64455263965732,
          -7.302839057925575
        ]
      }
    },
    {
      "type": "Feature",
      "properties": {
        "generated_faskes_id": "FSK0202",
        "kecamatan": "Gubeng",
        "jenis_faskes": "Apotek",
        "nama_faskes": "VIARA MED",
        "penyelenggara": "swasta",
        "status_lokasi": "mapped"
      },
      "geometry": {
        "type": "Point",
        "coordinates": [
          112.65348835198148,
          -7.313011720823353
        ]
      }
    },
    {
      "type": "Feature",
      "properties": {
        "generated_faskes_id": "FSK0203",
        "kecamatan": "Gubeng",
        "jenis_faskes": "Apotek",
        "nama_faskes": "VIVA APOTEK KALIDAMI",
        "penyelenggara": "swasta",
        "status_lokasi": "mapped"
      },
      "geometry": {
        "type": "Point",
        "coordinates": [
          112.62561140051962,
          -7.313872990327279
        ]
      }
    },
    {
      "type": "Feature",
      "properties": {
        "generated_faskes_id": "FSK0204",
        "kecamatan": "Gubeng",
        "jenis_faskes": "Apotek",
        "nama_faskes": "VIVA APOTEK GUBENG",
        "penyelenggara": "swasta",
        "status_lokasi": "mapped"
      },
      "geometry": {
        "type": "Point",
        "coordinates": [
          112.62878662924622,
          -7.304393254515301
        ]
      }
    },
    {
      "type": "Feature",
      "properties": {
        "generated_faskes_id": "FSK0205",
        "kecamatan": "Gubeng",
        "jenis_faskes": "Apotek",
        "nama_faskes": "INDOSEHAT",
        "penyelenggara": "swasta",
        "status_lokasi": "mapped"
      },
      "geometry": {
        "type": "Point",
        "coordinates": [
          112.64191908745791,
          -7.312670650083381
        ]
      }
    },
    {
      "type": "Feature",
      "properties": {
        "generated_faskes_id": "FSK0206",
        "kecamatan": "Gubeng",
        "jenis_faskes": "Apotek",
        "nama_faskes": "BINANGUN",
        "penyelenggara": "swasta",
        "status_lokasi": "mapped"
      },
      "geometry": {
        "type": "Point",
        "coordinates": [
          112.64598394913739,
          -7.3026068681968015
        ]
      }
    },
    {
      "type": "Feature",
      "properties": {
        "generated_faskes_id": "FSK0207",
        "kecamatan": "Gubeng",
        "jenis_faskes": "Apotek",
        "nama_faskes": "KASIH FARMA",
        "penyelenggara": "swasta",
        "status_lokasi": "mapped"
      },
      "geometry": {
        "type": "Point",
        "coordinates": [
          112.63003367430103,
          -7.305533795945332
        ]
      }
    },
    {
      "type": "Feature",
      "properties": {
        "generated_faskes_id": "FSK0208",
        "kecamatan": "Gubeng",
        "jenis_faskes": "Apotek",
        "nama_faskes": "K-24 JOJORAN",
        "penyelenggara": "swasta",
        "status_lokasi": "mapped"
      },
      "geometry": {
        "type": "Point",
        "coordinates": [
          112.64743776955866,
          -7.314566897358053
        ]
      }
    },
    {
      "type": "Feature",
      "properties": {
        "generated_faskes_id": "FSK0209",
        "kecamatan": "Gubeng",
        "jenis_faskes": "Apotek",
        "nama_faskes": "E-MEDICA KARANG MENJANGAN",
        "penyelenggara": "swasta",
        "status_lokasi": "mapped"
      },
      "geometry": {
        "type": "Point",
        "coordinates": [
          112.64957903522934,
          -7.298980119161041
        ]
      }
    },
    {
      "type": "Feature",
      "properties": {
        "generated_faskes_id": "FSK0210",
        "kecamatan": "Gubeng",
        "jenis_faskes": "Apotek",
        "nama_faskes": "PROVITA",
        "penyelenggara": "swasta",
        "status_lokasi": "mapped"
      },
      "geometry": {
        "type": "Point",
        "coordinates": [
          112.62824296248972,
          -7.316195895532546
        ]
      }
    },
    {
      "type": "Feature",
      "properties": {
        "generated_faskes_id": "FSK0211",
        "kecamatan": "Gubeng",
        "jenis_faskes": "Apotek",
        "nama_faskes": "VIVA APOTEK PUCANG ANOM",
        "penyelenggara": "swasta",
        "status_lokasi": "mapped"
      },
      "geometry": {
        "type": "Point",
        "coordinates": [
          112.63435871733184,
          -7.304248633074409
        ]
      }
    },
    {
      "type": "Feature",
      "properties": {
        "generated_faskes_id": "FSK0212",
        "kecamatan": "Gubeng",
        "jenis_faskes": "Apotek",
        "nama_faskes": "pucang taman",
        "penyelenggara": "swasta",
        "status_lokasi": "mapped"
      },
      "geometry": {
        "type": "Point",
        "coordinates": [
          112.65374518514618,
          -7.309394668572195
        ]
      }
    },
    {
      "type": "Feature",
      "properties": {
        "generated_faskes_id": "FSK0213",
        "kecamatan": "Gubeng",
        "jenis_faskes": "Apotek",
        "nama_faskes": "POLARIS",
        "penyelenggara": "swasta",
        "status_lokasi": "mapped"
      },
      "geometry": {
        "type": "Point",
        "coordinates": [
          112.64645044115149,
          -7.315273397906211
        ]
      }
    },
    {
      "type": "Feature",
      "properties": {
        "generated_faskes_id": "FSK0214",
        "kecamatan": "Gubeng",
        "jenis_faskes": "Apotek",
        "nama_faskes": "TIARA MANYAR",
        "penyelenggara": "swasta",
        "status_lokasi": "mapped"
      },
      "geometry": {
        "type": "Point",
        "coordinates": [
          112.64571843247799,
          -7.305167222747314
        ]
      }
    },
    {
      "type": "Feature",
      "properties": {
        "generated_faskes_id": "FSK0215",
        "kecamatan": "Gubeng",
        "jenis_faskes": "Toko Obat",
        "nama_faskes": "MERIDIAN",
        "penyelenggara": "swasta",
        "status_lokasi": "mapped"
      },
      "geometry": {
        "type": "Point",
        "coordinates": [
          112.62805703916338,
          -7.302504517109227
        ]
      }
    },
    {
      "type": "Feature",
      "properties": {
        "generated_faskes_id": "FSK0216",
        "kecamatan": "Gubeng",
        "jenis_faskes": "Toko Obat",
        "nama_faskes": "LION SUPER INDO DHARMAHUSADA",
        "penyelenggara": "swasta",
        "status_lokasi": "mapped"
      },
      "geometry": {
        "type": "Point",
        "coordinates": [
          112.65050879717266,
          -7.305659120395024
        ]
      }
    },
    {
      "type": "Feature",
      "properties": {
        "generated_faskes_id": "FSK0217",
        "kecamatan": "Gubeng",
        "jenis_faskes": "Toko Obat",
        "nama_faskes": "SIERRA",
        "penyelenggara": "swasta",
        "status_lokasi": "mapped"
      },
      "geometry": {
        "type": "Point",
        "coordinates": [
          112.62863165195202,
          -7.298629520222231
        ]
      }
    },
    {
      "type": "Feature",
      "properties": {
        "generated_faskes_id": "FSK0218",
        "kecamatan": "Gubeng",
        "jenis_faskes": "Toko Obat",
        "nama_faskes": "TOKO OBAT BONNET SWALAYAN",
        "penyelenggara": "swasta",
        "status_lokasi": "mapped"
      },
      "geometry": {
        "type": "Point",
        "coordinates": [
          112.64847906039083,
          -7.310301264302678
        ]
      }
    },
    {
      "type": "Feature",
      "properties": {
        "generated_faskes_id": "FSK0219",
        "kecamatan": "Gubeng",
        "jenis_faskes": "Klinik Pratama",
        "nama_faskes": "PLK - UA KAMPUS B UNAIR",
        "penyelenggara": "swasta",
        "status_lokasi": "mapped"
      },
      "geometry": {
        "type": "Point",
        "coordinates": [
          112.63785134039705,
          -7.309872867269335
        ]
      }
    },
    {
      "type": "Feature",
      "properties": {
        "generated_faskes_id": "FSK0220",
        "kecamatan": "Gubeng",
        "jenis_faskes": "Klinik Pratama",
        "nama_faskes": "dr. J HEALTH AND BEAUTY CLINIC",
        "penyelenggara": "swasta",
        "status_lokasi": "mapped"
      },
      "geometry": {
        "type": "Point",
        "coordinates": [
          112.6401788236903,
          -7.310410761794209
        ]
      }
    },
    {
      "type": "Feature",
      "properties": {
        "generated_faskes_id": "FSK0221",
        "kecamatan": "Gubeng",
        "jenis_faskes": "Klinik Pratama",
        "nama_faskes": "65 (LXV)",
        "penyelenggara": "swasta",
        "status_lokasi": "mapped"
      },
      "geometry": {
        "type": "Point",
        "coordinates": [
          112.65048726880998,
          -7.3015905998350155
        ]
      }
    },
    {
      "type": "Feature",
      "properties": {
        "generated_faskes_id": "FSK0222",
        "kecamatan": "Gubeng",
        "jenis_faskes": "Klinik Pratama",
        "nama_faskes": "QUALITA MEDIKA",
        "penyelenggara": "swasta",
        "status_lokasi": "mapped"
      },
      "geometry": {
        "type": "Point",
        "coordinates": [
          112.62816616611931,
          -7.299052227934399
        ]
      }
    },
    {
      "type": "Feature",
      "properties": {
        "generated_faskes_id": "FSK0223",
        "kecamatan": "Gubeng",
        "jenis_faskes": "Klinik Pratama",
        "nama_faskes": "BULAN SABIT MERAH INDONESIA",
        "penyelenggara": "swasta",
        "status_lokasi": "mapped"
      },
      "geometry": {
        "type": "Point",
        "coordinates": [
          112.64406755318305,
          -7.301473699298288
        ]
      }
    },
    {
      "type": "Feature",
      "properties": {
        "generated_faskes_id": "FSK0224",
        "kecamatan": "Gubeng",
        "jenis_faskes": "Klinik Pratama",
        "nama_faskes": "SARTIKA 36",
        "penyelenggara": "swasta",
        "status_lokasi": "mapped"
      },
      "geometry": {
        "type": "Point",
        "coordinates": [
          112.64621925931118,
          -7.308682735674859
        ]
      }
    },
    {
      "type": "Feature",
      "properties": {
        "generated_faskes_id": "FSK0225",
        "kecamatan": "Gubeng",
        "jenis_faskes": "Klinik Pratama",
        "nama_faskes": "PRAMESWARI",
        "penyelenggara": "swasta",
        "status_lokasi": "mapped"
      },
      "geometry": {
        "type": "Point",
        "coordinates": [
          112.6470138591204,
          -7.298966314927301
        ]
      }
    },
    {
      "type": "Feature",
      "properties": {
        "generated_faskes_id": "FSK0226",
        "kecamatan": "Gubeng",
        "jenis_faskes": "Klinik Pratama",
        "nama_faskes": "MITRA MEDICARE",
        "penyelenggara": "swasta",
        "status_lokasi": "mapped"
      },
      "geometry": {
        "type": "Point",
        "coordinates": [
          112.63310247189162,
          -7.301849680988543
        ]
      }
    },
    {
      "type": "Feature",
      "properties": {
        "generated_faskes_id": "FSK0227",
        "kecamatan": "Gubeng",
        "jenis_faskes": "Klinik Pratama",
        "nama_faskes": "SANTA MARIA TAK BERCELA",
        "penyelenggara": "swasta",
        "status_lokasi": "mapped"
      },
      "geometry": {
        "type": "Point",
        "coordinates": [
          112.64114518719344,
          -7.307802545762141
        ]
      }
    },
    {
      "type": "Feature",
      "properties": {
        "generated_faskes_id": "FSK0228",
        "kecamatan": "Gubeng",
        "jenis_faskes": "Klinik Pratama",
        "nama_faskes": "AMANINA MEDIKA",
        "penyelenggara": "swasta",
        "status_lokasi": "mapped"
      },
      "geometry": {
        "type": "Point",
        "coordinates": [
          112.63806723479011,
          -7.303264519404406
        ]
      }
    },
    {
      "type": "Feature",
      "properties": {
        "generated_faskes_id": "FSK0229",
        "kecamatan": "Gubeng",
        "jenis_faskes": "Klinik Pratama",
        "nama_faskes": "KLINIK KERTAJAYA",
        "penyelenggara": "swasta",
        "status_lokasi": "mapped"
      },
      "geometry": {
        "type": "Point",
        "coordinates": [
          112.63305186614147,
          -7.301051925399645
        ]
      }
    },
    {
      "type": "Feature",
      "properties": {
        "generated_faskes_id": "FSK0230",
        "kecamatan": "Gubeng",
        "jenis_faskes": "Klinik Pratama",
        "nama_faskes": "RUMAH SUNATAN",
        "penyelenggara": "swasta",
        "status_lokasi": "mapped"
      },
      "geometry": {
        "type": "Point",
        "coordinates": [
          112.64992193056672,
          -7.315077846868979
        ]
      }
    },
    {
      "type": "Feature",
      "properties": {
        "generated_faskes_id": "FSK0231",
        "kecamatan": "Gubeng",
        "jenis_faskes": "Klinik Pratama",
        "nama_faskes": "ESTINE",
        "penyelenggara": "swasta",
        "status_lokasi": "mapped"
      },
      "geometry": {
        "type": "Point",
        "coordinates": [
          112.65144893552008,
          -7.312195836948166
        ]
      }
    },
    {
      "type": "Feature",
      "properties": {
        "generated_faskes_id": "FSK0232",
        "kecamatan": "Gubeng",
        "jenis_faskes": "Klinik Pratama",
        "nama_faskes": "deLovely",
        "penyelenggara": "swasta",
        "status_lokasi": "mapped"
      },
      "geometry": {
        "type": "Point",
        "coordinates": [
          112.6389412539981,
          -7.305477252089107
        ]
      }
    },
    {
      "type": "Feature",
      "properties": {
        "generated_faskes_id": "FSK0233",
        "kecamatan": "Gubeng",
        "jenis_faskes": "Klinik Pratama",
        "nama_faskes": "MS GLOW AESTHETIC CLINIC",
        "penyelenggara": "swasta",
        "status_lokasi": "mapped"
      },
      "geometry": {
        "type": "Point",
        "coordinates": [
          112.63636967912385,
          -7.3161405000408815
        ]
      }
    },
    {
      "type": "Feature",
      "properties": {
        "generated_faskes_id": "FSK0234",
        "kecamatan": "Gubeng",
        "jenis_faskes": "Klinik Pratama",
        "nama_faskes": "HOUSE OF DERMALOVE SCIENCE OF BEAUTY",
        "penyelenggara": "swasta",
        "status_lokasi": "mapped"
      },
      "geometry": {
        "type": "Point",
        "coordinates": [
          112.65052858508938,
          -7.313332935952109
        ]
      }
    },
    {
      "type": "Feature",
      "properties": {
        "generated_faskes_id": "FSK0235",
        "kecamatan": "Gubeng",
        "jenis_faskes": "Klinik Pratama",
        "nama_faskes": "HOUSE OF HEALTHY LIVING CENTER (H2LC)",
        "penyelenggara": "swasta",
        "status_lokasi": "mapped"
      },
      "geometry": {
        "type": "Point",
        "coordinates": [
          112.63136359550539,
          -7.302039740124818
        ]
      }
    },
    {
      "type": "Feature",
      "properties": {
        "generated_faskes_id": "FSK0236",
        "kecamatan": "Gubeng",
        "jenis_faskes": "Klinik Pratama",
        "nama_faskes": "VIV CLINIC",
        "penyelenggara": "swasta",
        "status_lokasi": "mapped"
      },
      "geometry": {
        "type": "Point",
        "coordinates": [
          112.63521016529494,
          -7.300527467037766
        ]
      }
    },
    {
      "type": "Feature",
      "properties": {
        "generated_faskes_id": "FSK0237",
        "kecamatan": "Gubeng",
        "jenis_faskes": "Klinik Pratama",
        "nama_faskes": "CANTIK",
        "penyelenggara": "swasta",
        "status_lokasi": "mapped"
      },
      "geometry": {
        "type": "Point",
        "coordinates": [
          112.64603551250997,
          -7.311601742777803
        ]
      }
    },
    {
      "type": "Feature",
      "properties": {
        "generated_faskes_id": "FSK0238",
        "kecamatan": "Gubeng",
        "jenis_faskes": "Klinik Pratama",
        "nama_faskes": "THE EMDEE SKIN CLINIC",
        "penyelenggara": "swasta",
        "status_lokasi": "mapped"
      },
      "geometry": {
        "type": "Point",
        "coordinates": [
          112.62530453343317,
          -7.29928551940742
        ]
      }
    },
    {
      "type": "Feature",
      "properties": {
        "generated_faskes_id": "FSK0239",
        "kecamatan": "Gubeng",
        "jenis_faskes": "Klinik Pratama",
        "nama_faskes": "NAAVAGREEN NATURAL SKINCARE",
        "penyelenggara": "swasta",
        "status_lokasi": "mapped"
      },
      "geometry": {
        "type": "Point",
        "coordinates": [
          112.62756838885873,
          -7.303465297824756
        ]
      }
    },
    {
      "type": "Feature",
      "properties": {
        "generated_faskes_id": "FSK0240",
        "kecamatan": "Gubeng",
        "jenis_faskes": "Klinik Utama",
        "nama_faskes": "ULTRA MEDICA",
        "penyelenggara": "swasta",
        "status_lokasi": "mapped"
      },
      "geometry": {
        "type": "Point",
        "coordinates": [
          112.63965733540546,
          -7.302766981352821
        ]
      }
    },
    {
      "type": "Feature",
      "properties": {
        "generated_faskes_id": "FSK0241",
        "kecamatan": "Gubeng",
        "jenis_faskes": "Klinik Utama",
        "nama_faskes": "SURABAYA SKIN CENTRE",
        "penyelenggara": "swasta",
        "status_lokasi": "mapped"
      },
      "geometry": {
        "type": "Point",
        "coordinates": [
          112.6457182801834,
          -7.304825113504749
        ]
      }
    },
    {
      "type": "Feature",
      "properties": {
        "generated_faskes_id": "FSK0242",
        "kecamatan": "Gubeng",
        "jenis_faskes": "Klinik Utama",
        "nama_faskes": "TRITYA",
        "penyelenggara": "swasta",
        "status_lokasi": "mapped"
      },
      "geometry": {
        "type": "Point",
        "coordinates": [
          112.63972464005236,
          -7.3021295640842405
        ]
      }
    },
    {
      "type": "Feature",
      "properties": {
        "generated_faskes_id": "FSK0243",
        "kecamatan": "Gubeng",
        "jenis_faskes": "Klinik Utama",
        "nama_faskes": "NEURON CLINIC",
        "penyelenggara": "swasta",
        "status_lokasi": "mapped"
      },
      "geometry": {
        "type": "Point",
        "coordinates": [
          112.62779160051664,
          -7.312604065991336
        ]
      }
    },
    {
      "type": "Feature",
      "properties": {
        "generated_faskes_id": "FSK0244",
        "kecamatan": "Gubeng",
        "jenis_faskes": "Klinik Utama",
        "nama_faskes": "KANANI",
        "penyelenggara": "swasta",
        "status_lokasi": "mapped"
      },
      "geometry": {
        "type": "Point",
        "coordinates": [
          112.64575361465886,
          -7.311052889447614
        ]
      }
    },
    {
      "type": "Feature",
      "properties": {
        "generated_faskes_id": "FSK0245",
        "kecamatan": "Gubeng",
        "jenis_faskes": "Klinik Utama",
        "nama_faskes": "PARAHITA DIAGNOSTIC CENTER",
        "penyelenggara": "swasta",
        "status_lokasi": "mapped"
      },
      "geometry": {
        "type": "Point",
        "coordinates": [
          112.64244666755997,
          -7.307990224372742
        ]
      }
    },
    {
      "type": "Feature",
      "properties": {
        "generated_faskes_id": "FSK0246",
        "kecamatan": "Gubeng",
        "jenis_faskes": "Klinik Utama",
        "nama_faskes": "MEDICELLE",
        "penyelenggara": "swasta",
        "status_lokasi": "mapped"
      },
      "geometry": {
        "type": "Point",
        "coordinates": [
          112.64092765793437,
          -7.3088657634337375
        ]
      }
    },
    {
      "type": "Feature",
      "properties": {
        "generated_faskes_id": "FSK0247",
        "kecamatan": "Gubeng",
        "jenis_faskes": "Klinik Utama",
        "nama_faskes": "DHARMAHUSADA PRIMER",
        "penyelenggara": "swasta",
        "status_lokasi": "mapped"
      },
      "geometry": {
        "type": "Point",
        "coordinates": [
          112.64737806310141,
          -7.310602159551408
        ]
      }
    },
    {
      "type": "Feature",
      "properties": {
        "generated_faskes_id": "FSK0248",
        "kecamatan": "Gubeng",
        "jenis_faskes": "Klinik Utama",
        "nama_faskes": "PRAMITA",
        "penyelenggara": "swasta",
        "status_lokasi": "mapped"
      },
      "geometry": {
        "type": "Point",
        "coordinates": [
          112.64608564826557,
          -7.311699865505436
        ]
      }
    },
    {
      "type": "Feature",
      "properties": {
        "generated_faskes_id": "FSK0249",
        "kecamatan": "Gubeng",
        "jenis_faskes": "Klinik Utama",
        "nama_faskes": "MAKMURI (KHUSUS WANITA & ANAK)",
        "penyelenggara": "swasta",
        "status_lokasi": "mapped"
      },
      "geometry": {
        "type": "Point",
        "coordinates": [
          112.63254211028602,
          -7.314454642112874
        ]
      }
    },
    {
      "type": "Feature",
      "properties": {
        "generated_faskes_id": "FSK0250",
        "kecamatan": "Gubeng",
        "jenis_faskes": "Klinik Utama",
        "nama_faskes": "DERMAGICAL (KHUSUS WANITA DAN ANAK)",
        "penyelenggara": "swasta",
        "status_lokasi": "mapped"
      },
      "geometry": {
        "type": "Point",
        "coordinates": [
          112.63077752880355,
          -7.3144748297436575
        ]
      }
    },
    {
      "type": "Feature",
      "properties": {
        "generated_faskes_id": "FSK0251",
        "kecamatan": "Gubeng",
        "jenis_faskes": "Klinik Utama",
        "nama_faskes": "INDENTAL",
        "penyelenggara": "swasta",
        "status_lokasi": "mapped"
      },
      "geometry": {
        "type": "Point",
        "coordinates": [
          112.64107591896152,
          -7.302693190492791
        ]
      }
    },
    {
      "type": "Feature",
      "properties": {
        "generated_faskes_id": "FSK0252",
        "kecamatan": "Gubeng",
        "jenis_faskes": "Rumah Sakit Umum",
        "nama_faskes": "RS Ibu dan Anak Bantuan 05.08.05 Surabaya",
        "penyelenggara": "TNI/POLRI",
        "status_lokasi": "mapped"
      },
      "geometry": {
        "type": "Point",
        "coordinates": [
          112.63055449527313,
          -7.312699614935559
        ]
      }
    },
    {
      "type": "Feature",
      "properties": {
        "generated_faskes_id": "FSK0253",
        "kecamatan": "Gunung Anyar",
        "jenis_faskes": "Apotek",
        "nama_faskes": "KIMIA FARMA 22 UPN",
        "penyelenggara": "lainnya",
        "status_lokasi": "mapped"
      },
      "geometry": {
        "type": "Point",
        "coordinates": [
          112.67952595761638,
          -7.303382608313294
        ]
      }
    },
    {
      "type": "Feature",
      "properties": {
        "generated_faskes_id": "FSK0254",
        "kecamatan": "Gunung Anyar",
        "jenis_faskes": "Puskesmas Induk",
        "nama_faskes": "Puskesmas Gunung Anyar",
        "penyelenggara": "Pemerintah Kota",
        "status_lokasi": "mapped"
      },
      "geometry": {
        "type": "Point",
        "coordinates": [
          112.69429821068648,
          -7.307048324066342
        ]
      }
    },
    {
      "type": "Feature",
      "properties": {
        "generated_faskes_id": "FSK0255",
        "kecamatan": "Gunung Anyar",
        "jenis_faskes": "Puskesmas Pembantu (Pustu)",
        "nama_faskes": "Pustu Rungkut Menanggal",
        "penyelenggara": "Pemerintah Kota",
        "status_lokasi": "mapped"
      },
      "geometry": {
        "type": "Point",
        "coordinates": [
          112.67348996109824,
          -7.314823688018335
        ]
      }
    },
    {
      "type": "Feature",
      "properties": {
        "generated_faskes_id": "FSK0256",
        "kecamatan": "Gunung Anyar",
        "jenis_faskes": "Apotek",
        "nama_faskes": "MARTINA",
        "penyelenggara": "swasta",
        "status_lokasi": "mapped"
      },
      "geometry": {
        "type": "Point",
        "coordinates": [
          112.67082352734272,
          -7.31249614200282
        ]
      }
    },
    {
      "type": "Feature",
      "properties": {
        "generated_faskes_id": "FSK0257",
        "kecamatan": "Gunung Anyar",
        "jenis_faskes": "Apotek",
        "nama_faskes": "DOA SEHAT",
        "penyelenggara": "swasta",
        "status_lokasi": "mapped"
      },
      "geometry": {
        "type": "Point",
        "coordinates": [
          112.67038324631055,
          -7.316407279933639
        ]
      }
    },
    {
      "type": "Feature",
      "properties": {
        "generated_faskes_id": "FSK0258",
        "kecamatan": "Gunung Anyar",
        "jenis_faskes": "Apotek",
        "nama_faskes": "CITRA FARMA",
        "penyelenggara": "swasta",
        "status_lokasi": "mapped"
      },
      "geometry": {
        "type": "Point",
        "coordinates": [
          112.68102405267803,
          -7.3116376256756395
        ]
      }
    },
    {
      "type": "Feature",
      "properties": {
        "generated_faskes_id": "FSK0259",
        "kecamatan": "Gunung Anyar",
        "jenis_faskes": "Apotek",
        "nama_faskes": "STAR FARMA",
        "penyelenggara": "swasta",
        "status_lokasi": "mapped"
      },
      "geometry": {
        "type": "Point",
        "coordinates": [
          112.69422884793308,
          -7.3065217522753585
        ]
      }
    },
    {
      "type": "Feature",
      "properties": {
        "generated_faskes_id": "FSK0260",
        "kecamatan": "Gunung Anyar",
        "jenis_faskes": "Apotek",
        "nama_faskes": "PATEN JAYA",
        "penyelenggara": "swasta",
        "status_lokasi": "mapped"
      },
      "geometry": {
        "type": "Point",
        "coordinates": [
          112.6859225217873,
          -7.314351542629096
        ]
      }
    },
    {
      "type": "Feature",
      "properties": {
        "generated_faskes_id": "FSK0261",
        "kecamatan": "Gunung Anyar",
        "jenis_faskes": "Apotek",
        "nama_faskes": "PURI HUSADA",
        "penyelenggara": "swasta",
        "status_lokasi": "mapped"
      },
      "geometry": {
        "type": "Point",
        "coordinates": [
          112.69105383591788,
          -7.307667223933731
        ]
      }
    },
    {
      "type": "Feature",
      "properties": {
        "generated_faskes_id": "FSK0262",
        "kecamatan": "Gunung Anyar",
        "jenis_faskes": "Apotek",
        "nama_faskes": "MARGUNA SEHAT",
        "penyelenggara": "swasta",
        "status_lokasi": "mapped"
      },
      "geometry": {
        "type": "Point",
        "coordinates": [
          112.69118159204994,
          -7.306142155973517
        ]
      }
    },
    {
      "type": "Feature",
      "properties": {
        "generated_faskes_id": "FSK0263",
        "kecamatan": "Gunung Anyar",
        "jenis_faskes": "Apotek",
        "nama_faskes": "KITA",
        "penyelenggara": "swasta",
        "status_lokasi": "mapped"
      },
      "geometry": {
        "type": "Point",
        "coordinates": [
          112.67908190834791,
          -7.3085914053675065
        ]
      }
    },
    {
      "type": "Feature",
      "properties": {
        "generated_faskes_id": "FSK0264",
        "kecamatan": "Gunung Anyar",
        "jenis_faskes": "Apotek",
        "nama_faskes": "A GUNUNG ANYAR",
        "penyelenggara": "swasta",
        "status_lokasi": "mapped"
      },
      "geometry": {
        "type": "Point",
        "coordinates": [
          112.6705309101117,
          -7.315724760184968
        ]
      }
    },
    {
      "type": "Feature",
      "properties": {
        "generated_faskes_id": "FSK0265",
        "kecamatan": "Gunung Anyar",
        "jenis_faskes": "Apotek",
        "nama_faskes": "VIVA APOTEK RUNGKUT TENGAH",
        "penyelenggara": "swasta",
        "status_lokasi": "mapped"
      },
      "geometry": {
        "type": "Point",
        "coordinates": [
          112.69323190790304,
          -7.307908298233462
        ]
      }
    },
    {
      "type": "Feature",
      "properties": {
        "generated_faskes_id": "FSK0266",
        "kecamatan": "Gunung Anyar",
        "jenis_faskes": "Apotek",
        "nama_faskes": "JULIA",
        "penyelenggara": "swasta",
        "status_lokasi": "mapped"
      },
      "geometry": {
        "type": "Point",
        "coordinates": [
          112.68966346935898,
          -7.309320363558714
        ]
      }
    },
    {
      "type": "Feature",
      "properties": {
        "generated_faskes_id": "FSK0267",
        "kecamatan": "Gunung Anyar",
        "jenis_faskes": "Apotek",
        "nama_faskes": "S2",
        "penyelenggara": "swasta",
        "status_lokasi": "mapped"
      },
      "geometry": {
        "type": "Point",
        "coordinates": [
          112.66722246510766,
          -7.3051268287058795
        ]
      }
    },
    {
      "type": "Feature",
      "properties": {
        "generated_faskes_id": "FSK0268",
        "kecamatan": "Gunung Anyar",
        "jenis_faskes": "Klinik Pratama",
        "nama_faskes": "AT - TAUFIQ",
        "penyelenggara": "swasta",
        "status_lokasi": "mapped"
      },
      "geometry": {
        "type": "Point",
        "coordinates": [
          112.66660827222877,
          -7.313931377617982
        ]
      }
    },
    {
      "type": "Feature",
      "properties": {
        "generated_faskes_id": "FSK0269",
        "kecamatan": "Gunung Anyar",
        "jenis_faskes": "Klinik Pratama",
        "nama_faskes": "KESEJAHTERAAN 11",
        "penyelenggara": "swasta",
        "status_lokasi": "mapped"
      },
      "geometry": {
        "type": "Point",
        "coordinates": [
          112.68188518791253,
          -7.311096348949559
        ]
      }
    },
    {
      "type": "Feature",
      "properties": {
        "generated_faskes_id": "FSK0270",
        "kecamatan": "Gunung Anyar",
        "jenis_faskes": "Klinik Pratama",
        "nama_faskes": "OPTIMA",
        "penyelenggara": "swasta",
        "status_lokasi": "mapped"
      },
      "geometry": {
        "type": "Point",
        "coordinates": [
          112.6948175436813,
          -7.31449505469279
        ]
      }
    },
    {
      "type": "Feature",
      "properties": {
        "generated_faskes_id": "FSK0271",
        "kecamatan": "Gunung Anyar",
        "jenis_faskes": "Klinik Pratama",
        "nama_faskes": "PARADISE",
        "penyelenggara": "swasta",
        "status_lokasi": "mapped"
      },
      "geometry": {
        "type": "Point",
        "coordinates": [
          112.68793330335978,
          -7.305550843060545
        ]
      }
    },
    {
      "type": "Feature",
      "properties": {
        "generated_faskes_id": "FSK0272",
        "kecamatan": "Gunung Anyar",
        "jenis_faskes": "Klinik Pratama",
        "nama_faskes": "SIER",
        "penyelenggara": "swasta",
        "status_lokasi": "mapped"
      },
      "geometry": {
        "type": "Point",
        "coordinates": [
          112.6887222248953,
          -7.312529069153808
        ]
      }
    },
    {
      "type": "Feature",
      "properties": {
        "generated_faskes_id": "FSK0273",
        "kecamatan": "Gunung Anyar",
        "jenis_faskes": "Klinik Pratama",
        "nama_faskes": "KECANTIKAN NATURA",
        "penyelenggara": "swasta",
        "status_lokasi": "mapped"
      },
      "geometry": {
        "type": "Point",
        "coordinates": [
          112.6806771760539,
          -7.308407234810373
        ]
      }
    },
    {
      "type": "Feature",
      "properties": {
        "generated_faskes_id": "FSK0274",
        "kecamatan": "Gunung Anyar",
        "jenis_faskes": "Klinik Pratama",
        "nama_faskes": "NURANI JAYA 83",
        "penyelenggara": "swasta",
        "status_lokasi": "mapped"
      },
      "geometry": {
        "type": "Point",
        "coordinates": [
          112.67828163012057,
          -7.300896944459853
        ]
      }
    },
    {
      "type": "Feature",
      "properties": {
        "generated_faskes_id": "FSK0275",
        "kecamatan": "Gunung Anyar",
        "jenis_faskes": "Klinik Utama",
        "nama_faskes": "OPTIMA",
        "penyelenggara": "swasta",
        "status_lokasi": "mapped"
      },
      "geometry": {
        "type": "Point",
        "coordinates": [
          112.69470093781399,
          -7.3110680288541445
        ]
      }
    },
    {
      "type": "Feature",
      "properties": {
        "generated_faskes_id": "FSK0276",
        "kecamatan": "Gunung Anyar",
        "jenis_faskes": "Klinik Utama",
        "nama_faskes": "ALTAIR POLITEKNIK PELAYARAN SURABAYA",
        "penyelenggara": "swasta",
        "status_lokasi": "mapped"
      },
      "geometry": {
        "type": "Point",
        "coordinates": [
          112.68363081963216,
          -7.305490099942173
        ]
      }
    },
    {
      "type": "Feature",
      "properties": {
        "generated_faskes_id": "FSK0277",
        "kecamatan": "Jambangan",
        "jenis_faskes": "Apotek",
        "nama_faskes": "KIMIA FARMA KEBONSARI",
        "penyelenggara": "lainnya",
        "status_lokasi": "mapped"
      },
      "geometry": {
        "type": "Point",
        "coordinates": [
          112.72720267916452,
          -7.299294179660701
        ]
      }
    },
    {
      "type": "Feature",
      "properties": {
        "generated_faskes_id": "FSK0278",
        "kecamatan": "Jambangan",
        "jenis_faskes": "Puskesmas Induk",
        "nama_faskes": "Puskesmas Kebonsari",
        "penyelenggara": "Pemerintah Kota",
        "status_lokasi": "mapped"
      },
      "geometry": {
        "type": "Point",
        "coordinates": [
          112.71123363717469,
          -7.3127978714194
        ]
      }
    },
    {
      "type": "Feature",
      "properties": {
        "generated_faskes_id": "FSK0279",
        "kecamatan": "Jambangan",
        "jenis_faskes": "Puskesmas Pembantu (Pustu)",
        "nama_faskes": "Pustu Jambangan",
        "penyelenggara": "Pemerintah Kota",
        "status_lokasi": "mapped"
      },
      "geometry": {
        "type": "Point",
        "coordinates": [
          112.72481284411575,
          -7.31378728662135
        ]
      }
    },
    {
      "type": "Feature",
      "properties": {
        "generated_faskes_id": "FSK0280",
        "kecamatan": "Jambangan",
        "jenis_faskes": "Puskesmas Pembantu (Pustu)",
        "nama_faskes": "Pustu Karah",
        "penyelenggara": "Pemerintah Kota",
        "status_lokasi": "mapped"
      },
      "geometry": {
        "type": "Point",
        "coordinates": [
          112.71021440644978,
          -7.315290477403479
        ]
      }
    },
    {
      "type": "Feature",
      "properties": {
        "generated_faskes_id": "FSK0281",
        "kecamatan": "Jambangan",
        "jenis_faskes": "Puskesmas Pembantu (Pustu)",
        "nama_faskes": "Pustu Ketintang",
        "penyelenggara": "Pemerintah Kota",
        "status_lokasi": "mapped"
      },
      "geometry": {
        "type": "Point",
        "coordinates": [
          112.70508027167807,
          -7.308407432082008
        ]
      }
    },
    {
      "type": "Feature",
      "properties": {
        "generated_faskes_id": "FSK0282",
        "kecamatan": "Jambangan",
        "jenis_faskes": "Puskesmas Pembantu (Pustu)",
        "nama_faskes": "Pustu Pagesangan",
        "penyelenggara": "Pemerintah Kota",
        "status_lokasi": "mapped"
      },
      "geometry": {
        "type": "Point",
        "coordinates": [
          112.72281433585357,
          -7.3113269130344305
        ]
      }
    },
    {
      "type": "Feature",
      "properties": {
        "generated_faskes_id": "FSK0283",
        "kecamatan": "Jambangan",
        "jenis_faskes": "Rumah Sakit Khusus",
        "nama_faskes": "RS Ibu dan Anak Cempaka Putih Permata",
        "penyelenggara": "Swasta",
        "status_lokasi": "mapped"
      },
      "geometry": {
        "type": "Point",
        "coordinates": [
          112.71194428703666,
          -7.3037058097855505
        ]
      }
    },
    {
      "type": "Feature",
      "properties": {
        "generated_faskes_id": "FSK0284",
        "kecamatan": "Jambangan",
        "jenis_faskes": "Apotek",
        "nama_faskes": "JAMBANGAN",
        "penyelenggara": "swasta",
        "status_lokasi": "mapped"
      },
      "geometry": {
        "type": "Point",
        "coordinates": [
          112.72608962674279,
          -7.30834275901587
        ]
      }
    },
    {
      "type": "Feature",
      "properties": {
        "generated_faskes_id": "FSK0285",
        "kecamatan": "Jambangan",
        "jenis_faskes": "Apotek",
        "nama_faskes": "KEBONSARI",
        "penyelenggara": "swasta",
        "status_lokasi": "mapped"
      },
      "geometry": {
        "type": "Point",
        "coordinates": [
          112.72562154760212,
          -7.299728297517819
        ]
      }
    },
    {
      "type": "Feature",
      "properties": {
        "generated_faskes_id": "FSK0286",
        "kecamatan": "Jambangan",
        "jenis_faskes": "Apotek",
        "nama_faskes": "K - 24 KEBONSARI",
        "penyelenggara": "swasta",
        "status_lokasi": "mapped"
      },
      "geometry": {
        "type": "Point",
        "coordinates": [
          112.72863484079939,
          -7.305207269868656
        ]
      }
    },
    {
      "type": "Feature",
      "properties": {
        "generated_faskes_id": "FSK0287",
        "kecamatan": "Jambangan",
        "jenis_faskes": "Apotek",
        "nama_faskes": "UMI",
        "penyelenggara": "swasta",
        "status_lokasi": "mapped"
      },
      "geometry": {
        "type": "Point",
        "coordinates": [
          112.72483549128559,
          -7.299549411595165
        ]
      }
    },
    {
      "type": "Feature",
      "properties": {
        "generated_faskes_id": "FSK0288",
        "kecamatan": "Jambangan",
        "jenis_faskes": "Apotek",
        "nama_faskes": "K-24 KARAH",
        "penyelenggara": "swasta",
        "status_lokasi": "mapped"
      },
      "geometry": {
        "type": "Point",
        "coordinates": [
          112.7177541689831,
          -7.306683023056973
        ]
      }
    },
    {
      "type": "Feature",
      "properties": {
        "generated_faskes_id": "FSK0289",
        "kecamatan": "Jambangan",
        "jenis_faskes": "Apotek",
        "nama_faskes": "ALTHA",
        "penyelenggara": "swasta",
        "status_lokasi": "mapped"
      },
      "geometry": {
        "type": "Point",
        "coordinates": [
          112.72442904170205,
          -7.300012456837768
        ]
      }
    },
    {
      "type": "Feature",
      "properties": {
        "generated_faskes_id": "FSK0290",
        "kecamatan": "Jambangan",
        "jenis_faskes": "Apotek",
        "nama_faskes": "9 Bintang Farma",
        "penyelenggara": "swasta",
        "status_lokasi": "mapped"
      },
      "geometry": {
        "type": "Point",
        "coordinates": [
          112.72979893478949,
          -7.31535748632431
        ]
      }
    },
    {
      "type": "Feature",
      "properties": {
        "generated_faskes_id": "FSK0291",
        "kecamatan": "Jambangan",
        "jenis_faskes": "Klinik Pratama",
        "nama_faskes": "ST. VINCENTIUS A PAULO (KARAH)",
        "penyelenggara": "swasta",
        "status_lokasi": "mapped"
      },
      "geometry": {
        "type": "Point",
        "coordinates": [
          112.70997768367661,
          -7.311027116768739
        ]
      }
    },
    {
      "type": "Feature",
      "properties": {
        "generated_faskes_id": "FSK0292",
        "kecamatan": "Jambangan",
        "jenis_faskes": "Klinik Pratama",
        "nama_faskes": "BK 10",
        "penyelenggara": "swasta",
        "status_lokasi": "mapped"
      },
      "geometry": {
        "type": "Point",
        "coordinates": [
          112.72746873166207,
          -7.306231204095816
        ]
      }
    },
    {
      "type": "Feature",
      "properties": {
        "generated_faskes_id": "FSK0293",
        "kecamatan": "Karang Pilang",
        "jenis_faskes": "Klinik Pratama",
        "nama_faskes": "SUTEDI SENAPUTRA",
        "penyelenggara": "lainnya",
        "status_lokasi": "mapped"
      },
      "geometry": {
        "type": "Point",
        "coordinates": [
          112.75365831764917,
          -7.3143868496001305
        ]
      }
    },
    {
      "type": "Feature",
      "properties": {
        "generated_faskes_id": "FSK0294",
        "kecamatan": "Karang Pilang",
        "jenis_faskes": "Puskesmas Induk",
        "nama_faskes": "Puskesmas Kedurus",
        "penyelenggara": "Pemerintah Kota",
        "status_lokasi": "mapped"
      },
      "geometry": {
        "type": "Point",
        "coordinates": [
          112.76566033973636,
          -7.3038382157754445
        ]
      }
    },
    {
      "type": "Feature",
      "properties": {
        "generated_faskes_id": "FSK0295",
        "kecamatan": "Karang Pilang",
        "jenis_faskes": "Puskesmas Pembantu (Pustu)",
        "nama_faskes": "Pustu Kebraon",
        "penyelenggara": "Pemerintah Kota",
        "status_lokasi": "mapped"
      },
      "geometry": {
        "type": "Point",
        "coordinates": [
          112.77328028722232,
          -7.307491343419504
        ]
      }
    },
    {
      "type": "Feature",
      "properties": {
        "generated_faskes_id": "FSK0296",
        "kecamatan": "Karang Pilang",
        "jenis_faskes": "Puskesmas Pembantu (Pustu)",
        "nama_faskes": "Pustu Warugunung",
        "penyelenggara": "Pemerintah Kota",
        "status_lokasi": "mapped"
      },
      "geometry": {
        "type": "Point",
        "coordinates": [
          112.75981385658035,
          -7.315191899381846
        ]
      }
    },
    {
      "type": "Feature",
      "properties": {
        "generated_faskes_id": "FSK0297",
        "kecamatan": "Karang Pilang",
        "jenis_faskes": "Apotek",
        "nama_faskes": "PALAPA JAYA",
        "penyelenggara": "swasta",
        "status_lokasi": "mapped"
      },
      "geometry": {
        "type": "Point",
        "coordinates": [
          112.7461958235255,
          -7.3087461411570525
        ]
      }
    },
    {
      "type": "Feature",
      "properties": {
        "generated_faskes_id": "FSK0298",
        "kecamatan": "Karang Pilang",
        "jenis_faskes": "Apotek",
        "nama_faskes": "DERY FARMA",
        "penyelenggara": "swasta",
        "status_lokasi": "mapped"
      },
      "geometry": {
        "type": "Point",
        "coordinates": [
          112.75466964750075,
          -7.3120765884557795
        ]
      }
    },
    {
      "type": "Feature",
      "properties": {
        "generated_faskes_id": "FSK0299",
        "kecamatan": "Karang Pilang",
        "jenis_faskes": "Apotek",
        "nama_faskes": "K 3",
        "penyelenggara": "swasta",
        "status_lokasi": "mapped"
      },
      "geometry": {
        "type": "Point",
        "coordinates": [
          112.74773980659891,
          -7.299031629793131
        ]
      }
    },
    {
      "type": "Feature",
      "properties": {
        "generated_faskes_id": "FSK0300",
        "kecamatan": "Karang Pilang",
        "jenis_faskes": "Apotek",
        "nama_faskes": "VIVA GENERIK GRIYA KEBRAON",
        "penyelenggara": "swasta",
        "status_lokasi": "mapped"
      },
      "geometry": {
        "type": "Point",
        "coordinates": [
          112.77007875841718,
          -7.306121349664301
        ]
      }
    },
    {
      "type": "Feature",
      "properties": {
        "generated_faskes_id": "FSK0301",
        "kecamatan": "Karang Pilang",
        "jenis_faskes": "Apotek",
        "nama_faskes": "PUSPASARI KEDURUS",
        "penyelenggara": "swasta",
        "status_lokasi": "mapped"
      },
      "geometry": {
        "type": "Point",
        "coordinates": [
          112.7735235883342,
          -7.298341172357246
        ]
      }
    },
    {
      "type": "Feature",
      "properties": {
        "generated_faskes_id": "FSK0302",
        "kecamatan": "Karang Pilang",
        "jenis_faskes": "Apotek",
        "nama_faskes": "K24 MASTRIP",
        "penyelenggara": "swasta",
        "status_lokasi": "mapped"
      },
      "geometry": {
        "type": "Point",
        "coordinates": [
          112.76516844752909,
          -7.311725631190604
        ]
      }
    },
    {
      "type": "Feature",
      "properties": {
        "generated_faskes_id": "FSK0303",
        "kecamatan": "Karang Pilang",
        "jenis_faskes": "Apotek",
        "nama_faskes": "INDERA",
        "penyelenggara": "swasta",
        "status_lokasi": "mapped"
      },
      "geometry": {
        "type": "Point",
        "coordinates": [
          112.74620695019433,
          -7.302801738109102
        ]
      }
    },
    {
      "type": "Feature",
      "properties": {
        "generated_faskes_id": "FSK0304",
        "kecamatan": "Karang Pilang",
        "jenis_faskes": "Toko Obat",
        "nama_faskes": "LOTTE SHOPPING INDONESIA",
        "penyelenggara": "swasta",
        "status_lokasi": "mapped"
      },
      "geometry": {
        "type": "Point",
        "coordinates": [
          112.75911502469755,
          -7.304722326027049
        ]
      }
    },
    {
      "type": "Feature",
      "properties": {
        "generated_faskes_id": "FSK0305",
        "kecamatan": "Karang Pilang",
        "jenis_faskes": "Toko Obat",
        "nama_faskes": "SUPER INDO MASTRIP",
        "penyelenggara": "swasta",
        "status_lokasi": "mapped"
      },
      "geometry": {
        "type": "Point",
        "coordinates": [
          112.7724821836378,
          -7.313339365634242
        ]
      }
    },
    {
      "type": "Feature",
      "properties": {
        "generated_faskes_id": "FSK0306",
        "kecamatan": "Karang Pilang",
        "jenis_faskes": "Klinik Pratama",
        "nama_faskes": "SARTIKA 44",
        "penyelenggara": "swasta",
        "status_lokasi": "mapped"
      },
      "geometry": {
        "type": "Point",
        "coordinates": [
          112.76255988875833,
          -7.305028946810008
        ]
      }
    },
    {
      "type": "Feature",
      "properties": {
        "generated_faskes_id": "FSK0307",
        "kecamatan": "Karang Pilang",
        "jenis_faskes": "Klinik Pratama",
        "nama_faskes": "PUTRI RAHAYU",
        "penyelenggara": "swasta",
        "status_lokasi": "mapped"
      },
      "geometry": {
        "type": "Point",
        "coordinates": [
          112.75975177406573,
          -7.314993889217947
        ]
      }
    },
    {
      "type": "Feature",
      "properties": {
        "generated_faskes_id": "FSK0308",
        "kecamatan": "Karang Pilang",
        "jenis_faskes": "Klinik Pratama",
        "nama_faskes": "NAYAKA HUSADA KEBRAON",
        "penyelenggara": "swasta",
        "status_lokasi": "mapped"
      },
      "geometry": {
        "type": "Point",
        "coordinates": [
          112.75543883168883,
          -7.310556012782806
        ]
      }
    },
    {
      "type": "Feature",
      "properties": {
        "generated_faskes_id": "FSK0309",
        "kecamatan": "Karang Pilang",
        "jenis_faskes": "Klinik Pratama",
        "nama_faskes": "PHC KEBRAON",
        "penyelenggara": "swasta",
        "status_lokasi": "mapped"
      },
      "geometry": {
        "type": "Point",
        "coordinates": [
          112.76510400528564,
          -7.3009415599359935
        ]
      }
    },
    {
      "type": "Feature",
      "properties": {
        "generated_faskes_id": "FSK0310",
        "kecamatan": "Kenjeran",
        "jenis_faskes": "Puskesmas Induk",
        "nama_faskes": "Puskesmas Bulak Banteng",
        "penyelenggara": "Pemerintah Kota",
        "status_lokasi": "mapped"
      },
      "geometry": {
        "type": "Point",
        "coordinates": [
          112.79489410990736,
          -7.30394931597697
        ]
      }
    },
    {
      "type": "Feature",
      "properties": {
        "generated_faskes_id": "FSK0311",
        "kecamatan": "Kenjeran",
        "jenis_faskes": "Puskesmas Induk",
        "nama_faskes": "Puskesmas Sidotopo Wetan",
        "penyelenggara": "Pemerintah Kota",
        "status_lokasi": "mapped"
      },
      "geometry": {
        "type": "Point",
        "coordinates": [
          112.79364653386084,
          -7.299338118441341
        ]
      }
    },
    {
      "type": "Feature",
      "properties": {
        "generated_faskes_id": "FSK0312",
        "kecamatan": "Kenjeran",
        "jenis_faskes": "Puskesmas Induk",
        "nama_faskes": "Puskesmas Tambak Wedi",
        "penyelenggara": "Pemerintah Kota",
        "status_lokasi": "mapped"
      },
      "geometry": {
        "type": "Point",
        "coordinates": [
          112.80940698104213,
          -7.306581562168851
        ]
      }
    },
    {
      "type": "Feature",
      "properties": {
        "generated_faskes_id": "FSK0313",
        "kecamatan": "Kenjeran",
        "jenis_faskes": "Puskesmas Induk",
        "nama_faskes": "Puskesmas Tanah Kali Kedinding",
        "penyelenggara": "Pemerintah Kota",
        "status_lokasi": "mapped"
      },
      "geometry": {
        "type": "Point",
        "coordinates": [
          112.79864477725805,
          -7.310900518785213
        ]
      }
    },
    {
      "type": "Feature",
      "properties": {
        "generated_faskes_id": "FSK0314",
        "kecamatan": "Kenjeran",
        "jenis_faskes": "Puskesmas Pembantu (Pustu)",
        "nama_faskes": "Pustu Tanah Kali Kedinding",
        "penyelenggara": "Pemerintah Kota",
        "status_lokasi": "mapped"
      },
      "geometry": {
        "type": "Point",
        "coordinates": [
          112.79469821358828,
          -7.298879946675176
        ]
      }
    },
    {
      "type": "Feature",
      "properties": {
        "generated_faskes_id": "FSK0315",
        "kecamatan": "Kenjeran",
        "jenis_faskes": "Apotek",
        "nama_faskes": "NINDYA",
        "penyelenggara": "swasta",
        "status_lokasi": "mapped"
      },
      "geometry": {
        "type": "Point",
        "coordinates": [
          112.79712525171001,
          -7.307232402040633
        ]
      }
    },
    {
      "type": "Feature",
      "properties": {
        "generated_faskes_id": "FSK0316",
        "kecamatan": "Kenjeran",
        "jenis_faskes": "Apotek",
        "nama_faskes": "ALQI",
        "penyelenggara": "swasta",
        "status_lokasi": "mapped"
      },
      "geometry": {
        "type": "Point",
        "coordinates": [
          112.81464357644344,
          -7.304609559581142
        ]
      }
    },
    {
      "type": "Feature",
      "properties": {
        "generated_faskes_id": "FSK0317",
        "kecamatan": "Kenjeran",
        "jenis_faskes": "Apotek",
        "nama_faskes": "RAFA FARMA",
        "penyelenggara": "swasta",
        "status_lokasi": "mapped"
      },
      "geometry": {
        "type": "Point",
        "coordinates": [
          112.80127780783072,
          -7.309090461202012
        ]
      }
    },
    {
      "type": "Feature",
      "properties": {
        "generated_faskes_id": "FSK0318",
        "kecamatan": "Kenjeran",
        "jenis_faskes": "Apotek",
        "nama_faskes": "VIVA APOTEK RANDU INDAH",
        "penyelenggara": "swasta",
        "status_lokasi": "mapped"
      },
      "geometry": {
        "type": "Point",
        "coordinates": [
          112.79062747624184,
          -7.310034045082219
        ]
      }
    },
    {
      "type": "Feature",
      "properties": {
        "generated_faskes_id": "FSK0319",
        "kecamatan": "Kenjeran",
        "jenis_faskes": "Apotek",
        "nama_faskes": "ADITARA 2",
        "penyelenggara": "swasta",
        "status_lokasi": "mapped"
      },
      "geometry": {
        "type": "Point",
        "coordinates": [
          112.80769329462167,
          -7.305200839727341
        ]
      }
    },
    {
      "type": "Feature",
      "properties": {
        "generated_faskes_id": "FSK0320",
        "kecamatan": "Kenjeran",
        "jenis_faskes": "Apotek",
        "nama_faskes": "NAHDA FARMA",
        "penyelenggara": "swasta",
        "status_lokasi": "mapped"
      },
      "geometry": {
        "type": "Point",
        "coordinates": [
          112.80779971608183,
          -7.312934765630245
        ]
      }
    },
    {
      "type": "Feature",
      "properties": {
        "generated_faskes_id": "FSK0321",
        "kecamatan": "Kenjeran",
        "jenis_faskes": "Apotek",
        "nama_faskes": "AMAJING IAN",
        "penyelenggara": "swasta",
        "status_lokasi": "mapped"
      },
      "geometry": {
        "type": "Point",
        "coordinates": [
          112.80147658917255,
          -7.299659332717852
        ]
      }
    },
    {
      "type": "Feature",
      "properties": {
        "generated_faskes_id": "FSK0322",
        "kecamatan": "Kenjeran",
        "jenis_faskes": "Apotek",
        "nama_faskes": "RAFA FARMA 2",
        "penyelenggara": "swasta",
        "status_lokasi": "mapped"
      },
      "geometry": {
        "type": "Point",
        "coordinates": [
          112.79814348285217,
          -7.303865416132759
        ]
      }
    },
    {
      "type": "Feature",
      "properties": {
        "generated_faskes_id": "FSK0323",
        "kecamatan": "Kenjeran",
        "jenis_faskes": "Apotek",
        "nama_faskes": "RANDU FARMA",
        "penyelenggara": "swasta",
        "status_lokasi": "mapped"
      },
      "geometry": {
        "type": "Point",
        "coordinates": [
          112.78864278250087,
          -7.298825641709935
        ]
      }
    },
    {
      "type": "Feature",
      "properties": {
        "generated_faskes_id": "FSK0324",
        "kecamatan": "Kenjeran",
        "jenis_faskes": "Apotek",
        "nama_faskes": "AZZAM FARMA",
        "penyelenggara": "swasta",
        "status_lokasi": "mapped"
      },
      "geometry": {
        "type": "Point",
        "coordinates": [
          112.80326615001246,
          -7.3122795465239925
        ]
      }
    },
    {
      "type": "Feature",
      "properties": {
        "generated_faskes_id": "FSK0325",
        "kecamatan": "Kenjeran",
        "jenis_faskes": "Apotek",
        "nama_faskes": "K-24 POGOT",
        "penyelenggara": "swasta",
        "status_lokasi": "mapped"
      },
      "geometry": {
        "type": "Point",
        "coordinates": [
          112.78975134491415,
          -7.306567951538284
        ]
      }
    },
    {
      "type": "Feature",
      "properties": {
        "generated_faskes_id": "FSK0326",
        "kecamatan": "Kenjeran",
        "jenis_faskes": "Apotek",
        "nama_faskes": "K - 24 SIDOTOPO WETAN",
        "penyelenggara": "swasta",
        "status_lokasi": "mapped"
      },
      "geometry": {
        "type": "Point",
        "coordinates": [
          112.80156754227161,
          -7.3149578313098385
        ]
      }
    },
    {
      "type": "Feature",
      "properties": {
        "generated_faskes_id": "FSK0327",
        "kecamatan": "Kenjeran",
        "jenis_faskes": "Apotek",
        "nama_faskes": "TANSAH SEHAT FARMA",
        "penyelenggara": "swasta",
        "status_lokasi": "mapped"
      },
      "geometry": {
        "type": "Point",
        "coordinates": [
          112.81476771418185,
          -7.299929618894456
        ]
      }
    },
    {
      "type": "Feature",
      "properties": {
        "generated_faskes_id": "FSK0328",
        "kecamatan": "Kenjeran",
        "jenis_faskes": "Apotek",
        "nama_faskes": "K-24 KEDINDING LOR",
        "penyelenggara": "swasta",
        "status_lokasi": "mapped"
      },
      "geometry": {
        "type": "Point",
        "coordinates": [
          112.79884343682536,
          -7.314513120600025
        ]
      }
    },
    {
      "type": "Feature",
      "properties": {
        "generated_faskes_id": "FSK0329",
        "kecamatan": "Kenjeran",
        "jenis_faskes": "Klinik Pratama",
        "nama_faskes": "AL FITHRAH",
        "penyelenggara": "swasta",
        "status_lokasi": "mapped"
      },
      "geometry": {
        "type": "Point",
        "coordinates": [
          112.80996429521306,
          -7.307529782413701
        ]
      }
    },
    {
      "type": "Feature",
      "properties": {
        "generated_faskes_id": "FSK0330",
        "kecamatan": "Kenjeran",
        "jenis_faskes": "Klinik Pratama",
        "nama_faskes": "WONOSARI",
        "penyelenggara": "swasta",
        "status_lokasi": "mapped"
      },
      "geometry": {
        "type": "Point",
        "coordinates": [
          112.80649809977974,
          -7.307337346390392
        ]
      }
    },
    {
      "type": "Feature",
      "properties": {
        "generated_faskes_id": "FSK0331",
        "kecamatan": "Kenjeran",
        "jenis_faskes": "Klinik Utama",
        "nama_faskes": "SRI HARTI SOEROSO",
        "penyelenggara": "swasta",
        "status_lokasi": "mapped"
      },
      "geometry": {
        "type": "Point",
        "coordinates": [
          112.7932027469014,
          -7.301363394331093
        ]
      }
    },
    {
      "type": "Feature",
      "properties": {
        "generated_faskes_id": "FSK0332",
        "kecamatan": "Krembangan",
        "jenis_faskes": "Puskesmas Induk",
        "nama_faskes": "Puskesmas Dupak",
        "penyelenggara": "Pemerintah Kota",
        "status_lokasi": "mapped"
      },
      "geometry": {
        "type": "Point",
        "coordinates": [
          112.61440733897811,
          -7.283864933388622
        ]
      }
    },
    {
      "type": "Feature",
      "properties": {
        "generated_faskes_id": "FSK0333",
        "kecamatan": "Krembangan",
        "jenis_faskes": "Puskesmas Induk",
        "nama_faskes": "Puskesmas Krembangan Selatan",
        "penyelenggara": "Pemerintah Kota",
        "status_lokasi": "mapped"
      },
      "geometry": {
        "type": "Point",
        "coordinates": [
          112.60153795230642,
          -7.281300923090469
        ]
      }
    },
    {
      "type": "Feature",
      "properties": {
        "generated_faskes_id": "FSK0334",
        "kecamatan": "Krembangan",
        "jenis_faskes": "Puskesmas Induk",
        "nama_faskes": "Puskesmas Morokrembangan",
        "penyelenggara": "Pemerintah Kota",
        "status_lokasi": "mapped"
      },
      "geometry": {
        "type": "Point",
        "coordinates": [
          112.61265604449795,
          -7.27901558365413
        ]
      }
    },
    {
      "type": "Feature",
      "properties": {
        "generated_faskes_id": "FSK0335",
        "kecamatan": "Krembangan",
        "jenis_faskes": "Puskesmas Pembantu (Pustu)",
        "nama_faskes": "Pustu Krembangan Baru",
        "penyelenggara": "Pemerintah Kota",
        "status_lokasi": "mapped"
      },
      "geometry": {
        "type": "Point",
        "coordinates": [
          112.6113797876544,
          -7.2724928395354755
        ]
      }
    },
    {
      "type": "Feature",
      "properties": {
        "generated_faskes_id": "FSK0336",
        "kecamatan": "Krembangan",
        "jenis_faskes": "Apotek",
        "nama_faskes": "TIGA DUA LIMA",
        "penyelenggara": "swasta",
        "status_lokasi": "mapped"
      },
      "geometry": {
        "type": "Point",
        "coordinates": [
          112.59328742208466,
          -7.2738498866632755
        ]
      }
    },
    {
      "type": "Feature",
      "properties": {
        "generated_faskes_id": "FSK0337",
        "kecamatan": "Krembangan",
        "jenis_faskes": "Apotek",
        "nama_faskes": "ADI FARMA",
        "penyelenggara": "swasta",
        "status_lokasi": "mapped"
      },
      "geometry": {
        "type": "Point",
        "coordinates": [
          112.59744827270654,
          -7.27120544611582
        ]
      }
    },
    {
      "type": "Feature",
      "properties": {
        "generated_faskes_id": "FSK0338",
        "kecamatan": "Krembangan",
        "jenis_faskes": "Apotek",
        "nama_faskes": "SHERWIN",
        "penyelenggara": "swasta",
        "status_lokasi": "mapped"
      },
      "geometry": {
        "type": "Point",
        "coordinates": [
          112.60023213027429,
          -7.273289926324931
        ]
      }
    },
    {
      "type": "Feature",
      "properties": {
        "generated_faskes_id": "FSK0339",
        "kecamatan": "Krembangan",
        "jenis_faskes": "Apotek",
        "nama_faskes": "OKKY",
        "penyelenggara": "swasta",
        "status_lokasi": "mapped"
      },
      "geometry": {
        "type": "Point",
        "coordinates": [
          112.59348516949848,
          -7.2828598094208505
        ]
      }
    },
    {
      "type": "Feature",
      "properties": {
        "generated_faskes_id": "FSK0340",
        "kecamatan": "Krembangan",
        "jenis_faskes": "Apotek",
        "nama_faskes": "SIAGA MUSTIKA RAHAYU",
        "penyelenggara": "swasta",
        "status_lokasi": "mapped"
      },
      "geometry": {
        "type": "Point",
        "coordinates": [
          112.60260813167243,
          -7.270020123890795
        ]
      }
    },
    {
      "type": "Feature",
      "properties": {
        "generated_faskes_id": "FSK0341",
        "kecamatan": "Krembangan",
        "jenis_faskes": "Apotek",
        "nama_faskes": "LAYZA FARMA",
        "penyelenggara": "swasta",
        "status_lokasi": "mapped"
      },
      "geometry": {
        "type": "Point",
        "coordinates": [
          112.59968921039967,
          -7.285609083996316
        ]
      }
    },
    {
      "type": "Feature",
      "properties": {
        "generated_faskes_id": "FSK0342",
        "kecamatan": "Krembangan",
        "jenis_faskes": "Klinik Pratama",
        "nama_faskes": "RAJAWALI",
        "penyelenggara": "swasta",
        "status_lokasi": "mapped"
      },
      "geometry": {
        "type": "Point",
        "coordinates": [
          112.60115741733112,
          -7.282006061068961
        ]
      }
    },
    {
      "type": "Feature",
      "properties": {
        "generated_faskes_id": "FSK0343",
        "kecamatan": "Krembangan",
        "jenis_faskes": "Klinik Pratama",
        "nama_faskes": "KELSAPA",
        "penyelenggara": "swasta",
        "status_lokasi": "mapped"
      },
      "geometry": {
        "type": "Point",
        "coordinates": [
          112.60155752251212,
          -7.278370448845758
        ]
      }
    },
    {
      "type": "Feature",
      "properties": {
        "generated_faskes_id": "FSK0344",
        "kecamatan": "Krembangan",
        "jenis_faskes": "Klinik Pratama",
        "nama_faskes": "SANTA ANNA",
        "penyelenggara": "swasta",
        "status_lokasi": "mapped"
      },
      "geometry": {
        "type": "Point",
        "coordinates": [
          112.598660338506,
          -7.282434081912467
        ]
      }
    },
    {
      "type": "Feature",
      "properties": {
        "generated_faskes_id": "FSK0345",
        "kecamatan": "Krembangan",
        "jenis_faskes": "Klinik Pratama",
        "nama_faskes": "NAYAKA HUSADA 01",
        "penyelenggara": "swasta",
        "status_lokasi": "mapped"
      },
      "geometry": {
        "type": "Point",
        "coordinates": [
          112.5906595712112,
          -7.275545862160289
        ]
      }
    },
    {
      "type": "Feature",
      "properties": {
        "generated_faskes_id": "FSK0346",
        "kecamatan": "Krembangan",
        "jenis_faskes": "Klinik Pratama",
        "nama_faskes": "AL - AZHAR",
        "penyelenggara": "swasta",
        "status_lokasi": "mapped"
      },
      "geometry": {
        "type": "Point",
        "coordinates": [
          112.60215392925954,
          -7.284051355155605
        ]
      }
    },
    {
      "type": "Feature",
      "properties": {
        "generated_faskes_id": "FSK0347",
        "kecamatan": "Krembangan",
        "jenis_faskes": "Klinik Utama",
        "nama_faskes": "PRAMITA",
        "penyelenggara": "swasta",
        "status_lokasi": "mapped"
      },
      "geometry": {
        "type": "Point",
        "coordinates": [
          112.60826633425299,
          -7.287533132849883
        ]
      }
    },
    {
      "type": "Feature",
      "properties": {
        "generated_faskes_id": "FSK0348",
        "kecamatan": "Krembangan",
        "jenis_faskes": "Klinik Utama",
        "nama_faskes": "SPEKTRUM",
        "penyelenggara": "swasta",
        "status_lokasi": "mapped"
      },
      "geometry": {
        "type": "Point",
        "coordinates": [
          112.60734115454696,
          -7.275404155514542
        ]
      }
    },
    {
      "type": "Feature",
      "properties": {
        "generated_faskes_id": "FSK0349",
        "kecamatan": "Krembangan",
        "jenis_faskes": "Klinik Pratama",
        "nama_faskes": "POLRESTABES SURABAYA",
        "penyelenggara": "TNI/POLRI",
        "status_lokasi": "mapped"
      },
      "geometry": {
        "type": "Point",
        "coordinates": [
          112.60934226707695,
          -7.281255222870998
        ]
      }
    },
    {
      "type": "Feature",
      "properties": {
        "generated_faskes_id": "FSK0350",
        "kecamatan": "Krembangan",
        "jenis_faskes": "Klinik Pratama",
        "nama_faskes": "SUBDITKES AAL",
        "penyelenggara": "TNI/POLRI",
        "status_lokasi": "mapped"
      },
      "geometry": {
        "type": "Point",
        "coordinates": [
          112.60491066488454,
          -7.273286294885325
        ]
      }
    },
    {
      "type": "Feature",
      "properties": {
        "generated_faskes_id": "FSK0351",
        "kecamatan": "Krembangan",
        "jenis_faskes": "Klinik Pratama",
        "nama_faskes": "SATBRIMOB POLDA JATIM",
        "penyelenggara": "TNI/POLRI",
        "status_lokasi": "mapped"
      },
      "geometry": {
        "type": "Point",
        "coordinates": [
          112.6144245441598,
          -7.279252308090365
        ]
      }
    },
    {
      "type": "Feature",
      "properties": {
        "generated_faskes_id": "FSK0352",
        "kecamatan": "Krembangan",
        "jenis_faskes": "Klinik Pratama",
        "nama_faskes": "SATKES KODIKLATAL",
        "penyelenggara": "TNI/POLRI",
        "status_lokasi": "mapped"
      },
      "geometry": {
        "type": "Point",
        "coordinates": [
          112.58611058834036,
          -7.279124662247562
        ]
      }
    },
    {
      "type": "Feature",
      "properties": {
        "generated_faskes_id": "FSK0353",
        "kecamatan": "Krembangan",
        "jenis_faskes": "Klinik Pratama",
        "nama_faskes": "BHAYANGKARA M. DAHLAN",
        "penyelenggara": "TNI/POLRI",
        "status_lokasi": "mapped"
      },
      "geometry": {
        "type": "Point",
        "coordinates": [
          112.60270541287929,
          -7.272388827588359
        ]
      }
    },
    {
      "type": "Feature",
      "properties": {
        "generated_faskes_id": "FSK0354",
        "kecamatan": "Lakarsantri",
        "jenis_faskes": "Apotek",
        "nama_faskes": "KIMIA FARMA G WALK",
        "penyelenggara": "lainnya",
        "status_lokasi": "mapped"
      },
      "geometry": {
        "type": "Point",
        "coordinates": [
          112.65122571122163,
          -7.280261052820871
        ]
      }
    },
    {
      "type": "Feature",
      "properties": {
        "generated_faskes_id": "FSK0355",
        "kecamatan": "Lakarsantri",
        "jenis_faskes": "Apotek",
        "nama_faskes": "KIMIA FARMA 459",
        "penyelenggara": "lainnya",
        "status_lokasi": "mapped"
      },
      "geometry": {
        "type": "Point",
        "coordinates": [
          112.64077853260423,
          -7.279956318634639
        ]
      }
    },
    {
      "type": "Feature",
      "properties": {
        "generated_faskes_id": "FSK0356",
        "kecamatan": "Lakarsantri",
        "jenis_faskes": "Puskesmas Induk",
        "nama_faskes": "Puskesmas Bangkingan",
        "penyelenggara": "Pemerintah Kota",
        "status_lokasi": "mapped"
      },
      "geometry": {
        "type": "Point",
        "coordinates": [
          112.64667331482713,
          -7.280817058637983
        ]
      }
    },
    {
      "type": "Feature",
      "properties": {
        "generated_faskes_id": "FSK0357",
        "kecamatan": "Lakarsantri",
        "jenis_faskes": "Puskesmas Induk",
        "nama_faskes": "Puskesmas Jeruk",
        "penyelenggara": "Pemerintah Kota",
        "status_lokasi": "mapped"
      },
      "geometry": {
        "type": "Point",
        "coordinates": [
          112.64464343979283,
          -7.285503377655854
        ]
      }
    },
    {
      "type": "Feature",
      "properties": {
        "generated_faskes_id": "FSK0358",
        "kecamatan": "Lakarsantri",
        "jenis_faskes": "Puskesmas Induk",
        "nama_faskes": "Puskesmas Lidah Kulon",
        "penyelenggara": "Pemerintah Kota",
        "status_lokasi": "mapped"
      },
      "geometry": {
        "type": "Point",
        "coordinates": [
          112.63908471802954,
          -7.270564600106139
        ]
      }
    },
    {
      "type": "Feature",
      "properties": {
        "generated_faskes_id": "FSK0359",
        "kecamatan": "Lakarsantri",
        "jenis_faskes": "Rumah Sakit Khusus",
        "nama_faskes": "RS Orthopedi dan Traumatologi Surabaya",
        "penyelenggara": "Swasta",
        "status_lokasi": "mapped"
      },
      "geometry": {
        "type": "Point",
        "coordinates": [
          112.63515683702154,
          -7.275633749025907
        ]
      }
    },
    {
      "type": "Feature",
      "properties": {
        "generated_faskes_id": "FSK0360",
        "kecamatan": "Lakarsantri",
        "jenis_faskes": "Apotek",
        "nama_faskes": "WANGI",
        "penyelenggara": "swasta",
        "status_lokasi": "mapped"
      },
      "geometry": {
        "type": "Point",
        "coordinates": [
          112.64449509957738,
          -7.272717636306903
        ]
      }
    },
    {
      "type": "Feature",
      "properties": {
        "generated_faskes_id": "FSK0361",
        "kecamatan": "Lakarsantri",
        "jenis_faskes": "Apotek",
        "nama_faskes": "SUKSES",
        "penyelenggara": "swasta",
        "status_lokasi": "mapped"
      },
      "geometry": {
        "type": "Point",
        "coordinates": [
          112.65057024009698,
          -7.272578726623581
        ]
      }
    },
    {
      "type": "Feature",
      "properties": {
        "generated_faskes_id": "FSK0362",
        "kecamatan": "Lakarsantri",
        "jenis_faskes": "Apotek",
        "nama_faskes": "KIMMY",
        "penyelenggara": "swasta",
        "status_lokasi": "mapped"
      },
      "geometry": {
        "type": "Point",
        "coordinates": [
          112.63640028192567,
          -7.282527878844554
        ]
      }
    },
    {
      "type": "Feature",
      "properties": {
        "generated_faskes_id": "FSK0363",
        "kecamatan": "Lakarsantri",
        "jenis_faskes": "Apotek",
        "nama_faskes": "HIKMAH",
        "penyelenggara": "swasta",
        "status_lokasi": "mapped"
      },
      "geometry": {
        "type": "Point",
        "coordinates": [
          112.64656152275668,
          -7.27441096682887
        ]
      }
    },
    {
      "type": "Feature",
      "properties": {
        "generated_faskes_id": "FSK0364",
        "kecamatan": "Lakarsantri",
        "jenis_faskes": "Apotek",
        "nama_faskes": "DIAH FARMA",
        "penyelenggara": "swasta",
        "status_lokasi": "mapped"
      },
      "geometry": {
        "type": "Point",
        "coordinates": [
          112.65117149052196,
          -7.287675183169642
        ]
      }
    },
    {
      "type": "Feature",
      "properties": {
        "generated_faskes_id": "FSK0365",
        "kecamatan": "Lakarsantri",
        "jenis_faskes": "Apotek",
        "nama_faskes": "K - 24 MANUKAN TAMA",
        "penyelenggara": "swasta",
        "status_lokasi": "mapped"
      },
      "geometry": {
        "type": "Point",
        "coordinates": [
          112.62705262241545,
          -7.276762048024331
        ]
      }
    },
    {
      "type": "Feature",
      "properties": {
        "generated_faskes_id": "FSK0366",
        "kecamatan": "Lakarsantri",
        "jenis_faskes": "Apotek",
        "nama_faskes": "d18",
        "penyelenggara": "swasta",
        "status_lokasi": "mapped"
      },
      "geometry": {
        "type": "Point",
        "coordinates": [
          112.65262787296341,
          -7.270047191412469
        ]
      }
    },
    {
      "type": "Feature",
      "properties": {
        "generated_faskes_id": "FSK0367",
        "kecamatan": "Lakarsantri",
        "jenis_faskes": "Apotek",
        "nama_faskes": "SRIKAYA",
        "penyelenggara": "swasta",
        "status_lokasi": "mapped"
      },
      "geometry": {
        "type": "Point",
        "coordinates": [
          112.64740299100214,
          -7.280377189681409
        ]
      }
    },
    {
      "type": "Feature",
      "properties": {
        "generated_faskes_id": "FSK0368",
        "kecamatan": "Lakarsantri",
        "jenis_faskes": "Apotek",
        "nama_faskes": "SEHATI",
        "penyelenggara": "swasta",
        "status_lokasi": "mapped"
      },
      "geometry": {
        "type": "Point",
        "coordinates": [
          112.62795329379149,
          -7.276714623139019
        ]
      }
    },
    {
      "type": "Feature",
      "properties": {
        "generated_faskes_id": "FSK0369",
        "kecamatan": "Lakarsantri",
        "jenis_faskes": "Apotek",
        "nama_faskes": "WATSONS SUPERMALL PAKUWON",
        "penyelenggara": "swasta",
        "status_lokasi": "mapped"
      },
      "geometry": {
        "type": "Point",
        "coordinates": [
          112.65117737697821,
          -7.2801992265528686
        ]
      }
    },
    {
      "type": "Feature",
      "properties": {
        "generated_faskes_id": "FSK0370",
        "kecamatan": "Lakarsantri",
        "jenis_faskes": "Apotek",
        "nama_faskes": "BOSTON HEALTH & BEAUTY",
        "penyelenggara": "swasta",
        "status_lokasi": "mapped"
      },
      "geometry": {
        "type": "Point",
        "coordinates": [
          112.6458200348838,
          -7.271770558862407
        ]
      }
    },
    {
      "type": "Feature",
      "properties": {
        "generated_faskes_id": "FSK0371",
        "kecamatan": "Lakarsantri",
        "jenis_faskes": "Apotek",
        "nama_faskes": "DWI",
        "penyelenggara": "swasta",
        "status_lokasi": "mapped"
      },
      "geometry": {
        "type": "Point",
        "coordinates": [
          112.62637972906032,
          -7.273737369805359
        ]
      }
    },
    {
      "type": "Feature",
      "properties": {
        "generated_faskes_id": "FSK0372",
        "kecamatan": "Lakarsantri",
        "jenis_faskes": "Apotek",
        "nama_faskes": "UTAMA",
        "penyelenggara": "swasta",
        "status_lokasi": "mapped"
      },
      "geometry": {
        "type": "Point",
        "coordinates": [
          112.63380103327896,
          -7.281461246687452
        ]
      }
    },
    {
      "type": "Feature",
      "properties": {
        "generated_faskes_id": "FSK0373",
        "kecamatan": "Lakarsantri",
        "jenis_faskes": "Apotek",
        "nama_faskes": "K-24 LIDAH WETAN",
        "penyelenggara": "swasta",
        "status_lokasi": "mapped"
      },
      "geometry": {
        "type": "Point",
        "coordinates": [
          112.62936709387098,
          -7.278595284167272
        ]
      }
    },
    {
      "type": "Feature",
      "properties": {
        "generated_faskes_id": "FSK0374",
        "kecamatan": "Lakarsantri",
        "jenis_faskes": "Apotek",
        "nama_faskes": "K-24 LAKARSANTRI",
        "penyelenggara": "swasta",
        "status_lokasi": "mapped"
      },
      "geometry": {
        "type": "Point",
        "coordinates": [
          112.64197784185748,
          -7.273803809645515
        ]
      }
    },
    {
      "type": "Feature",
      "properties": {
        "generated_faskes_id": "FSK0375",
        "kecamatan": "Lakarsantri",
        "jenis_faskes": "Apotek",
        "nama_faskes": "W",
        "penyelenggara": "swasta",
        "status_lokasi": "mapped"
      },
      "geometry": {
        "type": "Point",
        "coordinates": [
          112.63009950947205,
          -7.2868855802379
        ]
      }
    },
    {
      "type": "Feature",
      "properties": {
        "generated_faskes_id": "FSK0376",
        "kecamatan": "Lakarsantri",
        "jenis_faskes": "Toko Obat",
        "nama_faskes": "SUPER INDO CITRALAND SQUARE",
        "penyelenggara": "swasta",
        "status_lokasi": "mapped"
      },
      "geometry": {
        "type": "Point",
        "coordinates": [
          112.65112518795935,
          -7.276971976576814
        ]
      }
    },
    {
      "type": "Feature",
      "properties": {
        "generated_faskes_id": "FSK0377",
        "kecamatan": "Lakarsantri",
        "jenis_faskes": "Klinik Pratama",
        "nama_faskes": "SUPER SKIN",
        "penyelenggara": "swasta",
        "status_lokasi": "mapped"
      },
      "geometry": {
        "type": "Point",
        "coordinates": [
          112.63222489375569,
          -7.271598134706235
        ]
      }
    },
    {
      "type": "Feature",
      "properties": {
        "generated_faskes_id": "FSK0378",
        "kecamatan": "Lakarsantri",
        "jenis_faskes": "Klinik Pratama",
        "nama_faskes": "ERHA SKIN MENGANTI",
        "penyelenggara": "swasta",
        "status_lokasi": "mapped"
      },
      "geometry": {
        "type": "Point",
        "coordinates": [
          112.62929353160385,
          -7.279878918255158
        ]
      }
    },
    {
      "type": "Feature",
      "properties": {
        "generated_faskes_id": "FSK0379",
        "kecamatan": "Lakarsantri",
        "jenis_faskes": "Klinik Pratama",
        "nama_faskes": "NEW LIFE",
        "penyelenggara": "swasta",
        "status_lokasi": "mapped"
      },
      "geometry": {
        "type": "Point",
        "coordinates": [
          112.6326193201824,
          -7.283652343683748
        ]
      }
    },
    {
      "type": "Feature",
      "properties": {
        "generated_faskes_id": "FSK0380",
        "kecamatan": "Lakarsantri",
        "jenis_faskes": "Klinik Pratama",
        "nama_faskes": "GLOBAL SEJAHTERA ABADA 3",
        "penyelenggara": "swasta",
        "status_lokasi": "mapped"
      },
      "geometry": {
        "type": "Point",
        "coordinates": [
          112.62528192294364,
          -7.273581726922122
        ]
      }
    },
    {
      "type": "Feature",
      "properties": {
        "generated_faskes_id": "FSK0381",
        "kecamatan": "Lakarsantri",
        "jenis_faskes": "Klinik Pratama",
        "nama_faskes": "LUMINAIRE",
        "penyelenggara": "swasta",
        "status_lokasi": "mapped"
      },
      "geometry": {
        "type": "Point",
        "coordinates": [
          112.65203628270797,
          -7.275910467095517
        ]
      }
    },
    {
      "type": "Feature",
      "properties": {
        "generated_faskes_id": "FSK0382",
        "kecamatan": "Lakarsantri",
        "jenis_faskes": "Klinik Utama",
        "nama_faskes": "IDAF HUSADA",
        "penyelenggara": "swasta",
        "status_lokasi": "mapped"
      },
      "geometry": {
        "type": "Point",
        "coordinates": [
          112.62973926866215,
          -7.2802349539672635
        ]
      }
    },
    {
      "type": "Feature",
      "properties": {
        "generated_faskes_id": "FSK0383",
        "kecamatan": "Lakarsantri",
        "jenis_faskes": "Klinik Utama",
        "nama_faskes": "MIRACLE AESTHETIC CLINIC",
        "penyelenggara": "swasta",
        "status_lokasi": "mapped"
      },
      "geometry": {
        "type": "Point",
        "coordinates": [
          112.6353669687333,
          -7.277561185406015
        ]
      }
    },
    {
      "type": "Feature",
      "properties": {
        "generated_faskes_id": "FSK0384",
        "kecamatan": "Mulyorejo",
        "jenis_faskes": "Rumah Sakit Umum",
        "nama_faskes": "RS Universitas Airlangga",
        "penyelenggara": "Kementrian Lain",
        "status_lokasi": "mapped"
      },
      "geometry": {
        "type": "Point",
        "coordinates": [
          112.68416816107079,
          -7.280554336128216
        ]
      }
    },
    {
      "type": "Feature",
      "properties": {
        "generated_faskes_id": "FSK0385",
        "kecamatan": "Mulyorejo",
        "jenis_faskes": "Apotek",
        "nama_faskes": "KIMIA FARMA HEALTH AND BEAUTY PAKUWON CITY",
        "penyelenggara": "lainnya",
        "status_lokasi": "mapped"
      },
      "geometry": {
        "type": "Point",
        "coordinates": [
          112.67250294673222,
          -7.272836094705719
        ]
      }
    },
    {
      "type": "Feature",
      "properties": {
        "generated_faskes_id": "FSK0386",
        "kecamatan": "Mulyorejo",
        "jenis_faskes": "Puskesmas Induk",
        "nama_faskes": "Puskesmas Kalijudan",
        "penyelenggara": "Pemerintah Kota",
        "status_lokasi": "mapped"
      },
      "geometry": {
        "type": "Point",
        "coordinates": [
          112.67097650997326,
          -7.281280623768931
        ]
      }
    },
    {
      "type": "Feature",
      "properties": {
        "generated_faskes_id": "FSK0387",
        "kecamatan": "Mulyorejo",
        "jenis_faskes": "Puskesmas Induk",
        "nama_faskes": "Puskesmas Mulyorejo",
        "penyelenggara": "Pemerintah Kota",
        "status_lokasi": "mapped"
      },
      "geometry": {
        "type": "Point",
        "coordinates": [
          112.67949624183177,
          -7.2839845621313275
        ]
      }
    },
    {
      "type": "Feature",
      "properties": {
        "generated_faskes_id": "FSK0388",
        "kecamatan": "Mulyorejo",
        "jenis_faskes": "Puskesmas Pembantu (Pustu)",
        "nama_faskes": "Pustu Sutorejo",
        "penyelenggara": "Pemerintah Kota",
        "status_lokasi": "mapped"
      },
      "geometry": {
        "type": "Point",
        "coordinates": [
          112.68215768077052,
          -7.277795114613391
        ]
      }
    },
    {
      "type": "Feature",
      "properties": {
        "generated_faskes_id": "FSK0389",
        "kecamatan": "Mulyorejo",
        "jenis_faskes": "Puskesmas Pembantu (Pustu)",
        "nama_faskes": "Pustu Mulyorejo / wisma permai",
        "penyelenggara": "Pemerintah Kota",
        "status_lokasi": "mapped"
      },
      "geometry": {
        "type": "Point",
        "coordinates": [
          112.6947807613088,
          -7.28292076951214
        ]
      }
    },
    {
      "type": "Feature",
      "properties": {
        "generated_faskes_id": "FSK0390",
        "kecamatan": "Mulyorejo",
        "jenis_faskes": "Rumah Sakit Umum",
        "nama_faskes": "RS Manyar Medical Centre",
        "penyelenggara": "Swasta",
        "status_lokasi": "mapped"
      },
      "geometry": {
        "type": "Point",
        "coordinates": [
          112.69433833453729,
          -7.276265786707974
        ]
      }
    },
    {
      "type": "Feature",
      "properties": {
        "generated_faskes_id": "FSK0391",
        "kecamatan": "Mulyorejo",
        "jenis_faskes": "Rumah Sakit Khusus",
        "nama_faskes": "RS Ibu dan Anak Kendangsari Merr",
        "penyelenggara": "Swasta",
        "status_lokasi": "mapped"
      },
      "geometry": {
        "type": "Point",
        "coordinates": [
          112.67323441140535,
          -7.277957968022479
        ]
      }
    },
    {
      "type": "Feature",
      "properties": {
        "generated_faskes_id": "FSK0392",
        "kecamatan": "Mulyorejo",
        "jenis_faskes": "Rumah Sakit Umum",
        "nama_faskes": "RS Mitra Keluarga Kenjeran",
        "penyelenggara": "Swasta",
        "status_lokasi": "mapped"
      },
      "geometry": {
        "type": "Point",
        "coordinates": [
          112.68557398478201,
          -7.274681071245302
        ]
      }
    },
    {
      "type": "Feature",
      "properties": {
        "generated_faskes_id": "FSK0393",
        "kecamatan": "Mulyorejo",
        "jenis_faskes": "Apotek",
        "nama_faskes": "MULYOREJO",
        "penyelenggara": "swasta",
        "status_lokasi": "mapped"
      },
      "geometry": {
        "type": "Point",
        "coordinates": [
          112.66647132752327,
          -7.277215880960265
        ]
      }
    },
    {
      "type": "Feature",
      "properties": {
        "generated_faskes_id": "FSK0394",
        "kecamatan": "Mulyorejo",
        "jenis_faskes": "Apotek",
        "nama_faskes": "MUSTAJAB",
        "penyelenggara": "swasta",
        "status_lokasi": "mapped"
      },
      "geometry": {
        "type": "Point",
        "coordinates": [
          112.67990181859571,
          -7.271757153000281
        ]
      }
    },
    {
      "type": "Feature",
      "properties": {
        "generated_faskes_id": "FSK0395",
        "kecamatan": "Mulyorejo",
        "jenis_faskes": "Apotek",
        "nama_faskes": "BAGIANA",
        "penyelenggara": "swasta",
        "status_lokasi": "mapped"
      },
      "geometry": {
        "type": "Point",
        "coordinates": [
          112.67358582454376,
          -7.2736875644756935
        ]
      }
    },
    {
      "type": "Feature",
      "properties": {
        "generated_faskes_id": "FSK0396",
        "kecamatan": "Mulyorejo",
        "jenis_faskes": "Apotek",
        "nama_faskes": "ALBA MEDIKA",
        "penyelenggara": "swasta",
        "status_lokasi": "mapped"
      },
      "geometry": {
        "type": "Point",
        "coordinates": [
          112.68321194994492,
          -7.281874115809686
        ]
      }
    },
    {
      "type": "Feature",
      "properties": {
        "generated_faskes_id": "FSK0397",
        "kecamatan": "Mulyorejo",
        "jenis_faskes": "Apotek",
        "nama_faskes": "JEFARMA",
        "penyelenggara": "swasta",
        "status_lokasi": "mapped"
      },
      "geometry": {
        "type": "Point",
        "coordinates": [
          112.68409853634017,
          -7.2769503286759445
        ]
      }
    },
    {
      "type": "Feature",
      "properties": {
        "generated_faskes_id": "FSK0398",
        "kecamatan": "Mulyorejo",
        "jenis_faskes": "Apotek",
        "nama_faskes": "CHRIST",
        "penyelenggara": "swasta",
        "status_lokasi": "mapped"
      },
      "geometry": {
        "type": "Point",
        "coordinates": [
          112.68533293375869,
          -7.27511631309437
        ]
      }
    },
    {
      "type": "Feature",
      "properties": {
        "generated_faskes_id": "FSK0399",
        "kecamatan": "Mulyorejo",
        "jenis_faskes": "Apotek",
        "nama_faskes": "GUARDIAN SHOP IN GALAXY MALL",
        "penyelenggara": "swasta",
        "status_lokasi": "mapped"
      },
      "geometry": {
        "type": "Point",
        "coordinates": [
          112.6847754462095,
          -7.272963819522354
        ]
      }
    },
    {
      "type": "Feature",
      "properties": {
        "generated_faskes_id": "FSK0400",
        "kecamatan": "Mulyorejo",
        "jenis_faskes": "Apotek",
        "nama_faskes": "FAMILY FARMA",
        "penyelenggara": "swasta",
        "status_lokasi": "mapped"
      },
      "geometry": {
        "type": "Point",
        "coordinates": [
          112.6838474431106,
          -7.271770932091995
        ]
      }
    },
    {
      "type": "Feature",
      "properties": {
        "generated_faskes_id": "FSK0401",
        "kecamatan": "Mulyorejo",
        "jenis_faskes": "Apotek",
        "nama_faskes": "K - 24 MULYOSARI",
        "penyelenggara": "swasta",
        "status_lokasi": "mapped"
      },
      "geometry": {
        "type": "Point",
        "coordinates": [
          112.68439021826671,
          -7.282669563794202
        ]
      }
    },
    {
      "type": "Feature",
      "properties": {
        "generated_faskes_id": "FSK0402",
        "kecamatan": "Mulyorejo",
        "jenis_faskes": "Apotek",
        "nama_faskes": "XION",
        "penyelenggara": "swasta",
        "status_lokasi": "mapped"
      },
      "geometry": {
        "type": "Point",
        "coordinates": [
          112.67822469570487,
          -7.277707813568246
        ]
      }
    },
    {
      "type": "Feature",
      "properties": {
        "generated_faskes_id": "FSK0403",
        "kecamatan": "Mulyorejo",
        "jenis_faskes": "Apotek",
        "nama_faskes": "PRISKA",
        "penyelenggara": "swasta",
        "status_lokasi": "mapped"
      },
      "geometry": {
        "type": "Point",
        "coordinates": [
          112.68697079303817,
          -7.286680888111319
        ]
      }
    },
    {
      "type": "Feature",
      "properties": {
        "generated_faskes_id": "FSK0404",
        "kecamatan": "Mulyorejo",
        "jenis_faskes": "Apotek",
        "nama_faskes": "VITO",
        "penyelenggara": "swasta",
        "status_lokasi": "mapped"
      },
      "geometry": {
        "type": "Point",
        "coordinates": [
          112.67385331354886,
          -7.2746295174761295
        ]
      }
    },
    {
      "type": "Feature",
      "properties": {
        "generated_faskes_id": "FSK0405",
        "kecamatan": "Mulyorejo",
        "jenis_faskes": "Apotek",
        "nama_faskes": "IBECA FARMA",
        "penyelenggara": "swasta",
        "status_lokasi": "mapped"
      },
      "geometry": {
        "type": "Point",
        "coordinates": [
          112.67026920211332,
          -7.285910403707976
        ]
      }
    },
    {
      "type": "Feature",
      "properties": {
        "generated_faskes_id": "FSK0406",
        "kecamatan": "Mulyorejo",
        "jenis_faskes": "Apotek",
        "nama_faskes": "HAVANDI",
        "penyelenggara": "swasta",
        "status_lokasi": "mapped"
      },
      "geometry": {
        "type": "Point",
        "coordinates": [
          112.68118223276953,
          -7.270522691011125
        ]
      }
    },
    {
      "type": "Feature",
      "properties": {
        "generated_faskes_id": "FSK0407",
        "kecamatan": "Mulyorejo",
        "jenis_faskes": "Apotek",
        "nama_faskes": "CINDI",
        "penyelenggara": "swasta",
        "status_lokasi": "mapped"
      },
      "geometry": {
        "type": "Point",
        "coordinates": [
          112.68092557121108,
          -7.271586072134502
        ]
      }
    },
    {
      "type": "Feature",
      "properties": {
        "generated_faskes_id": "FSK0408",
        "kecamatan": "Mulyorejo",
        "jenis_faskes": "Apotek",
        "nama_faskes": "FITRIN",
        "penyelenggara": "swasta",
        "status_lokasi": "mapped"
      },
      "geometry": {
        "type": "Point",
        "coordinates": [
          112.68991417858702,
          -7.28362221511634
        ]
      }
    },
    {
      "type": "Feature",
      "properties": {
        "generated_faskes_id": "FSK0409",
        "kecamatan": "Mulyorejo",
        "jenis_faskes": "Apotek",
        "nama_faskes": "SMILE PLUS",
        "penyelenggara": "swasta",
        "status_lokasi": "mapped"
      },
      "geometry": {
        "type": "Point",
        "coordinates": [
          112.68974069437627,
          -7.2794994564523146
        ]
      }
    },
    {
      "type": "Feature",
      "properties": {
        "generated_faskes_id": "FSK0410",
        "kecamatan": "Mulyorejo",
        "jenis_faskes": "Apotek",
        "nama_faskes": "KEISSA",
        "penyelenggara": "swasta",
        "status_lokasi": "mapped"
      },
      "geometry": {
        "type": "Point",
        "coordinates": [
          112.6891946548138,
          -7.274646411903521
        ]
      }
    },
    {
      "type": "Feature",
      "properties": {
        "generated_faskes_id": "FSK0411",
        "kecamatan": "Mulyorejo",
        "jenis_faskes": "Apotek",
        "nama_faskes": "XAVIER",
        "penyelenggara": "swasta",
        "status_lokasi": "mapped"
      },
      "geometry": {
        "type": "Point",
        "coordinates": [
          112.67516145761405,
          -7.286221888696754
        ]
      }
    },
    {
      "type": "Feature",
      "properties": {
        "generated_faskes_id": "FSK0412",
        "kecamatan": "Mulyorejo",
        "jenis_faskes": "Apotek",
        "nama_faskes": "K - 24 MERR KALIJUDAN",
        "penyelenggara": "swasta",
        "status_lokasi": "mapped"
      },
      "geometry": {
        "type": "Point",
        "coordinates": [
          112.69388679878605,
          -7.285752788058225
        ]
      }
    },
    {
      "type": "Feature",
      "properties": {
        "generated_faskes_id": "FSK0413",
        "kecamatan": "Mulyorejo",
        "jenis_faskes": "Apotek",
        "nama_faskes": "MUJUR SURYA",
        "penyelenggara": "swasta",
        "status_lokasi": "mapped"
      },
      "geometry": {
        "type": "Point",
        "coordinates": [
          112.69399500628387,
          -7.272564089056854
        ]
      }
    },
    {
      "type": "Feature",
      "properties": {
        "generated_faskes_id": "FSK0414",
        "kecamatan": "Mulyorejo",
        "jenis_faskes": "Apotek",
        "nama_faskes": "MELISA FARMA",
        "penyelenggara": "swasta",
        "status_lokasi": "mapped"
      },
      "geometry": {
        "type": "Point",
        "coordinates": [
          112.68672650136226,
          -7.270367725548998
        ]
      }
    },
    {
      "type": "Feature",
      "properties": {
        "generated_faskes_id": "FSK0415",
        "kecamatan": "Mulyorejo",
        "jenis_faskes": "Apotek",
        "nama_faskes": "ELHA",
        "penyelenggara": "swasta",
        "status_lokasi": "mapped"
      },
      "geometry": {
        "type": "Point",
        "coordinates": [
          112.694018092419,
          -7.273582559859623
        ]
      }
    },
    {
      "type": "Feature",
      "properties": {
        "generated_faskes_id": "FSK0416",
        "kecamatan": "Mulyorejo",
        "jenis_faskes": "Apotek",
        "nama_faskes": "WATSONS EAST COST",
        "penyelenggara": "swasta",
        "status_lokasi": "mapped"
      },
      "geometry": {
        "type": "Point",
        "coordinates": [
          112.67597325148216,
          -7.2738374972425355
        ]
      }
    },
    {
      "type": "Feature",
      "properties": {
        "generated_faskes_id": "FSK0417",
        "kecamatan": "Mulyorejo",
        "jenis_faskes": "Apotek",
        "nama_faskes": "ENGGAL HUSADA",
        "penyelenggara": "swasta",
        "status_lokasi": "mapped"
      },
      "geometry": {
        "type": "Point",
        "coordinates": [
          112.66541755965302,
          -7.2784961743484
        ]
      }
    },
    {
      "type": "Feature",
      "properties": {
        "generated_faskes_id": "FSK0418",
        "kecamatan": "Mulyorejo",
        "jenis_faskes": "Apotek",
        "nama_faskes": "UNI MEDIKA",
        "penyelenggara": "swasta",
        "status_lokasi": "mapped"
      },
      "geometry": {
        "type": "Point",
        "coordinates": [
          112.678643580832,
          -7.275998146332314
        ]
      }
    },
    {
      "type": "Feature",
      "properties": {
        "generated_faskes_id": "FSK0419",
        "kecamatan": "Mulyorejo",
        "jenis_faskes": "Apotek",
        "nama_faskes": "WATSONS GALAXY MALL SURABAYA",
        "penyelenggara": "swasta",
        "status_lokasi": "mapped"
      },
      "geometry": {
        "type": "Point",
        "coordinates": [
          112.68517022392052,
          -7.27761639831971
        ]
      }
    },
    {
      "type": "Feature",
      "properties": {
        "generated_faskes_id": "FSK0420",
        "kecamatan": "Mulyorejo",
        "jenis_faskes": "Apotek",
        "nama_faskes": "GUARDIAN GALAXY MALL 3",
        "penyelenggara": "swasta",
        "status_lokasi": "mapped"
      },
      "geometry": {
        "type": "Point",
        "coordinates": [
          112.68967251903679,
          -7.271094648650708
        ]
      }
    },
    {
      "type": "Feature",
      "properties": {
        "generated_faskes_id": "FSK0421",
        "kecamatan": "Mulyorejo",
        "jenis_faskes": "Apotek",
        "nama_faskes": "AIRDAS FARMA",
        "penyelenggara": "swasta",
        "status_lokasi": "mapped"
      },
      "geometry": {
        "type": "Point",
        "coordinates": [
          112.66825038306597,
          -7.2840465984594545
        ]
      }
    },
    {
      "type": "Feature",
      "properties": {
        "generated_faskes_id": "FSK0422",
        "kecamatan": "Mulyorejo",
        "jenis_faskes": "Apotek",
        "nama_faskes": "WATSONS GALAX MALL 2",
        "penyelenggara": "swasta",
        "status_lokasi": "mapped"
      },
      "geometry": {
        "type": "Point",
        "coordinates": [
          112.66575073948938,
          -7.272122361171061
        ]
      }
    },
    {
      "type": "Feature",
      "properties": {
        "generated_faskes_id": "FSK0423",
        "kecamatan": "Mulyorejo",
        "jenis_faskes": "Apotek",
        "nama_faskes": "36 Merr",
        "penyelenggara": "swasta",
        "status_lokasi": "mapped"
      },
      "geometry": {
        "type": "Point",
        "coordinates": [
          112.68184222146749,
          -7.271553641673042
        ]
      }
    },
    {
      "type": "Feature",
      "properties": {
        "generated_faskes_id": "FSK0424",
        "kecamatan": "Mulyorejo",
        "jenis_faskes": "Toko Obat",
        "nama_faskes": "INTISARI",
        "penyelenggara": "swasta",
        "status_lokasi": "mapped"
      },
      "geometry": {
        "type": "Point",
        "coordinates": [
          112.67164101600221,
          -7.287174354245396
        ]
      }
    },
    {
      "type": "Feature",
      "properties": {
        "generated_faskes_id": "FSK0425",
        "kecamatan": "Mulyorejo",
        "jenis_faskes": "Toko Obat",
        "nama_faskes": "ZHONG YAO",
        "penyelenggara": "swasta",
        "status_lokasi": "mapped"
      },
      "geometry": {
        "type": "Point",
        "coordinates": [
          112.68971566054171,
          -7.271661226628821
        ]
      }
    },
    {
      "type": "Feature",
      "properties": {
        "generated_faskes_id": "FSK0426",
        "kecamatan": "Mulyorejo",
        "jenis_faskes": "Toko Obat",
        "nama_faskes": "BOSTON HEALTH & BEAUTY ECC",
        "penyelenggara": "swasta",
        "status_lokasi": "mapped"
      },
      "geometry": {
        "type": "Point",
        "coordinates": [
          112.67406570523588,
          -7.280847909310417
        ]
      }
    },
    {
      "type": "Feature",
      "properties": {
        "generated_faskes_id": "FSK0427",
        "kecamatan": "Mulyorejo",
        "jenis_faskes": "Toko Obat",
        "nama_faskes": "SUPERINDO KERTAJAYA",
        "penyelenggara": "swasta",
        "status_lokasi": "mapped"
      },
      "geometry": {
        "type": "Point",
        "coordinates": [
          112.6691933103752,
          -7.270985205230497
        ]
      }
    },
    {
      "type": "Feature",
      "properties": {
        "generated_faskes_id": "FSK0428",
        "kecamatan": "Mulyorejo",
        "jenis_faskes": "Toko Obat",
        "nama_faskes": "Hypermart ECC",
        "penyelenggara": "swasta",
        "status_lokasi": "mapped"
      },
      "geometry": {
        "type": "Point",
        "coordinates": [
          112.67413093753068,
          -7.2793018819854
        ]
      }
    },
    {
      "type": "Feature",
      "properties": {
        "generated_faskes_id": "FSK0429",
        "kecamatan": "Mulyorejo",
        "jenis_faskes": "Toko Obat",
        "nama_faskes": "Super Indo Central Park",
        "penyelenggara": "swasta",
        "status_lokasi": "mapped"
      },
      "geometry": {
        "type": "Point",
        "coordinates": [
          112.66791575995865,
          -7.272066912676977
        ]
      }
    },
    {
      "type": "Feature",
      "properties": {
        "generated_faskes_id": "FSK0430",
        "kecamatan": "Mulyorejo",
        "jenis_faskes": "Toko Obat",
        "nama_faskes": "GUARDIAN EAST COST",
        "penyelenggara": "swasta",
        "status_lokasi": "mapped"
      },
      "geometry": {
        "type": "Point",
        "coordinates": [
          112.66906992146119,
          -7.280016531123703
        ]
      }
    },
    {
      "type": "Feature",
      "properties": {
        "generated_faskes_id": "FSK0431",
        "kecamatan": "Mulyorejo",
        "jenis_faskes": "Toko Obat",
        "nama_faskes": "RANCH MARKET",
        "penyelenggara": "swasta",
        "status_lokasi": "mapped"
      },
      "geometry": {
        "type": "Point",
        "coordinates": [
          112.6851145865655,
          -7.2747090977720745
        ]
      }
    },
    {
      "type": "Feature",
      "properties": {
        "generated_faskes_id": "FSK0432",
        "kecamatan": "Mulyorejo",
        "jenis_faskes": "Klinik Pratama",
        "nama_faskes": "PLK - UA KAMPUS C UNAIR",
        "penyelenggara": "swasta",
        "status_lokasi": "mapped"
      },
      "geometry": {
        "type": "Point",
        "coordinates": [
          112.69337922257337,
          -7.280649342854063
        ]
      }
    },
    {
      "type": "Feature",
      "properties": {
        "generated_faskes_id": "FSK0433",
        "kecamatan": "Mulyorejo",
        "jenis_faskes": "Klinik Pratama",
        "nama_faskes": "DOKTER AYOMAN KELUARGA",
        "penyelenggara": "swasta",
        "status_lokasi": "mapped"
      },
      "geometry": {
        "type": "Point",
        "coordinates": [
          112.68726807044295,
          -7.28550041345582
        ]
      }
    },
    {
      "type": "Feature",
      "properties": {
        "generated_faskes_id": "FSK0434",
        "kecamatan": "Mulyorejo",
        "jenis_faskes": "Klinik Pratama",
        "nama_faskes": "ABDI MULIA",
        "penyelenggara": "swasta",
        "status_lokasi": "mapped"
      },
      "geometry": {
        "type": "Point",
        "coordinates": [
          112.6774465358231,
          -7.286517936696973
        ]
      }
    },
    {
      "type": "Feature",
      "properties": {
        "generated_faskes_id": "FSK0435",
        "kecamatan": "Mulyorejo",
        "jenis_faskes": "Klinik Pratama",
        "nama_faskes": "dr. Subur Prajitno",
        "penyelenggara": "swasta",
        "status_lokasi": "mapped"
      },
      "geometry": {
        "type": "Point",
        "coordinates": [
          112.67968041113367,
          -7.280851208762209
        ]
      }
    },
    {
      "type": "Feature",
      "properties": {
        "generated_faskes_id": "FSK0436",
        "kecamatan": "Mulyorejo",
        "jenis_faskes": "Klinik Pratama",
        "nama_faskes": "YAYASAN SOSIAL ABDIHUSADA UTAMA",
        "penyelenggara": "swasta",
        "status_lokasi": "mapped"
      },
      "geometry": {
        "type": "Point",
        "coordinates": [
          112.69354564576142,
          -7.28773353474099
        ]
      }
    },
    {
      "type": "Feature",
      "properties": {
        "generated_faskes_id": "FSK0437",
        "kecamatan": "Mulyorejo",
        "jenis_faskes": "Klinik Pratama",
        "nama_faskes": "ZAP GALAKSI",
        "penyelenggara": "swasta",
        "status_lokasi": "mapped"
      },
      "geometry": {
        "type": "Point",
        "coordinates": [
          112.67611589876202,
          -7.28020464342222
        ]
      }
    },
    {
      "type": "Feature",
      "properties": {
        "generated_faskes_id": "FSK0438",
        "kecamatan": "Mulyorejo",
        "jenis_faskes": "Klinik Pratama",
        "nama_faskes": "SKIDENT AESTHETIC CENTER",
        "penyelenggara": "swasta",
        "status_lokasi": "mapped"
      },
      "geometry": {
        "type": "Point",
        "coordinates": [
          112.69351665509554,
          -7.272650079789391
        ]
      }
    },
    {
      "type": "Feature",
      "properties": {
        "generated_faskes_id": "FSK0439",
        "kecamatan": "Mulyorejo",
        "jenis_faskes": "Klinik Pratama",
        "nama_faskes": "ANF",
        "penyelenggara": "swasta",
        "status_lokasi": "mapped"
      },
      "geometry": {
        "type": "Point",
        "coordinates": [
          112.66798063873817,
          -7.275762528466176
        ]
      }
    },
    {
      "type": "Feature",
      "properties": {
        "generated_faskes_id": "FSK0440",
        "kecamatan": "Mulyorejo",
        "jenis_faskes": "Klinik Pratama",
        "nama_faskes": "LONDON BEAUTY CENTRE",
        "penyelenggara": "swasta",
        "status_lokasi": "mapped"
      },
      "geometry": {
        "type": "Point",
        "coordinates": [
          112.68133397584445,
          -7.270406220293379
        ]
      }
    },
    {
      "type": "Feature",
      "properties": {
        "generated_faskes_id": "FSK0441",
        "kecamatan": "Mulyorejo",
        "jenis_faskes": "Klinik Pratama",
        "nama_faskes": "BIOTECH",
        "penyelenggara": "swasta",
        "status_lokasi": "mapped"
      },
      "geometry": {
        "type": "Point",
        "coordinates": [
          112.67576021523637,
          -7.281034106549686
        ]
      }
    },
    {
      "type": "Feature",
      "properties": {
        "generated_faskes_id": "FSK0442",
        "kecamatan": "Mulyorejo",
        "jenis_faskes": "Klinik Utama",
        "nama_faskes": "3D CLINIC",
        "penyelenggara": "swasta",
        "status_lokasi": "mapped"
      },
      "geometry": {
        "type": "Point",
        "coordinates": [
          112.67069425686482,
          -7.2860937384834
        ]
      }
    },
    {
      "type": "Feature",
      "properties": {
        "generated_faskes_id": "FSK0443",
        "kecamatan": "Mulyorejo",
        "jenis_faskes": "Klinik Utama",
        "nama_faskes": "MEDIKA UTAMA 2",
        "penyelenggara": "swasta",
        "status_lokasi": "mapped"
      },
      "geometry": {
        "type": "Point",
        "coordinates": [
          112.6904409956539,
          -7.279996848242874
        ]
      }
    },
    {
      "type": "Feature",
      "properties": {
        "generated_faskes_id": "FSK0444",
        "kecamatan": "Mulyorejo",
        "jenis_faskes": "Klinik Utama",
        "nama_faskes": "WIDJAJA ASTHMA CENTRE",
        "penyelenggara": "swasta",
        "status_lokasi": "mapped"
      },
      "geometry": {
        "type": "Point",
        "coordinates": [
          112.68488306214185,
          -7.276568751434057
        ]
      }
    },
    {
      "type": "Feature",
      "properties": {
        "generated_faskes_id": "FSK0445",
        "kecamatan": "Mulyorejo",
        "jenis_faskes": "Klinik Utama",
        "nama_faskes": "SHINY SMILE DENTAL CLINIC",
        "penyelenggara": "swasta",
        "status_lokasi": "mapped"
      },
      "geometry": {
        "type": "Point",
        "coordinates": [
          112.68291437878558,
          -7.287941779996499
        ]
      }
    },
    {
      "type": "Feature",
      "properties": {
        "generated_faskes_id": "FSK0446",
        "kecamatan": "Mulyorejo",
        "jenis_faskes": "Klinik Utama",
        "nama_faskes": "SAYANG DIAGNOSTIC CENTER",
        "penyelenggara": "swasta",
        "status_lokasi": "mapped"
      },
      "geometry": {
        "type": "Point",
        "coordinates": [
          112.68860383771363,
          -7.283867903551992
        ]
      }
    },
    {
      "type": "Feature",
      "properties": {
        "generated_faskes_id": "FSK0447",
        "kecamatan": "Mulyorejo",
        "jenis_faskes": "Klinik Utama",
        "nama_faskes": "PRAMITA",
        "penyelenggara": "swasta",
        "status_lokasi": "mapped"
      },
      "geometry": {
        "type": "Point",
        "coordinates": [
          112.66877771655923,
          -7.277982737108354
        ]
      }
    },
    {
      "type": "Feature",
      "properties": {
        "generated_faskes_id": "FSK0448",
        "kecamatan": "Mulyorejo",
        "jenis_faskes": "Klinik Utama",
        "nama_faskes": "MIRACLE AESTHETIC CLINIC",
        "penyelenggara": "swasta",
        "status_lokasi": "mapped"
      },
      "geometry": {
        "type": "Point",
        "coordinates": [
          112.66705830458473,
          -7.274305448108709
        ]
      }
    },
    {
      "type": "Feature",
      "properties": {
        "generated_faskes_id": "FSK0449",
        "kecamatan": "Mulyorejo",
        "jenis_faskes": "Klinik Utama",
        "nama_faskes": "ORTHO PLUS",
        "penyelenggara": "swasta",
        "status_lokasi": "mapped"
      },
      "geometry": {
        "type": "Point",
        "coordinates": [
          112.67121472111039,
          -7.284374225214824
        ]
      }
    },
    {
      "type": "Feature",
      "properties": {
        "generated_faskes_id": "FSK0450",
        "kecamatan": "Mulyorejo",
        "jenis_faskes": "Klinik Utama",
        "nama_faskes": "PROFIRA",
        "penyelenggara": "swasta",
        "status_lokasi": "mapped"
      },
      "geometry": {
        "type": "Point",
        "coordinates": [
          112.69109086280308,
          -7.282309741520409
        ]
      }
    },
    {
      "type": "Feature",
      "properties": {
        "generated_faskes_id": "FSK0451",
        "kecamatan": "Mulyorejo",
        "jenis_faskes": "Klinik Utama",
        "nama_faskes": "ERHA APOTHECARY GALAXY MALL",
        "penyelenggara": "swasta",
        "status_lokasi": "mapped"
      },
      "geometry": {
        "type": "Point",
        "coordinates": [
          112.66942662539823,
          -7.2718235976800845
        ]
      }
    },
    {
      "type": "Feature",
      "properties": {
        "generated_faskes_id": "FSK0452",
        "kecamatan": "Mulyorejo",
        "jenis_faskes": "Klinik Utama",
        "nama_faskes": "NATIONAL EYE CENTER",
        "penyelenggara": "swasta",
        "status_lokasi": "mapped"
      },
      "geometry": {
        "type": "Point",
        "coordinates": [
          112.66508506654439,
          -7.27259588768303
        ]
      }
    },
    {
      "type": "Feature",
      "properties": {
        "generated_faskes_id": "FSK0453",
        "kecamatan": "Mulyorejo",
        "jenis_faskes": "Klinik Utama",
        "nama_faskes": "NUSANTARA MEDIKA",
        "penyelenggara": "swasta",
        "status_lokasi": "mapped"
      },
      "geometry": {
        "type": "Point",
        "coordinates": [
          112.66934063940961,
          -7.28595014425687
        ]
      }
    },
    {
      "type": "Feature",
      "properties": {
        "generated_faskes_id": "FSK0454",
        "kecamatan": "Mulyorejo",
        "jenis_faskes": "Klinik Utama",
        "nama_faskes": "VISION EYE CLINIC",
        "penyelenggara": "swasta",
        "status_lokasi": "mapped"
      },
      "geometry": {
        "type": "Point",
        "coordinates": [
          112.67251962590184,
          -7.285134219450141
        ]
      }
    },
    {
      "type": "Feature",
      "properties": {
        "generated_faskes_id": "FSK0455",
        "kecamatan": "Mulyorejo",
        "jenis_faskes": "Klinik Utama",
        "nama_faskes": "PARAHITA DIAGNOSTIC CENTER",
        "penyelenggara": "swasta",
        "status_lokasi": "mapped"
      },
      "geometry": {
        "type": "Point",
        "coordinates": [
          112.68483172927792,
          -7.28786069725392
        ]
      }
    },
    {
      "type": "Feature",
      "properties": {
        "generated_faskes_id": "FSK0456",
        "kecamatan": "Mulyorejo",
        "jenis_faskes": "Klinik Utama",
        "nama_faskes": "TETA",
        "penyelenggara": "swasta",
        "status_lokasi": "mapped"
      },
      "geometry": {
        "type": "Point",
        "coordinates": [
          112.66544580981692,
          -7.2738502811556955
        ]
      }
    },
    {
      "type": "Feature",
      "properties": {
        "generated_faskes_id": "FSK0457",
        "kecamatan": "Mulyorejo",
        "jenis_faskes": "Klinik Utama",
        "nama_faskes": "MITRA HUSADA",
        "penyelenggara": "swasta",
        "status_lokasi": "mapped"
      },
      "geometry": {
        "type": "Point",
        "coordinates": [
          112.67213794818271,
          -7.282397523197362
        ]
      }
    },
    {
      "type": "Feature",
      "properties": {
        "generated_faskes_id": "FSK0458",
        "kecamatan": "Pabean Cantian",
        "jenis_faskes": "Rumah Sakit Umum",
        "nama_faskes": "RS Primasatya Husada Citra (PHC) Surabaya",
        "penyelenggara": "BUMN",
        "status_lokasi": "mapped"
      },
      "geometry": {
        "type": "Point",
        "coordinates": [
          112.71022738604216,
          -7.287372684672545
        ]
      }
    },
    {
      "type": "Feature",
      "properties": {
        "generated_faskes_id": "FSK0459",
        "kecamatan": "Pabean Cantian",
        "jenis_faskes": "Apotek",
        "nama_faskes": "KIMIA FARMA NO.304",
        "penyelenggara": "lainnya",
        "status_lokasi": "mapped"
      },
      "geometry": {
        "type": "Point",
        "coordinates": [
          112.72725154170861,
          -7.278688432012372
        ]
      }
    },
    {
      "type": "Feature",
      "properties": {
        "generated_faskes_id": "FSK0460",
        "kecamatan": "Pabean Cantian",
        "jenis_faskes": "Puskesmas Induk",
        "nama_faskes": "Puskesmas Perak Timur",
        "penyelenggara": "Pemerintah Kota",
        "status_lokasi": "mapped"
      },
      "geometry": {
        "type": "Point",
        "coordinates": [
          112.727369958251,
          -7.279602157300573
        ]
      }
    },
    {
      "type": "Feature",
      "properties": {
        "generated_faskes_id": "FSK0461",
        "kecamatan": "Pabean Cantian",
        "jenis_faskes": "Puskesmas Pembantu (Pustu)",
        "nama_faskes": "Pustu Bongkaran",
        "penyelenggara": "Pemerintah Kota",
        "status_lokasi": "mapped"
      },
      "geometry": {
        "type": "Point",
        "coordinates": [
          112.72834051117941,
          -7.278923970777164
        ]
      }
    },
    {
      "type": "Feature",
      "properties": {
        "generated_faskes_id": "FSK0462",
        "kecamatan": "Pabean Cantian",
        "jenis_faskes": "Puskesmas Pembantu (Pustu)",
        "nama_faskes": "Pustu Nyamplungan",
        "penyelenggara": "Pemerintah Kota",
        "status_lokasi": "mapped"
      },
      "geometry": {
        "type": "Point",
        "coordinates": [
          112.7082716203001,
          -7.27909629068726
        ]
      }
    },
    {
      "type": "Feature",
      "properties": {
        "generated_faskes_id": "FSK0463",
        "kecamatan": "Pabean Cantian",
        "jenis_faskes": "Puskesmas Pembantu (Pustu)",
        "nama_faskes": "Pustu Perak Barat",
        "penyelenggara": "Pemerintah Kota",
        "status_lokasi": "mapped"
      },
      "geometry": {
        "type": "Point",
        "coordinates": [
          112.73336246928909,
          -7.287538307656848
        ]
      }
    },
    {
      "type": "Feature",
      "properties": {
        "generated_faskes_id": "FSK0464",
        "kecamatan": "Pabean Cantian",
        "jenis_faskes": "Rumah Sakit Umum",
        "nama_faskes": "RS PKU Muhammadiyah Surabaya",
        "penyelenggara": "Swasta",
        "status_lokasi": "mapped"
      },
      "geometry": {
        "type": "Point",
        "coordinates": [
          112.7284968098794,
          -7.272438683357736
        ]
      }
    },
    {
      "type": "Feature",
      "properties": {
        "generated_faskes_id": "FSK0465",
        "kecamatan": "Pabean Cantian",
        "jenis_faskes": "Rumah Sakit Umum",
        "nama_faskes": "RS Umum Al-Irsyad Surabaya",
        "penyelenggara": "Swasta",
        "status_lokasi": "mapped"
      },
      "geometry": {
        "type": "Point",
        "coordinates": [
          112.72064353644137,
          -7.279935887094876
        ]
      }
    },
    {
      "type": "Feature",
      "properties": {
        "generated_faskes_id": "FSK0466",
        "kecamatan": "Pabean Cantian",
        "jenis_faskes": "Apotek",
        "nama_faskes": "AN JAYA",
        "penyelenggara": "swasta",
        "status_lokasi": "mapped"
      },
      "geometry": {
        "type": "Point",
        "coordinates": [
          112.73392078549365,
          -7.2872182008626005
        ]
      }
    },
    {
      "type": "Feature",
      "properties": {
        "generated_faskes_id": "FSK0467",
        "kecamatan": "Pabean Cantian",
        "jenis_faskes": "Apotek",
        "nama_faskes": "BUNGURAN",
        "penyelenggara": "swasta",
        "status_lokasi": "mapped"
      },
      "geometry": {
        "type": "Point",
        "coordinates": [
          112.71936945732993,
          -7.280970350333936
        ]
      }
    },
    {
      "type": "Feature",
      "properties": {
        "generated_faskes_id": "FSK0468",
        "kecamatan": "Pabean Cantian",
        "jenis_faskes": "Apotek",
        "nama_faskes": "ATUM FARMA",
        "penyelenggara": "swasta",
        "status_lokasi": "mapped"
      },
      "geometry": {
        "type": "Point",
        "coordinates": [
          112.72558292488185,
          -7.279345071007356
        ]
      }
    },
    {
      "type": "Feature",
      "properties": {
        "generated_faskes_id": "FSK0469",
        "kecamatan": "Pabean Cantian",
        "jenis_faskes": "Apotek",
        "nama_faskes": "IBUNDA",
        "penyelenggara": "swasta",
        "status_lokasi": "mapped"
      },
      "geometry": {
        "type": "Point",
        "coordinates": [
          112.73229102487345,
          -7.286986003544282
        ]
      }
    },
    {
      "type": "Feature",
      "properties": {
        "generated_faskes_id": "FSK0470",
        "kecamatan": "Pabean Cantian",
        "jenis_faskes": "Apotek",
        "nama_faskes": "BERLIN",
        "penyelenggara": "swasta",
        "status_lokasi": "mapped"
      },
      "geometry": {
        "type": "Point",
        "coordinates": [
          112.7074237143223,
          -7.277181213900053
        ]
      }
    },
    {
      "type": "Feature",
      "properties": {
        "generated_faskes_id": "FSK0471",
        "kecamatan": "Pabean Cantian",
        "jenis_faskes": "Apotek",
        "nama_faskes": "8 ( DELAPAN )",
        "penyelenggara": "swasta",
        "status_lokasi": "mapped"
      },
      "geometry": {
        "type": "Point",
        "coordinates": [
          112.70697046699959,
          -7.283291373341437
        ]
      }
    },
    {
      "type": "Feature",
      "properties": {
        "generated_faskes_id": "FSK0472",
        "kecamatan": "Pabean Cantian",
        "jenis_faskes": "Apotek",
        "nama_faskes": "BERLIN 2",
        "penyelenggara": "swasta",
        "status_lokasi": "mapped"
      },
      "geometry": {
        "type": "Point",
        "coordinates": [
          112.72399230172901,
          -7.278280132042446
        ]
      }
    },
    {
      "type": "Feature",
      "properties": {
        "generated_faskes_id": "FSK0473",
        "kecamatan": "Pabean Cantian",
        "jenis_faskes": "Apotek",
        "nama_faskes": "SAMPURNA FARMA",
        "penyelenggara": "swasta",
        "status_lokasi": "mapped"
      },
      "geometry": {
        "type": "Point",
        "coordinates": [
          112.71475556329955,
          -7.27009849114255
        ]
      }
    },
    {
      "type": "Feature",
      "properties": {
        "generated_faskes_id": "FSK0474",
        "kecamatan": "Pabean Cantian",
        "jenis_faskes": "Apotek",
        "nama_faskes": "SINAR BAHAGIA",
        "penyelenggara": "swasta",
        "status_lokasi": "mapped"
      },
      "geometry": {
        "type": "Point",
        "coordinates": [
          112.72091670512293,
          -7.28001521734445
        ]
      }
    },
    {
      "type": "Feature",
      "properties": {
        "generated_faskes_id": "FSK0475",
        "kecamatan": "Pabean Cantian",
        "jenis_faskes": "Apotek",
        "nama_faskes": "BERKAH MAKMUR",
        "penyelenggara": "swasta",
        "status_lokasi": "mapped"
      },
      "geometry": {
        "type": "Point",
        "coordinates": [
          112.72316280374605,
          -7.286515061535884
        ]
      }
    },
    {
      "type": "Feature",
      "properties": {
        "generated_faskes_id": "FSK0476",
        "kecamatan": "Pabean Cantian",
        "jenis_faskes": "Apotek",
        "nama_faskes": "K24 Kopelindo 3",
        "penyelenggara": "swasta",
        "status_lokasi": "mapped"
      },
      "geometry": {
        "type": "Point",
        "coordinates": [
          112.72605338255637,
          -7.272698799816247
        ]
      }
    },
    {
      "type": "Feature",
      "properties": {
        "generated_faskes_id": "FSK0477",
        "kecamatan": "Pabean Cantian",
        "jenis_faskes": "Toko Obat",
        "nama_faskes": "SARI WARAS",
        "penyelenggara": "swasta",
        "status_lokasi": "mapped"
      },
      "geometry": {
        "type": "Point",
        "coordinates": [
          112.72452749994642,
          -7.274235683281413
        ]
      }
    },
    {
      "type": "Feature",
      "properties": {
        "generated_faskes_id": "FSK0478",
        "kecamatan": "Pabean Cantian",
        "jenis_faskes": "Toko Obat",
        "nama_faskes": "MANDARIN",
        "penyelenggara": "swasta",
        "status_lokasi": "mapped"
      },
      "geometry": {
        "type": "Point",
        "coordinates": [
          112.72662519749971,
          -7.284391243783996
        ]
      }
    },
    {
      "type": "Feature",
      "properties": {
        "generated_faskes_id": "FSK0479",
        "kecamatan": "Pabean Cantian",
        "jenis_faskes": "Toko Obat",
        "nama_faskes": "ASEAN",
        "penyelenggara": "swasta",
        "status_lokasi": "mapped"
      },
      "geometry": {
        "type": "Point",
        "coordinates": [
          112.71854664747895,
          -7.284144284469982
        ]
      }
    },
    {
      "type": "Feature",
      "properties": {
        "generated_faskes_id": "FSK0480",
        "kecamatan": "Pabean Cantian",
        "jenis_faskes": "Toko Obat",
        "nama_faskes": "SAUDARA",
        "penyelenggara": "swasta",
        "status_lokasi": "mapped"
      },
      "geometry": {
        "type": "Point",
        "coordinates": [
          112.71516794856504,
          -7.28001918678003
        ]
      }
    },
    {
      "type": "Feature",
      "properties": {
        "generated_faskes_id": "FSK0481",
        "kecamatan": "Pabean Cantian",
        "jenis_faskes": "Toko Obat",
        "nama_faskes": "SAHABAT KITA JAYA",
        "penyelenggara": "swasta",
        "status_lokasi": "mapped"
      },
      "geometry": {
        "type": "Point",
        "coordinates": [
          112.71747968950783,
          -7.286590092946613
        ]
      }
    },
    {
      "type": "Feature",
      "properties": {
        "generated_faskes_id": "FSK0482",
        "kecamatan": "Pabean Cantian",
        "jenis_faskes": "Toko Obat",
        "nama_faskes": "SAUDARA ONLINE",
        "penyelenggara": "swasta",
        "status_lokasi": "mapped"
      },
      "geometry": {
        "type": "Point",
        "coordinates": [
          112.71780292018781,
          -7.276139689177227
        ]
      }
    },
    {
      "type": "Feature",
      "properties": {
        "generated_faskes_id": "FSK0483",
        "kecamatan": "Pabean Cantian",
        "jenis_faskes": "Toko Obat",
        "nama_faskes": "BIE",
        "penyelenggara": "swasta",
        "status_lokasi": "mapped"
      },
      "geometry": {
        "type": "Point",
        "coordinates": [
          112.71622903070305,
          -7.285534953045906
        ]
      }
    },
    {
      "type": "Feature",
      "properties": {
        "generated_faskes_id": "FSK0484",
        "kecamatan": "Pabean Cantian",
        "jenis_faskes": "Toko Obat",
        "nama_faskes": "MANDARIN 2",
        "penyelenggara": "swasta",
        "status_lokasi": "mapped"
      },
      "geometry": {
        "type": "Point",
        "coordinates": [
          112.73268955107201,
          -7.287102556017494
        ]
      }
    },
    {
      "type": "Feature",
      "properties": {
        "generated_faskes_id": "FSK0485",
        "kecamatan": "Pabean Cantian",
        "jenis_faskes": "Klinik Pratama",
        "nama_faskes": "SEBU",
        "penyelenggara": "swasta",
        "status_lokasi": "mapped"
      },
      "geometry": {
        "type": "Point",
        "coordinates": [
          112.72995315665423,
          -7.286624114802099
        ]
      }
    },
    {
      "type": "Feature",
      "properties": {
        "generated_faskes_id": "FSK0486",
        "kecamatan": "Pabean Cantian",
        "jenis_faskes": "Klinik Utama",
        "nama_faskes": "WIBOWO DENTAL CLINIC",
        "penyelenggara": "swasta",
        "status_lokasi": "mapped"
      },
      "geometry": {
        "type": "Point",
        "coordinates": [
          112.70789693297695,
          -7.274788740027707
        ]
      }
    },
    {
      "type": "Feature",
      "properties": {
        "generated_faskes_id": "FSK0487",
        "kecamatan": "Pabean Cantian",
        "jenis_faskes": "Klinik Utama",
        "nama_faskes": "OILIA",
        "penyelenggara": "swasta",
        "status_lokasi": "mapped"
      },
      "geometry": {
        "type": "Point",
        "coordinates": [
          112.7293530785583,
          -7.278133203180385
        ]
      }
    },
    {
      "type": "Feature",
      "properties": {
        "generated_faskes_id": "FSK0488",
        "kecamatan": "Pabean Cantian",
        "jenis_faskes": "Rumah Sakit Umum",
        "nama_faskes": "RS TNI AL Dr. Oepomo",
        "penyelenggara": "TNI/POLRI",
        "status_lokasi": "mapped"
      },
      "geometry": {
        "type": "Point",
        "coordinates": [
          112.72259395248217,
          -7.278037582410145
        ]
      }
    },
    {
      "type": "Feature",
      "properties": {
        "generated_faskes_id": "FSK0489",
        "kecamatan": "Pabean Cantian",
        "jenis_faskes": "Klinik Pratama",
        "nama_faskes": "POLRES PELABUHAN TANJUNG PERAK",
        "penyelenggara": "TNI/POLRI",
        "status_lokasi": "mapped"
      },
      "geometry": {
        "type": "Point",
        "coordinates": [
          112.71488937944247,
          -7.286092426435166
        ]
      }
    },
    {
      "type": "Feature",
      "properties": {
        "generated_faskes_id": "FSK0490",
        "kecamatan": "Pakal",
        "jenis_faskes": "Puskesmas Induk",
        "nama_faskes": "Puskesmas Benowo",
        "penyelenggara": "Pemerintah Kota",
        "status_lokasi": "mapped"
      },
      "geometry": {
        "type": "Point",
        "coordinates": [
          112.755607942389,
          -7.276135423799946
        ]
      }
    },
    {
      "type": "Feature",
      "properties": {
        "generated_faskes_id": "FSK0491",
        "kecamatan": "Pakal",
        "jenis_faskes": "Puskesmas Pembantu (Pustu)",
        "nama_faskes": "Pustu Babat Jerawat",
        "penyelenggara": "Pemerintah Kota",
        "status_lokasi": "mapped"
      },
      "geometry": {
        "type": "Point",
        "coordinates": [
          112.76750852750754,
          -7.272418310604067
        ]
      }
    },
    {
      "type": "Feature",
      "properties": {
        "generated_faskes_id": "FSK0492",
        "kecamatan": "Pakal",
        "jenis_faskes": "Puskesmas Pembantu (Pustu)",
        "nama_faskes": "Pustu Pakal",
        "penyelenggara": "Pemerintah Kota",
        "status_lokasi": "mapped"
      },
      "geometry": {
        "type": "Point",
        "coordinates": [
          112.76663182036239,
          -7.270579358535956
        ]
      }
    },
    {
      "type": "Feature",
      "properties": {
        "generated_faskes_id": "FSK0493",
        "kecamatan": "Pakal",
        "jenis_faskes": "Puskesmas Pembantu (Pustu)",
        "nama_faskes": "Pustu Sumber Rejo",
        "penyelenggara": "Pemerintah Kota",
        "status_lokasi": "mapped"
      },
      "geometry": {
        "type": "Point",
        "coordinates": [
          112.76301230273674,
          -7.281886486595625
        ]
      }
    },
    {
      "type": "Feature",
      "properties": {
        "generated_faskes_id": "FSK0494",
        "kecamatan": "Pakal",
        "jenis_faskes": "Puskesmas Pembantu (Pustu)",
        "nama_faskes": "Pustu Tambak Dono",
        "penyelenggara": "Pemerintah Kota",
        "status_lokasi": "mapped"
      },
      "geometry": {
        "type": "Point",
        "coordinates": [
          112.7623375555517,
          -7.284433121896013
        ]
      }
    },
    {
      "type": "Feature",
      "properties": {
        "generated_faskes_id": "FSK0495",
        "kecamatan": "Pakal",
        "jenis_faskes": "Rumah Sakit Umum",
        "nama_faskes": "RS Islam Darus Syifa",
        "penyelenggara": "Swasta",
        "status_lokasi": "mapped"
      },
      "geometry": {
        "type": "Point",
        "coordinates": [
          112.76470208908964,
          -7.284222177399695
        ]
      }
    },
    {
      "type": "Feature",
      "properties": {
        "generated_faskes_id": "FSK0496",
        "kecamatan": "Pakal",
        "jenis_faskes": "Apotek",
        "nama_faskes": "BENOWO FARMA",
        "penyelenggara": "swasta",
        "status_lokasi": "mapped"
      },
      "geometry": {
        "type": "Point",
        "coordinates": [
          112.74824655145781,
          -7.272834820658975
        ]
      }
    },
    {
      "type": "Feature",
      "properties": {
        "generated_faskes_id": "FSK0497",
        "kecamatan": "Pakal",
        "jenis_faskes": "Apotek",
        "nama_faskes": "APP 3 PAKAL",
        "penyelenggara": "swasta",
        "status_lokasi": "mapped"
      },
      "geometry": {
        "type": "Point",
        "coordinates": [
          112.75602683151845,
          -7.274352230081157
        ]
      }
    },
    {
      "type": "Feature",
      "properties": {
        "generated_faskes_id": "FSK0498",
        "kecamatan": "Pakal",
        "jenis_faskes": "Klinik Utama",
        "nama_faskes": "3D CLINIC",
        "penyelenggara": "swasta",
        "status_lokasi": "mapped"
      },
      "geometry": {
        "type": "Point",
        "coordinates": [
          112.76222300012995,
          -7.2735342748622065
        ]
      }
    },
    {
      "type": "Feature",
      "properties": {
        "generated_faskes_id": "FSK0499",
        "kecamatan": "Rungkut",
        "jenis_faskes": "Apotek",
        "nama_faskes": "KIMIA FARMA PANDUGO",
        "penyelenggara": "lainnya",
        "status_lokasi": "mapped"
      },
      "geometry": {
        "type": "Point",
        "coordinates": [
          112.81035465483984,
          -7.270466645627695
        ]
      }
    },
    {
      "type": "Feature",
      "properties": {
        "generated_faskes_id": "FSK0500",
        "kecamatan": "Rungkut",
        "jenis_faskes": "Apotek",
        "nama_faskes": "KIMIA FARMA 526 RUNGKUT",
        "penyelenggara": "lainnya",
        "status_lokasi": "mapped"
      },
      "geometry": {
        "type": "Point",
        "coordinates": [
          112.80955280578621,
          -7.27708448985685
        ]
      }
    },
    {
      "type": "Feature",
      "properties": {
        "generated_faskes_id": "FSK0501",
        "kecamatan": "Rungkut",
        "jenis_faskes": "Puskesmas Induk",
        "nama_faskes": "Puskesmas Kalirungkut",
        "penyelenggara": "Pemerintah Kota",
        "status_lokasi": "mapped"
      },
      "geometry": {
        "type": "Point",
        "coordinates": [
          112.80428097491489,
          -7.287852013090017
        ]
      }
    },
    {
      "type": "Feature",
      "properties": {
        "generated_faskes_id": "FSK0502",
        "kecamatan": "Rungkut",
        "jenis_faskes": "Puskesmas Induk",
        "nama_faskes": "Puskesmas Medokan Ayu",
        "penyelenggara": "Pemerintah Kota",
        "status_lokasi": "mapped"
      },
      "geometry": {
        "type": "Point",
        "coordinates": [
          112.81287252872984,
          -7.273126552184072
        ]
      }
    },
    {
      "type": "Feature",
      "properties": {
        "generated_faskes_id": "FSK0503",
        "kecamatan": "Rungkut",
        "jenis_faskes": "Puskesmas Pembantu (Pustu)",
        "nama_faskes": "Pustu Medokan Ayu",
        "penyelenggara": "Pemerintah Kota",
        "status_lokasi": "mapped"
      },
      "geometry": {
        "type": "Point",
        "coordinates": [
          112.79302343175462,
          -7.285025705347384
        ]
      }
    },
    {
      "type": "Feature",
      "properties": {
        "generated_faskes_id": "FSK0504",
        "kecamatan": "Rungkut",
        "jenis_faskes": "Puskesmas Pembantu (Pustu)",
        "nama_faskes": "Pustu Penjaringan Sari",
        "penyelenggara": "Pemerintah Kota",
        "status_lokasi": "mapped"
      },
      "geometry": {
        "type": "Point",
        "coordinates": [
          112.80608096318596,
          -7.282668614038118
        ]
      }
    },
    {
      "type": "Feature",
      "properties": {
        "generated_faskes_id": "FSK0505",
        "kecamatan": "Rungkut",
        "jenis_faskes": "Puskesmas Pembantu (Pustu)",
        "nama_faskes": "Pustu Rungkut Kidul",
        "penyelenggara": "Pemerintah Kota",
        "status_lokasi": "mapped"
      },
      "geometry": {
        "type": "Point",
        "coordinates": [
          112.79519473970332,
          -7.288221393860932
        ]
      }
    },
    {
      "type": "Feature",
      "properties": {
        "generated_faskes_id": "FSK0506",
        "kecamatan": "Rungkut",
        "jenis_faskes": "Rumah Sakit Umum",
        "nama_faskes": "RS Umum Royal Surabaya",
        "penyelenggara": "Swasta",
        "status_lokasi": "mapped"
      },
      "geometry": {
        "type": "Point",
        "coordinates": [
          112.8110958811961,
          -7.277950779929374
        ]
      }
    },
    {
      "type": "Feature",
      "properties": {
        "generated_faskes_id": "FSK0507",
        "kecamatan": "Rungkut",
        "jenis_faskes": "Apotek",
        "nama_faskes": "SETIABUDI",
        "penyelenggara": "swasta",
        "status_lokasi": "mapped"
      },
      "geometry": {
        "type": "Point",
        "coordinates": [
          112.79702353031998,
          -7.285732298007226
        ]
      }
    },
    {
      "type": "Feature",
      "properties": {
        "generated_faskes_id": "FSK0508",
        "kecamatan": "Rungkut",
        "jenis_faskes": "Apotek",
        "nama_faskes": "SIDO WARAS",
        "penyelenggara": "swasta",
        "status_lokasi": "mapped"
      },
      "geometry": {
        "type": "Point",
        "coordinates": [
          112.80399516037966,
          -7.287771286529683
        ]
      }
    },
    {
      "type": "Feature",
      "properties": {
        "generated_faskes_id": "FSK0509",
        "kecamatan": "Rungkut",
        "jenis_faskes": "Apotek",
        "nama_faskes": "VALENTINO",
        "penyelenggara": "swasta",
        "status_lokasi": "mapped"
      },
      "geometry": {
        "type": "Point",
        "coordinates": [
          112.80738335286017,
          -7.284389230532719
        ]
      }
    },
    {
      "type": "Feature",
      "properties": {
        "generated_faskes_id": "FSK0510",
        "kecamatan": "Rungkut",
        "jenis_faskes": "Apotek",
        "nama_faskes": "JIREH",
        "penyelenggara": "swasta",
        "status_lokasi": "mapped"
      },
      "geometry": {
        "type": "Point",
        "coordinates": [
          112.79759497481294,
          -7.2820835736675615
        ]
      }
    },
    {
      "type": "Feature",
      "properties": {
        "generated_faskes_id": "FSK0511",
        "kecamatan": "Rungkut",
        "jenis_faskes": "Apotek",
        "nama_faskes": "ELLY",
        "penyelenggara": "swasta",
        "status_lokasi": "mapped"
      },
      "geometry": {
        "type": "Point",
        "coordinates": [
          112.7961015927743,
          -7.275104073924718
        ]
      }
    },
    {
      "type": "Feature",
      "properties": {
        "generated_faskes_id": "FSK0512",
        "kecamatan": "Rungkut",
        "jenis_faskes": "Apotek",
        "nama_faskes": "GOHLIS",
        "penyelenggara": "swasta",
        "status_lokasi": "mapped"
      },
      "geometry": {
        "type": "Point",
        "coordinates": [
          112.808305068599,
          -7.277927451462069
        ]
      }
    },
    {
      "type": "Feature",
      "properties": {
        "generated_faskes_id": "FSK0513",
        "kecamatan": "Rungkut",
        "jenis_faskes": "Apotek",
        "nama_faskes": "DANDE FARMA",
        "penyelenggara": "swasta",
        "status_lokasi": "mapped"
      },
      "geometry": {
        "type": "Point",
        "coordinates": [
          112.7875487111993,
          -7.287368838182198
        ]
      }
    },
    {
      "type": "Feature",
      "properties": {
        "generated_faskes_id": "FSK0514",
        "kecamatan": "Rungkut",
        "jenis_faskes": "Apotek",
        "nama_faskes": "CENTRO",
        "penyelenggara": "swasta",
        "status_lokasi": "mapped"
      },
      "geometry": {
        "type": "Point",
        "coordinates": [
          112.78972229691321,
          -7.277006299998022
        ]
      }
    },
    {
      "type": "Feature",
      "properties": {
        "generated_faskes_id": "FSK0515",
        "kecamatan": "Rungkut",
        "jenis_faskes": "Apotek",
        "nama_faskes": "JESA INTI FARMA",
        "penyelenggara": "swasta",
        "status_lokasi": "mapped"
      },
      "geometry": {
        "type": "Point",
        "coordinates": [
          112.8052190613184,
          -7.283344781201652
        ]
      }
    },
    {
      "type": "Feature",
      "properties": {
        "generated_faskes_id": "FSK0516",
        "kecamatan": "Rungkut",
        "jenis_faskes": "Apotek",
        "nama_faskes": "TAKAVI",
        "penyelenggara": "swasta",
        "status_lokasi": "mapped"
      },
      "geometry": {
        "type": "Point",
        "coordinates": [
          112.80485816078425,
          -7.2794295354103316
        ]
      }
    },
    {
      "type": "Feature",
      "properties": {
        "generated_faskes_id": "FSK0517",
        "kecamatan": "Rungkut",
        "jenis_faskes": "Apotek",
        "nama_faskes": "MEDAYU FARMA",
        "penyelenggara": "swasta",
        "status_lokasi": "mapped"
      },
      "geometry": {
        "type": "Point",
        "coordinates": [
          112.79826132560093,
          -7.283325274519979
        ]
      }
    },
    {
      "type": "Feature",
      "properties": {
        "generated_faskes_id": "FSK0518",
        "kecamatan": "Rungkut",
        "jenis_faskes": "Apotek",
        "nama_faskes": "ARDILA",
        "penyelenggara": "swasta",
        "status_lokasi": "mapped"
      },
      "geometry": {
        "type": "Point",
        "coordinates": [
          112.80764829431004,
          -7.286246679017979
        ]
      }
    },
    {
      "type": "Feature",
      "properties": {
        "generated_faskes_id": "FSK0519",
        "kecamatan": "Rungkut",
        "jenis_faskes": "Apotek",
        "nama_faskes": "VIVA GENERIK KEDUNG ASEM",
        "penyelenggara": "swasta",
        "status_lokasi": "mapped"
      },
      "geometry": {
        "type": "Point",
        "coordinates": [
          112.79789740900193,
          -7.283140481381858
        ]
      }
    },
    {
      "type": "Feature",
      "properties": {
        "generated_faskes_id": "FSK0520",
        "kecamatan": "Rungkut",
        "jenis_faskes": "Apotek",
        "nama_faskes": "CENDRAWASIH",
        "penyelenggara": "swasta",
        "status_lokasi": "mapped"
      },
      "geometry": {
        "type": "Point",
        "coordinates": [
          112.8053545876428,
          -7.279411732854989
        ]
      }
    },
    {
      "type": "Feature",
      "properties": {
        "generated_faskes_id": "FSK0521",
        "kecamatan": "Rungkut",
        "jenis_faskes": "Apotek",
        "nama_faskes": "VIVA GENERIK MEDOKAN SAWAH",
        "penyelenggara": "swasta",
        "status_lokasi": "mapped"
      },
      "geometry": {
        "type": "Point",
        "coordinates": [
          112.80501397676208,
          -7.287500681685585
        ]
      }
    },
    {
      "type": "Feature",
      "properties": {
        "generated_faskes_id": "FSK0522",
        "kecamatan": "Rungkut",
        "jenis_faskes": "Apotek",
        "nama_faskes": "K - 24 RUNGKUT ASRI",
        "penyelenggara": "swasta",
        "status_lokasi": "mapped"
      },
      "geometry": {
        "type": "Point",
        "coordinates": [
          112.79685790188263,
          -7.2773457091226845
        ]
      }
    },
    {
      "type": "Feature",
      "properties": {
        "generated_faskes_id": "FSK0523",
        "kecamatan": "Rungkut",
        "jenis_faskes": "Apotek",
        "nama_faskes": "JECONIA",
        "penyelenggara": "swasta",
        "status_lokasi": "mapped"
      },
      "geometry": {
        "type": "Point",
        "coordinates": [
          112.785230612577,
          -7.282807311696328
        ]
      }
    },
    {
      "type": "Feature",
      "properties": {
        "generated_faskes_id": "FSK0524",
        "kecamatan": "Rungkut",
        "jenis_faskes": "Apotek",
        "nama_faskes": "HASIL",
        "penyelenggara": "swasta",
        "status_lokasi": "mapped"
      },
      "geometry": {
        "type": "Point",
        "coordinates": [
          112.79133701937661,
          -7.285817361903615
        ]
      }
    },
    {
      "type": "Feature",
      "properties": {
        "generated_faskes_id": "FSK0525",
        "kecamatan": "Rungkut",
        "jenis_faskes": "Apotek",
        "nama_faskes": "VIVA APOTEK WONOREJO SELATAN",
        "penyelenggara": "swasta",
        "status_lokasi": "mapped"
      },
      "geometry": {
        "type": "Point",
        "coordinates": [
          112.79266558512064,
          -7.282317756807806
        ]
      }
    },
    {
      "type": "Feature",
      "properties": {
        "generated_faskes_id": "FSK0526",
        "kecamatan": "Rungkut",
        "jenis_faskes": "Apotek",
        "nama_faskes": "MEGA RAYA",
        "penyelenggara": "swasta",
        "status_lokasi": "mapped"
      },
      "geometry": {
        "type": "Point",
        "coordinates": [
          112.78523189719708,
          -7.2746380744037875
        ]
      }
    },
    {
      "type": "Feature",
      "properties": {
        "generated_faskes_id": "FSK0527",
        "kecamatan": "Rungkut",
        "jenis_faskes": "Apotek",
        "nama_faskes": "K 24 RUNGKUT MADYA",
        "penyelenggara": "swasta",
        "status_lokasi": "mapped"
      },
      "geometry": {
        "type": "Point",
        "coordinates": [
          112.79027084405627,
          -7.281362863495221
        ]
      }
    },
    {
      "type": "Feature",
      "properties": {
        "generated_faskes_id": "FSK0528",
        "kecamatan": "Rungkut",
        "jenis_faskes": "Apotek",
        "nama_faskes": "SAHABAT MEDIKA",
        "penyelenggara": "swasta",
        "status_lokasi": "mapped"
      },
      "geometry": {
        "type": "Point",
        "coordinates": [
          112.80611013790148,
          -7.279161856979802
        ]
      }
    },
    {
      "type": "Feature",
      "properties": {
        "generated_faskes_id": "FSK0529",
        "kecamatan": "Rungkut",
        "jenis_faskes": "Apotek",
        "nama_faskes": "VIVA APOTEK RUNGKUT MEJOYO",
        "penyelenggara": "swasta",
        "status_lokasi": "mapped"
      },
      "geometry": {
        "type": "Point",
        "coordinates": [
          112.8100006260726,
          -7.273552996579609
        ]
      }
    },
    {
      "type": "Feature",
      "properties": {
        "generated_faskes_id": "FSK0530",
        "kecamatan": "Rungkut",
        "jenis_faskes": "Apotek",
        "nama_faskes": "K-24 MEDOKAN AYU",
        "penyelenggara": "swasta",
        "status_lokasi": "mapped"
      },
      "geometry": {
        "type": "Point",
        "coordinates": [
          112.78716226489776,
          -7.272534320029585
        ]
      }
    },
    {
      "type": "Feature",
      "properties": {
        "generated_faskes_id": "FSK0531",
        "kecamatan": "Rungkut",
        "jenis_faskes": "Apotek",
        "nama_faskes": "DASSA ALPHA",
        "penyelenggara": "swasta",
        "status_lokasi": "mapped"
      },
      "geometry": {
        "type": "Point",
        "coordinates": [
          112.78626906784687,
          -7.28798973849593
        ]
      }
    },
    {
      "type": "Feature",
      "properties": {
        "generated_faskes_id": "FSK0532",
        "kecamatan": "Rungkut",
        "jenis_faskes": "Apotek",
        "nama_faskes": "FORA MEDICAL",
        "penyelenggara": "swasta",
        "status_lokasi": "mapped"
      },
      "geometry": {
        "type": "Point",
        "coordinates": [
          112.81263487303507,
          -7.272527983083778
        ]
      }
    },
    {
      "type": "Feature",
      "properties": {
        "generated_faskes_id": "FSK0533",
        "kecamatan": "Rungkut",
        "jenis_faskes": "Apotek",
        "nama_faskes": "MEI FARMA",
        "penyelenggara": "swasta",
        "status_lokasi": "mapped"
      },
      "geometry": {
        "type": "Point",
        "coordinates": [
          112.8022727748221,
          -7.277821005850426
        ]
      }
    },
    {
      "type": "Feature",
      "properties": {
        "generated_faskes_id": "FSK0534",
        "kecamatan": "Rungkut",
        "jenis_faskes": "Apotek",
        "nama_faskes": "K24 Tenggilis",
        "penyelenggara": "swasta",
        "status_lokasi": "mapped"
      },
      "geometry": {
        "type": "Point",
        "coordinates": [
          112.80628496884707,
          -7.2806756107362025
        ]
      }
    },
    {
      "type": "Feature",
      "properties": {
        "generated_faskes_id": "FSK0535",
        "kecamatan": "Rungkut",
        "jenis_faskes": "Apotek",
        "nama_faskes": "Rungkut Sehat",
        "penyelenggara": "swasta",
        "status_lokasi": "mapped"
      },
      "geometry": {
        "type": "Point",
        "coordinates": [
          112.78845520117991,
          -7.287950963084546
        ]
      }
    },
    {
      "type": "Feature",
      "properties": {
        "generated_faskes_id": "FSK0536",
        "kecamatan": "Rungkut",
        "jenis_faskes": "Apotek",
        "nama_faskes": "Rungkut",
        "penyelenggara": "swasta",
        "status_lokasi": "mapped"
      },
      "geometry": {
        "type": "Point",
        "coordinates": [
          112.79474304538336,
          -7.273642427170975
        ]
      }
    },
    {
      "type": "Feature",
      "properties": {
        "generated_faskes_id": "FSK0537",
        "kecamatan": "Rungkut",
        "jenis_faskes": "Toko Obat",
        "nama_faskes": "toko Obat PT. Trans Retail Indonesia Cabang Transmart Carrefour Rungkut Surabaya",
        "penyelenggara": "swasta",
        "status_lokasi": "mapped"
      },
      "geometry": {
        "type": "Point",
        "coordinates": [
          112.80354375789912,
          -7.273079524927018
        ]
      }
    },
    {
      "type": "Feature",
      "properties": {
        "generated_faskes_id": "FSK0538",
        "kecamatan": "Rungkut",
        "jenis_faskes": "Toko Obat",
        "nama_faskes": "Super Indo Rungkut",
        "penyelenggara": "swasta",
        "status_lokasi": "mapped"
      },
      "geometry": {
        "type": "Point",
        "coordinates": [
          112.81259309255223,
          -7.2867176188428715
        ]
      }
    },
    {
      "type": "Feature",
      "properties": {
        "generated_faskes_id": "FSK0539",
        "kecamatan": "Rungkut",
        "jenis_faskes": "Toko Obat",
        "nama_faskes": "BERKAT WAHYU",
        "penyelenggara": "swasta",
        "status_lokasi": "mapped"
      },
      "geometry": {
        "type": "Point",
        "coordinates": [
          112.81033453079444,
          -7.283872531294916
        ]
      }
    },
    {
      "type": "Feature",
      "properties": {
        "generated_faskes_id": "FSK0540",
        "kecamatan": "Rungkut",
        "jenis_faskes": "Klinik Pratama",
        "nama_faskes": "WIDYA MANDIRI",
        "penyelenggara": "swasta",
        "status_lokasi": "mapped"
      },
      "geometry": {
        "type": "Point",
        "coordinates": [
          112.80266613864909,
          -7.278727353378321
        ]
      }
    },
    {
      "type": "Feature",
      "properties": {
        "generated_faskes_id": "FSK0541",
        "kecamatan": "Rungkut",
        "jenis_faskes": "Klinik Pratama",
        "nama_faskes": "dr. EKO",
        "penyelenggara": "swasta",
        "status_lokasi": "mapped"
      },
      "geometry": {
        "type": "Point",
        "coordinates": [
          112.79687300090578,
          -7.282644966366342
        ]
      }
    },
    {
      "type": "Feature",
      "properties": {
        "generated_faskes_id": "FSK0542",
        "kecamatan": "Rungkut",
        "jenis_faskes": "Klinik Pratama",
        "nama_faskes": "PT. HM Sampoerna Tbk",
        "penyelenggara": "swasta",
        "status_lokasi": "mapped"
      },
      "geometry": {
        "type": "Point",
        "coordinates": [
          112.79518539843446,
          -7.282227075254292
        ]
      }
    },
    {
      "type": "Feature",
      "properties": {
        "generated_faskes_id": "FSK0543",
        "kecamatan": "Rungkut",
        "jenis_faskes": "Klinik Pratama",
        "nama_faskes": "CITA HUSADA",
        "penyelenggara": "swasta",
        "status_lokasi": "mapped"
      },
      "geometry": {
        "type": "Point",
        "coordinates": [
          112.79004398124137,
          -7.278974473116727
        ]
      }
    },
    {
      "type": "Feature",
      "properties": {
        "generated_faskes_id": "FSK0544",
        "kecamatan": "Rungkut",
        "jenis_faskes": "Klinik Pratama",
        "nama_faskes": "PT.HM Sampoerna Tbk",
        "penyelenggara": "swasta",
        "status_lokasi": "mapped"
      },
      "geometry": {
        "type": "Point",
        "coordinates": [
          112.78842079919515,
          -7.278984212190745
        ]
      }
    },
    {
      "type": "Feature",
      "properties": {
        "generated_faskes_id": "FSK0545",
        "kecamatan": "Rungkut",
        "jenis_faskes": "Klinik Pratama",
        "nama_faskes": "YAYUK ISMAIL",
        "penyelenggara": "swasta",
        "status_lokasi": "mapped"
      },
      "geometry": {
        "type": "Point",
        "coordinates": [
          112.8121776819474,
          -7.281928120133006
        ]
      }
    },
    {
      "type": "Feature",
      "properties": {
        "generated_faskes_id": "FSK0546",
        "kecamatan": "Rungkut",
        "jenis_faskes": "Klinik Pratama",
        "nama_faskes": "PT. UNILEVER INDONESIA Tbk",
        "penyelenggara": "swasta",
        "status_lokasi": "mapped"
      },
      "geometry": {
        "type": "Point",
        "coordinates": [
          112.80682137317021,
          -7.273319275638711
        ]
      }
    },
    {
      "type": "Feature",
      "properties": {
        "generated_faskes_id": "FSK0547",
        "kecamatan": "Rungkut",
        "jenis_faskes": "Klinik Pratama",
        "nama_faskes": "D'ESTHETICO",
        "penyelenggara": "swasta",
        "status_lokasi": "mapped"
      },
      "geometry": {
        "type": "Point",
        "coordinates": [
          112.8094511101725,
          -7.28400173776931
        ]
      }
    },
    {
      "type": "Feature",
      "properties": {
        "generated_faskes_id": "FSK0548",
        "kecamatan": "Rungkut",
        "jenis_faskes": "Klinik Pratama",
        "nama_faskes": "UBAYA",
        "penyelenggara": "swasta",
        "status_lokasi": "mapped"
      },
      "geometry": {
        "type": "Point",
        "coordinates": [
          112.78939332654832,
          -7.284716683614893
        ]
      }
    },
    {
      "type": "Feature",
      "properties": {
        "generated_faskes_id": "FSK0549",
        "kecamatan": "Rungkut",
        "jenis_faskes": "Klinik Pratama",
        "nama_faskes": "NAYAKA HUSADA 42",
        "penyelenggara": "swasta",
        "status_lokasi": "mapped"
      },
      "geometry": {
        "type": "Point",
        "coordinates": [
          112.80307196955819,
          -7.274396052914973
        ]
      }
    },
    {
      "type": "Feature",
      "properties": {
        "generated_faskes_id": "FSK0550",
        "kecamatan": "Rungkut",
        "jenis_faskes": "Klinik Pratama",
        "nama_faskes": "dr. NICE",
        "penyelenggara": "swasta",
        "status_lokasi": "mapped"
      },
      "geometry": {
        "type": "Point",
        "coordinates": [
          112.80466527031555,
          -7.285085654302634
        ]
      }
    },
    {
      "type": "Feature",
      "properties": {
        "generated_faskes_id": "FSK0551",
        "kecamatan": "Rungkut",
        "jenis_faskes": "Klinik Pratama",
        "nama_faskes": "MEDIKA PRADHANA",
        "penyelenggara": "swasta",
        "status_lokasi": "mapped"
      },
      "geometry": {
        "type": "Point",
        "coordinates": [
          112.80818544267743,
          -7.2792745212080145
        ]
      }
    },
    {
      "type": "Feature",
      "properties": {
        "generated_faskes_id": "FSK0552",
        "kecamatan": "Rungkut",
        "jenis_faskes": "Klinik Pratama",
        "nama_faskes": "MICHELLE",
        "penyelenggara": "swasta",
        "status_lokasi": "mapped"
      },
      "geometry": {
        "type": "Point",
        "coordinates": [
          112.8076333747574,
          -7.2744022522571905
        ]
      }
    },
    {
      "type": "Feature",
      "properties": {
        "generated_faskes_id": "FSK0553",
        "kecamatan": "Rungkut",
        "jenis_faskes": "Klinik Pratama",
        "nama_faskes": "SUPER SKIN",
        "penyelenggara": "swasta",
        "status_lokasi": "mapped"
      },
      "geometry": {
        "type": "Point",
        "coordinates": [
          112.79846715770985,
          -7.2713905052629295
        ]
      }
    },
    {
      "type": "Feature",
      "properties": {
        "generated_faskes_id": "FSK0554",
        "kecamatan": "Rungkut",
        "jenis_faskes": "Klinik Pratama",
        "nama_faskes": "ROYAL CLINIC MERR",
        "penyelenggara": "swasta",
        "status_lokasi": "mapped"
      },
      "geometry": {
        "type": "Point",
        "coordinates": [
          112.80193475350208,
          -7.276686197483889
        ]
      }
    },
    {
      "type": "Feature",
      "properties": {
        "generated_faskes_id": "FSK0555",
        "kecamatan": "Rungkut",
        "jenis_faskes": "Klinik Pratama",
        "nama_faskes": "DELOVELY RUNGKUT",
        "penyelenggara": "swasta",
        "status_lokasi": "mapped"
      },
      "geometry": {
        "type": "Point",
        "coordinates": [
          112.80373565338326,
          -7.272488807294757
        ]
      }
    },
    {
      "type": "Feature",
      "properties": {
        "generated_faskes_id": "FSK0556",
        "kecamatan": "Rungkut",
        "jenis_faskes": "Klinik Pratama",
        "nama_faskes": "KESAYANGAN",
        "penyelenggara": "swasta",
        "status_lokasi": "mapped"
      },
      "geometry": {
        "type": "Point",
        "coordinates": [
          112.80381652220699,
          -7.28556578097446
        ]
      }
    },
    {
      "type": "Feature",
      "properties": {
        "generated_faskes_id": "FSK0557",
        "kecamatan": "Rungkut",
        "jenis_faskes": "Klinik Utama",
        "nama_faskes": "PUSURA RUNGKUT",
        "penyelenggara": "swasta",
        "status_lokasi": "mapped"
      },
      "geometry": {
        "type": "Point",
        "coordinates": [
          112.78704858775487,
          -7.280226185496335
        ]
      }
    },
    {
      "type": "Feature",
      "properties": {
        "generated_faskes_id": "FSK0558",
        "kecamatan": "Rungkut",
        "jenis_faskes": "Klinik Utama",
        "nama_faskes": "dr. HARYO Eye Care",
        "penyelenggara": "swasta",
        "status_lokasi": "mapped"
      },
      "geometry": {
        "type": "Point",
        "coordinates": [
          112.79408461305417,
          -7.28329764942942
        ]
      }
    },
    {
      "type": "Feature",
      "properties": {
        "generated_faskes_id": "FSK0559",
        "kecamatan": "Rungkut",
        "jenis_faskes": "Klinik Utama",
        "nama_faskes": "ANARE",
        "penyelenggara": "swasta",
        "status_lokasi": "mapped"
      },
      "geometry": {
        "type": "Point",
        "coordinates": [
          112.78668516360639,
          -7.27903215710302
        ]
      }
    },
    {
      "type": "Feature",
      "properties": {
        "generated_faskes_id": "FSK0560",
        "kecamatan": "Rungkut",
        "jenis_faskes": "Klinik Utama",
        "nama_faskes": "CT KLINIK",
        "penyelenggara": "swasta",
        "status_lokasi": "mapped"
      },
      "geometry": {
        "type": "Point",
        "coordinates": [
          112.79431223551819,
          -7.280048245832154
        ]
      }
    },
    {
      "type": "Feature",
      "properties": {
        "generated_faskes_id": "FSK0561",
        "kecamatan": "Sambikerep",
        "jenis_faskes": "Puskesmas Induk",
        "nama_faskes": "Puskesmas Lontar",
        "penyelenggara": "Pemerintah Kota",
        "status_lokasi": "mapped"
      },
      "geometry": {
        "type": "Point",
        "coordinates": [
          112.58670670152502,
          -7.244752228419509
        ]
      }
    },
    {
      "type": "Feature",
      "properties": {
        "generated_faskes_id": "FSK0562",
        "kecamatan": "Sambikerep",
        "jenis_faskes": "Puskesmas Induk",
        "nama_faskes": "Puskesmas Made",
        "penyelenggara": "Pemerintah Kota",
        "status_lokasi": "mapped"
      },
      "geometry": {
        "type": "Point",
        "coordinates": [
          112.5873019300352,
          -7.244155416044704
        ]
      }
    },
    {
      "type": "Feature",
      "properties": {
        "generated_faskes_id": "FSK0563",
        "kecamatan": "Sambikerep",
        "jenis_faskes": "Rumah Sakit Khusus",
        "nama_faskes": "RS Ibu dan Anak Nur Ummi Numbi",
        "penyelenggara": "Swasta",
        "status_lokasi": "mapped"
      },
      "geometry": {
        "type": "Point",
        "coordinates": [
          112.61065880114369,
          -7.248724846212381
        ]
      }
    },
    {
      "type": "Feature",
      "properties": {
        "generated_faskes_id": "FSK0564",
        "kecamatan": "Sambikerep",
        "jenis_faskes": "Rumah Sakit Khusus",
        "nama_faskes": "RS Ibu dan Anak Lombok Dua Dua Lontar",
        "penyelenggara": "Swasta",
        "status_lokasi": "mapped"
      },
      "geometry": {
        "type": "Point",
        "coordinates": [
          112.60021203452003,
          -7.251516952919666
        ]
      }
    },
    {
      "type": "Feature",
      "properties": {
        "generated_faskes_id": "FSK0565",
        "kecamatan": "Sambikerep",
        "jenis_faskes": "Apotek",
        "nama_faskes": "TENGGER 3",
        "penyelenggara": "swasta",
        "status_lokasi": "mapped"
      },
      "geometry": {
        "type": "Point",
        "coordinates": [
          112.60162949114014,
          -7.245483340383468
        ]
      }
    },
    {
      "type": "Feature",
      "properties": {
        "generated_faskes_id": "FSK0566",
        "kecamatan": "Sambikerep",
        "jenis_faskes": "Apotek",
        "nama_faskes": "GLORY",
        "penyelenggara": "swasta",
        "status_lokasi": "mapped"
      },
      "geometry": {
        "type": "Point",
        "coordinates": [
          112.6118763029667,
          -7.251754882099733
        ]
      }
    },
    {
      "type": "Feature",
      "properties": {
        "generated_faskes_id": "FSK0567",
        "kecamatan": "Sambikerep",
        "jenis_faskes": "Apotek",
        "nama_faskes": "GEMMA FARMA",
        "penyelenggara": "swasta",
        "status_lokasi": "mapped"
      },
      "geometry": {
        "type": "Point",
        "coordinates": [
          112.60929447753095,
          -7.248049646664775
        ]
      }
    },
    {
      "type": "Feature",
      "properties": {
        "generated_faskes_id": "FSK0568",
        "kecamatan": "Sambikerep",
        "jenis_faskes": "Apotek",
        "nama_faskes": "BRINGIN INDAH",
        "penyelenggara": "swasta",
        "status_lokasi": "mapped"
      },
      "geometry": {
        "type": "Point",
        "coordinates": [
          112.59464580288642,
          -7.25128013448771
        ]
      }
    },
    {
      "type": "Feature",
      "properties": {
        "generated_faskes_id": "FSK0569",
        "kecamatan": "Sambikerep",
        "jenis_faskes": "Apotek",
        "nama_faskes": "TIARA CITRA RAYA",
        "penyelenggara": "swasta",
        "status_lokasi": "mapped"
      },
      "geometry": {
        "type": "Point",
        "coordinates": [
          112.58952583230086,
          -7.258865648831479
        ]
      }
    },
    {
      "type": "Feature",
      "properties": {
        "generated_faskes_id": "FSK0570",
        "kecamatan": "Sambikerep",
        "jenis_faskes": "Apotek",
        "nama_faskes": "VIVA GENERIK BUMI INDAH",
        "penyelenggara": "swasta",
        "status_lokasi": "mapped"
      },
      "geometry": {
        "type": "Point",
        "coordinates": [
          112.58810505631811,
          -7.243516008044144
        ]
      }
    },
    {
      "type": "Feature",
      "properties": {
        "generated_faskes_id": "FSK0571",
        "kecamatan": "Sambikerep",
        "jenis_faskes": "Apotek",
        "nama_faskes": "SAMBIKEREP",
        "penyelenggara": "swasta",
        "status_lokasi": "mapped"
      },
      "geometry": {
        "type": "Point",
        "coordinates": [
          112.59530313327515,
          -7.24690421493193
        ]
      }
    },
    {
      "type": "Feature",
      "properties": {
        "generated_faskes_id": "FSK0572",
        "kecamatan": "Sambikerep",
        "jenis_faskes": "Apotek",
        "nama_faskes": "APP 2 LONTAR",
        "penyelenggara": "swasta",
        "status_lokasi": "mapped"
      },
      "geometry": {
        "type": "Point",
        "coordinates": [
          112.60013647004503,
          -7.256836419957
        ]
      }
    },
    {
      "type": "Feature",
      "properties": {
        "generated_faskes_id": "FSK0573",
        "kecamatan": "Sambikerep",
        "jenis_faskes": "Apotek",
        "nama_faskes": "AQILAH",
        "penyelenggara": "swasta",
        "status_lokasi": "mapped"
      },
      "geometry": {
        "type": "Point",
        "coordinates": [
          112.59243231170795,
          -7.251974431637664
        ]
      }
    },
    {
      "type": "Feature",
      "properties": {
        "generated_faskes_id": "FSK0574",
        "kecamatan": "Sambikerep",
        "jenis_faskes": "Apotek",
        "nama_faskes": "MANUKAN",
        "penyelenggara": "swasta",
        "status_lokasi": "mapped"
      },
      "geometry": {
        "type": "Point",
        "coordinates": [
          112.59818265375289,
          -7.2504162860201316
        ]
      }
    },
    {
      "type": "Feature",
      "properties": {
        "generated_faskes_id": "FSK0575",
        "kecamatan": "Sambikerep",
        "jenis_faskes": "Apotek",
        "nama_faskes": "RODISON",
        "penyelenggara": "swasta",
        "status_lokasi": "mapped"
      },
      "geometry": {
        "type": "Point",
        "coordinates": [
          112.58976238623944,
          -7.253164380328142
        ]
      }
    },
    {
      "type": "Feature",
      "properties": {
        "generated_faskes_id": "FSK0576",
        "kecamatan": "Sambikerep",
        "jenis_faskes": "Apotek",
        "nama_faskes": "ANUGERAH MEDIKA",
        "penyelenggara": "swasta",
        "status_lokasi": "mapped"
      },
      "geometry": {
        "type": "Point",
        "coordinates": [
          112.59348680735843,
          -7.252505894383799
        ]
      }
    },
    {
      "type": "Feature",
      "properties": {
        "generated_faskes_id": "FSK0577",
        "kecamatan": "Sambikerep",
        "jenis_faskes": "Apotek",
        "nama_faskes": "UTAMA SAMBIKEREP",
        "penyelenggara": "swasta",
        "status_lokasi": "mapped"
      },
      "geometry": {
        "type": "Point",
        "coordinates": [
          112.59515101440525,
          -7.249038759189645
        ]
      }
    },
    {
      "type": "Feature",
      "properties": {
        "generated_faskes_id": "FSK0578",
        "kecamatan": "Sambikerep",
        "jenis_faskes": "Apotek",
        "nama_faskes": "K24 LONTAR",
        "penyelenggara": "swasta",
        "status_lokasi": "mapped"
      },
      "geometry": {
        "type": "Point",
        "coordinates": [
          112.60867680794692,
          -7.248132735122229
        ]
      }
    },
    {
      "type": "Feature",
      "properties": {
        "generated_faskes_id": "FSK0579",
        "kecamatan": "Sambikerep",
        "jenis_faskes": "Toko Obat",
        "nama_faskes": "HYPERMART SUPERMALL PAKUWON INDAH",
        "penyelenggara": "swasta",
        "status_lokasi": "mapped"
      },
      "geometry": {
        "type": "Point",
        "coordinates": [
          112.58697735562839,
          -7.258267390962223
        ]
      }
    },
    {
      "type": "Feature",
      "properties": {
        "generated_faskes_id": "FSK0580",
        "kecamatan": "Sambikerep",
        "jenis_faskes": "Toko Obat",
        "nama_faskes": "BAROKAH",
        "penyelenggara": "swasta",
        "status_lokasi": "mapped"
      },
      "geometry": {
        "type": "Point",
        "coordinates": [
          112.60535138034521,
          -7.254790638812234
        ]
      }
    },
    {
      "type": "Feature",
      "properties": {
        "generated_faskes_id": "FSK0581",
        "kecamatan": "Sambikerep",
        "jenis_faskes": "Klinik Pratama",
        "nama_faskes": "POLY \"PT. PAKUWON PERMAI\"",
        "penyelenggara": "swasta",
        "status_lokasi": "mapped"
      },
      "geometry": {
        "type": "Point",
        "coordinates": [
          112.60671200965008,
          -7.247962991749141
        ]
      }
    },
    {
      "type": "Feature",
      "properties": {
        "generated_faskes_id": "FSK0582",
        "kecamatan": "Sambikerep",
        "jenis_faskes": "Klinik Pratama",
        "nama_faskes": "ERHA APOTHECARY",
        "penyelenggara": "swasta",
        "status_lokasi": "mapped"
      },
      "geometry": {
        "type": "Point",
        "coordinates": [
          112.61219028091492,
          -7.243989872862223
        ]
      }
    },
    {
      "type": "Feature",
      "properties": {
        "generated_faskes_id": "FSK0583",
        "kecamatan": "Sambikerep",
        "jenis_faskes": "Klinik Pratama",
        "nama_faskes": "CAHAYA DAMAI",
        "penyelenggara": "swasta",
        "status_lokasi": "mapped"
      },
      "geometry": {
        "type": "Point",
        "coordinates": [
          112.59500086108181,
          -7.2493164422325815
        ]
      }
    },
    {
      "type": "Feature",
      "properties": {
        "generated_faskes_id": "FSK0584",
        "kecamatan": "Sambikerep",
        "jenis_faskes": "Klinik Pratama",
        "nama_faskes": "MEDPOINT",
        "penyelenggara": "swasta",
        "status_lokasi": "mapped"
      },
      "geometry": {
        "type": "Point",
        "coordinates": [
          112.58924285141752,
          -7.253586618895176
        ]
      }
    },
    {
      "type": "Feature",
      "properties": {
        "generated_faskes_id": "FSK0585",
        "kecamatan": "Sambikerep",
        "jenis_faskes": "Klinik Pratama",
        "nama_faskes": "MIFTACHUL MUNIR MEDIKA",
        "penyelenggara": "swasta",
        "status_lokasi": "mapped"
      },
      "geometry": {
        "type": "Point",
        "coordinates": [
          112.6140308952308,
          -7.247194534015115
        ]
      }
    },
    {
      "type": "Feature",
      "properties": {
        "generated_faskes_id": "FSK0586",
        "kecamatan": "Sambikerep",
        "jenis_faskes": "Klinik Pratama",
        "nama_faskes": "THE EMDEE SKIN CLINIC",
        "penyelenggara": "swasta",
        "status_lokasi": "mapped"
      },
      "geometry": {
        "type": "Point",
        "coordinates": [
          112.59675873953006,
          -7.249090910817221
        ]
      }
    },
    {
      "type": "Feature",
      "properties": {
        "generated_faskes_id": "FSK0587",
        "kecamatan": "Sambikerep",
        "jenis_faskes": "Klinik Pratama",
        "nama_faskes": "HAYYU SYAR'I",
        "penyelenggara": "swasta",
        "status_lokasi": "mapped"
      },
      "geometry": {
        "type": "Point",
        "coordinates": [
          112.61314006598698,
          -7.254324332064041
        ]
      }
    },
    {
      "type": "Feature",
      "properties": {
        "generated_faskes_id": "FSK0588",
        "kecamatan": "Sambikerep",
        "jenis_faskes": "Klinik Utama",
        "nama_faskes": "EZMO CLINIC",
        "penyelenggara": "swasta",
        "status_lokasi": "mapped"
      },
      "geometry": {
        "type": "Point",
        "coordinates": [
          112.59630037918168,
          -7.245486197439168
        ]
      }
    },
    {
      "type": "Feature",
      "properties": {
        "generated_faskes_id": "FSK0589",
        "kecamatan": "Sambikerep",
        "jenis_faskes": "Klinik Utama",
        "nama_faskes": "LINA LICA",
        "penyelenggara": "swasta",
        "status_lokasi": "mapped"
      },
      "geometry": {
        "type": "Point",
        "coordinates": [
          112.60939554351445,
          -7.247714532666763
        ]
      }
    },
    {
      "type": "Feature",
      "properties": {
        "generated_faskes_id": "FSK0590",
        "kecamatan": "Sambikerep",
        "jenis_faskes": "Klinik Utama",
        "nama_faskes": "TEETH TOOTH",
        "penyelenggara": "swasta",
        "status_lokasi": "mapped"
      },
      "geometry": {
        "type": "Point",
        "coordinates": [
          112.60986876918685,
          -7.246455797677625
        ]
      }
    },
    {
      "type": "Feature",
      "properties": {
        "generated_faskes_id": "FSK0591",
        "kecamatan": "Sawahan",
        "jenis_faskes": "Apotek",
        "nama_faskes": "KIMIA FARMA NO.243",
        "penyelenggara": "lainnya",
        "status_lokasi": "mapped"
      },
      "geometry": {
        "type": "Point",
        "coordinates": [
          112.64556243320833,
          -7.250349455438206
        ]
      }
    },
    {
      "type": "Feature",
      "properties": {
        "generated_faskes_id": "FSK0592",
        "kecamatan": "Sawahan",
        "jenis_faskes": "Puskesmas Induk",
        "nama_faskes": "Puskesmas Banyu Urip",
        "penyelenggara": "Pemerintah Kota",
        "status_lokasi": "mapped"
      },
      "geometry": {
        "type": "Point",
        "coordinates": [
          112.64438074462201,
          -7.252237549950761
        ]
      }
    },
    {
      "type": "Feature",
      "properties": {
        "generated_faskes_id": "FSK0593",
        "kecamatan": "Sawahan",
        "jenis_faskes": "Puskesmas Induk",
        "nama_faskes": "Puskesmas Pakis",
        "penyelenggara": "Pemerintah Kota",
        "status_lokasi": "mapped"
      },
      "geometry": {
        "type": "Point",
        "coordinates": [
          112.63585484289041,
          -7.253352376068662
        ]
      }
    },
    {
      "type": "Feature",
      "properties": {
        "generated_faskes_id": "FSK0594",
        "kecamatan": "Sawahan",
        "jenis_faskes": "Puskesmas Induk",
        "nama_faskes": "Puskesmas Putat Jaya",
        "penyelenggara": "Pemerintah Kota",
        "status_lokasi": "mapped"
      },
      "geometry": {
        "type": "Point",
        "coordinates": [
          112.6304078876863,
          -7.256073134544503
        ]
      }
    },
    {
      "type": "Feature",
      "properties": {
        "generated_faskes_id": "FSK0595",
        "kecamatan": "Sawahan",
        "jenis_faskes": "Puskesmas Induk",
        "nama_faskes": "Puskesmas Sawahan",
        "penyelenggara": "Pemerintah Kota",
        "status_lokasi": "mapped"
      },
      "geometry": {
        "type": "Point",
        "coordinates": [
          112.65343004802604,
          -7.251085033117333
        ]
      }
    },
    {
      "type": "Feature",
      "properties": {
        "generated_faskes_id": "FSK0596",
        "kecamatan": "Sawahan",
        "jenis_faskes": "Puskesmas Pembantu (Pustu)",
        "nama_faskes": "Pustu Petemon",
        "penyelenggara": "Pemerintah Kota",
        "status_lokasi": "mapped"
      },
      "geometry": {
        "type": "Point",
        "coordinates": [
          112.63179629139601,
          -7.2574779685250865
        ]
      }
    },
    {
      "type": "Feature",
      "properties": {
        "generated_faskes_id": "FSK0597",
        "kecamatan": "Sawahan",
        "jenis_faskes": "Puskesmas Pembantu (Pustu)",
        "nama_faskes": "Pustu Putat Jaya",
        "penyelenggara": "Pemerintah Kota",
        "status_lokasi": "mapped"
      },
      "geometry": {
        "type": "Point",
        "coordinates": [
          112.62731495252902,
          -7.244518812874092
        ]
      }
    },
    {
      "type": "Feature",
      "properties": {
        "generated_faskes_id": "FSK0598",
        "kecamatan": "Sawahan",
        "jenis_faskes": "Puskesmas Pembantu (Pustu)",
        "nama_faskes": "Pustu Simokatrungan",
        "penyelenggara": "Pemerintah Kota",
        "status_lokasi": "mapped"
      },
      "geometry": {
        "type": "Point",
        "coordinates": [
          112.62803422291003,
          -7.245867296793342
        ]
      }
    },
    {
      "type": "Feature",
      "properties": {
        "generated_faskes_id": "FSK0599",
        "kecamatan": "Sawahan",
        "jenis_faskes": "Rumah Sakit Umum",
        "nama_faskes": "Mayapada Hospital Surabaya",
        "penyelenggara": "Swasta",
        "status_lokasi": "mapped"
      },
      "geometry": {
        "type": "Point",
        "coordinates": [
          112.65005359479903,
          -7.243799160299303
        ]
      }
    },
    {
      "type": "Feature",
      "properties": {
        "generated_faskes_id": "FSK0600",
        "kecamatan": "Sawahan",
        "jenis_faskes": "Apotek",
        "nama_faskes": "AGAPE",
        "penyelenggara": "swasta",
        "status_lokasi": "mapped"
      },
      "geometry": {
        "type": "Point",
        "coordinates": [
          112.62613242477073,
          -7.253825986513988
        ]
      }
    },
    {
      "type": "Feature",
      "properties": {
        "generated_faskes_id": "FSK0601",
        "kecamatan": "Sawahan",
        "jenis_faskes": "Apotek",
        "nama_faskes": "MITRA FARMA",
        "penyelenggara": "swasta",
        "status_lokasi": "mapped"
      },
      "geometry": {
        "type": "Point",
        "coordinates": [
          112.64798922813341,
          -7.257597434240459
        ]
      }
    },
    {
      "type": "Feature",
      "properties": {
        "generated_faskes_id": "FSK0602",
        "kecamatan": "Sawahan",
        "jenis_faskes": "Apotek",
        "nama_faskes": "KHEN",
        "penyelenggara": "swasta",
        "status_lokasi": "mapped"
      },
      "geometry": {
        "type": "Point",
        "coordinates": [
          112.63630159612468,
          -7.257025467778378
        ]
      }
    },
    {
      "type": "Feature",
      "properties": {
        "generated_faskes_id": "FSK0603",
        "kecamatan": "Sawahan",
        "jenis_faskes": "Apotek",
        "nama_faskes": "PURI FARMA",
        "penyelenggara": "swasta",
        "status_lokasi": "mapped"
      },
      "geometry": {
        "type": "Point",
        "coordinates": [
          112.64994035170068,
          -7.245863206748265
        ]
      }
    },
    {
      "type": "Feature",
      "properties": {
        "generated_faskes_id": "FSK0604",
        "kecamatan": "Sawahan",
        "jenis_faskes": "Apotek",
        "nama_faskes": "MENGGALA",
        "penyelenggara": "swasta",
        "status_lokasi": "mapped"
      },
      "geometry": {
        "type": "Point",
        "coordinates": [
          112.64927131158917,
          -7.256965115294692
        ]
      }
    },
    {
      "type": "Feature",
      "properties": {
        "generated_faskes_id": "FSK0605",
        "kecamatan": "Sawahan",
        "jenis_faskes": "Apotek",
        "nama_faskes": "STEVEN",
        "penyelenggara": "swasta",
        "status_lokasi": "mapped"
      },
      "geometry": {
        "type": "Point",
        "coordinates": [
          112.63813020215414,
          -7.252467592122564
        ]
      }
    },
    {
      "type": "Feature",
      "properties": {
        "generated_faskes_id": "FSK0606",
        "kecamatan": "Sawahan",
        "jenis_faskes": "Apotek",
        "nama_faskes": "DWI JAYA",
        "penyelenggara": "swasta",
        "status_lokasi": "mapped"
      },
      "geometry": {
        "type": "Point",
        "coordinates": [
          112.64529088766565,
          -7.25564527964014
        ]
      }
    },
    {
      "type": "Feature",
      "properties": {
        "generated_faskes_id": "FSK0607",
        "kecamatan": "Sawahan",
        "jenis_faskes": "Apotek",
        "nama_faskes": "SUGENG",
        "penyelenggara": "swasta",
        "status_lokasi": "mapped"
      },
      "geometry": {
        "type": "Point",
        "coordinates": [
          112.63832596129416,
          -7.2547763212363385
        ]
      }
    },
    {
      "type": "Feature",
      "properties": {
        "generated_faskes_id": "FSK0608",
        "kecamatan": "Sawahan",
        "jenis_faskes": "Apotek",
        "nama_faskes": "FAJAR",
        "penyelenggara": "swasta",
        "status_lokasi": "mapped"
      },
      "geometry": {
        "type": "Point",
        "coordinates": [
          112.64745609554286,
          -7.251769654011055
        ]
      }
    },
    {
      "type": "Feature",
      "properties": {
        "generated_faskes_id": "FSK0609",
        "kecamatan": "Sawahan",
        "jenis_faskes": "Apotek",
        "nama_faskes": "TENOJAYA",
        "penyelenggara": "swasta",
        "status_lokasi": "mapped"
      },
      "geometry": {
        "type": "Point",
        "coordinates": [
          112.64102033449095,
          -7.254326421896349
        ]
      }
    },
    {
      "type": "Feature",
      "properties": {
        "generated_faskes_id": "FSK0610",
        "kecamatan": "Sawahan",
        "jenis_faskes": "Apotek",
        "nama_faskes": "TOWER FARMA",
        "penyelenggara": "swasta",
        "status_lokasi": "mapped"
      },
      "geometry": {
        "type": "Point",
        "coordinates": [
          112.64925871613272,
          -7.251401380574408
        ]
      }
    },
    {
      "type": "Feature",
      "properties": {
        "generated_faskes_id": "FSK0611",
        "kecamatan": "Sawahan",
        "jenis_faskes": "Apotek",
        "nama_faskes": "ARI FARMA",
        "penyelenggara": "swasta",
        "status_lokasi": "mapped"
      },
      "geometry": {
        "type": "Point",
        "coordinates": [
          112.65005340178178,
          -7.253256249099207
        ]
      }
    },
    {
      "type": "Feature",
      "properties": {
        "generated_faskes_id": "FSK0612",
        "kecamatan": "Sawahan",
        "jenis_faskes": "Apotek",
        "nama_faskes": "DAMAI",
        "penyelenggara": "swasta",
        "status_lokasi": "mapped"
      },
      "geometry": {
        "type": "Point",
        "coordinates": [
          112.65341390510733,
          -7.241951937118587
        ]
      }
    },
    {
      "type": "Feature",
      "properties": {
        "generated_faskes_id": "FSK0613",
        "kecamatan": "Sawahan",
        "jenis_faskes": "Apotek",
        "nama_faskes": "C n C",
        "penyelenggara": "swasta",
        "status_lokasi": "mapped"
      },
      "geometry": {
        "type": "Point",
        "coordinates": [
          112.63885039935323,
          -7.254834184900431
        ]
      }
    },
    {
      "type": "Feature",
      "properties": {
        "generated_faskes_id": "FSK0614",
        "kecamatan": "Sawahan",
        "jenis_faskes": "Apotek",
        "nama_faskes": "DEWI FARMA",
        "penyelenggara": "swasta",
        "status_lokasi": "mapped"
      },
      "geometry": {
        "type": "Point",
        "coordinates": [
          112.63645617302572,
          -7.250329903878206
        ]
      }
    },
    {
      "type": "Feature",
      "properties": {
        "generated_faskes_id": "FSK0615",
        "kecamatan": "Sawahan",
        "jenis_faskes": "Apotek",
        "nama_faskes": "VIVA APOTEK SIMO GUNUNG",
        "penyelenggara": "swasta",
        "status_lokasi": "mapped"
      },
      "geometry": {
        "type": "Point",
        "coordinates": [
          112.65398804459618,
          -7.245023660607677
        ]
      }
    },
    {
      "type": "Feature",
      "properties": {
        "generated_faskes_id": "FSK0616",
        "kecamatan": "Sawahan",
        "jenis_faskes": "Apotek",
        "nama_faskes": "VIVA APOTEK BANYU URIP WETAN",
        "penyelenggara": "swasta",
        "status_lokasi": "mapped"
      },
      "geometry": {
        "type": "Point",
        "coordinates": [
          112.64903777672454,
          -7.25746269353227
        ]
      }
    },
    {
      "type": "Feature",
      "properties": {
        "generated_faskes_id": "FSK0617",
        "kecamatan": "Sawahan",
        "jenis_faskes": "Apotek",
        "nama_faskes": "PELITA JAYA",
        "penyelenggara": "swasta",
        "status_lokasi": "mapped"
      },
      "geometry": {
        "type": "Point",
        "coordinates": [
          112.63250009634767,
          -7.248245051002918
        ]
      }
    },
    {
      "type": "Feature",
      "properties": {
        "generated_faskes_id": "FSK0618",
        "kecamatan": "Sawahan",
        "jenis_faskes": "Apotek",
        "nama_faskes": "VIVA APOTEK PACUAN KUDA",
        "penyelenggara": "swasta",
        "status_lokasi": "mapped"
      },
      "geometry": {
        "type": "Point",
        "coordinates": [
          112.65122350835156,
          -7.249833419667218
        ]
      }
    },
    {
      "type": "Feature",
      "properties": {
        "generated_faskes_id": "FSK0619",
        "kecamatan": "Sawahan",
        "jenis_faskes": "Apotek",
        "nama_faskes": "MZ 8",
        "penyelenggara": "swasta",
        "status_lokasi": "mapped"
      },
      "geometry": {
        "type": "Point",
        "coordinates": [
          112.62807769195246,
          -7.244491974926553
        ]
      }
    },
    {
      "type": "Feature",
      "properties": {
        "generated_faskes_id": "FSK0620",
        "kecamatan": "Sawahan",
        "jenis_faskes": "Apotek",
        "nama_faskes": "VIVA APOTEK PETEMON BARAT",
        "penyelenggara": "swasta",
        "status_lokasi": "mapped"
      },
      "geometry": {
        "type": "Point",
        "coordinates": [
          112.65053498144255,
          -7.254773844742245
        ]
      }
    },
    {
      "type": "Feature",
      "properties": {
        "generated_faskes_id": "FSK0621",
        "kecamatan": "Sawahan",
        "jenis_faskes": "Apotek",
        "nama_faskes": "PAHALA PACUAN",
        "penyelenggara": "swasta",
        "status_lokasi": "mapped"
      },
      "geometry": {
        "type": "Point",
        "coordinates": [
          112.64789350490875,
          -7.254998826174158
        ]
      }
    },
    {
      "type": "Feature",
      "properties": {
        "generated_faskes_id": "FSK0622",
        "kecamatan": "Sawahan",
        "jenis_faskes": "Apotek",
        "nama_faskes": "K-24 SIMO KWAGEAN",
        "penyelenggara": "swasta",
        "status_lokasi": "mapped"
      },
      "geometry": {
        "type": "Point",
        "coordinates": [
          112.65215918626934,
          -7.257298607973487
        ]
      }
    },
    {
      "type": "Feature",
      "properties": {
        "generated_faskes_id": "FSK0623",
        "kecamatan": "Sawahan",
        "jenis_faskes": "Toko Obat",
        "nama_faskes": "SUMBER SELAMET",
        "penyelenggara": "swasta",
        "status_lokasi": "mapped"
      },
      "geometry": {
        "type": "Point",
        "coordinates": [
          112.63812417680585,
          -7.2426490901781175
        ]
      }
    },
    {
      "type": "Feature",
      "properties": {
        "generated_faskes_id": "FSK0624",
        "kecamatan": "Sawahan",
        "jenis_faskes": "Toko Obat",
        "nama_faskes": "Multi Sehat Jaya",
        "penyelenggara": "swasta",
        "status_lokasi": "mapped"
      },
      "geometry": {
        "type": "Point",
        "coordinates": [
          112.63166114020721,
          -7.251729320179287
        ]
      }
    },
    {
      "type": "Feature",
      "properties": {
        "generated_faskes_id": "FSK0625",
        "kecamatan": "Sawahan",
        "jenis_faskes": "Klinik Utama",
        "nama_faskes": "PRAMITA",
        "penyelenggara": "swasta",
        "status_lokasi": "mapped"
      },
      "geometry": {
        "type": "Point",
        "coordinates": [
          112.63548755234416,
          -7.259511046501946
        ]
      }
    },
    {
      "type": "Feature",
      "properties": {
        "generated_faskes_id": "FSK0626",
        "kecamatan": "Sawahan",
        "jenis_faskes": "Klinik Pratama",
        "nama_faskes": "HIDAYAH",
        "penyelenggara": "swasta",
        "status_lokasi": "mapped"
      },
      "geometry": {
        "type": "Point",
        "coordinates": [
          112.62659770661513,
          -7.250796536230624
        ]
      }
    },
    {
      "type": "Feature",
      "properties": {
        "generated_faskes_id": "FSK0627",
        "kecamatan": "Sawahan",
        "jenis_faskes": "Klinik Pratama",
        "nama_faskes": "KIMIA FARMA BANYU URIP",
        "penyelenggara": "swasta",
        "status_lokasi": "mapped"
      },
      "geometry": {
        "type": "Point",
        "coordinates": [
          112.6320733422159,
          -7.241767035227298
        ]
      }
    },
    {
      "type": "Feature",
      "properties": {
        "generated_faskes_id": "FSK0628",
        "kecamatan": "Sawahan",
        "jenis_faskes": "Klinik Pratama",
        "nama_faskes": "CLARICE",
        "penyelenggara": "swasta",
        "status_lokasi": "mapped"
      },
      "geometry": {
        "type": "Point",
        "coordinates": [
          112.63624738020253,
          -7.259483228331984
        ]
      }
    },
    {
      "type": "Feature",
      "properties": {
        "generated_faskes_id": "FSK0629",
        "kecamatan": "Sawahan",
        "jenis_faskes": "Klinik Pratama",
        "nama_faskes": "DELOVELY",
        "penyelenggara": "swasta",
        "status_lokasi": "mapped"
      },
      "geometry": {
        "type": "Point",
        "coordinates": [
          112.6529247771425,
          -7.244615101393787
        ]
      }
    },
    {
      "type": "Feature",
      "properties": {
        "generated_faskes_id": "FSK0630",
        "kecamatan": "Sawahan",
        "jenis_faskes": "Klinik Pratama",
        "nama_faskes": "BDS PACUAN KUDA",
        "penyelenggara": "swasta",
        "status_lokasi": "mapped"
      },
      "geometry": {
        "type": "Point",
        "coordinates": [
          112.64449882052882,
          -7.245491354979493
        ]
      }
    },
    {
      "type": "Feature",
      "properties": {
        "generated_faskes_id": "FSK0631",
        "kecamatan": "Sawahan",
        "jenis_faskes": "Klinik Pratama",
        "nama_faskes": "PUSURA SUNGKONO",
        "penyelenggara": "swasta",
        "status_lokasi": "mapped"
      },
      "geometry": {
        "type": "Point",
        "coordinates": [
          112.62912798763178,
          -7.25474054438259
        ]
      }
    },
    {
      "type": "Feature",
      "properties": {
        "generated_faskes_id": "FSK0632",
        "kecamatan": "Sawahan",
        "jenis_faskes": "Klinik Pratama",
        "nama_faskes": "Lazarus",
        "penyelenggara": "swasta",
        "status_lokasi": "mapped"
      },
      "geometry": {
        "type": "Point",
        "coordinates": [
          112.64989284749458,
          -7.24723868020944
        ]
      }
    },
    {
      "type": "Feature",
      "properties": {
        "generated_faskes_id": "FSK0633",
        "kecamatan": "Sawahan",
        "jenis_faskes": "Klinik Utama",
        "nama_faskes": "dr. RUSTIADJI",
        "penyelenggara": "swasta",
        "status_lokasi": "mapped"
      },
      "geometry": {
        "type": "Point",
        "coordinates": [
          112.62916378075455,
          -7.2470651701197
        ]
      }
    },
    {
      "type": "Feature",
      "properties": {
        "generated_faskes_id": "FSK0634",
        "kecamatan": "Sawahan",
        "jenis_faskes": "Klinik Utama",
        "nama_faskes": "PRAMITA",
        "penyelenggara": "swasta",
        "status_lokasi": "mapped"
      },
      "geometry": {
        "type": "Point",
        "coordinates": [
          112.63845804421946,
          -7.259903728031063
        ]
      }
    },
    {
      "type": "Feature",
      "properties": {
        "generated_faskes_id": "FSK0635",
        "kecamatan": "Semampir",
        "jenis_faskes": "Klinik Pratama",
        "nama_faskes": "AMPEL",
        "penyelenggara": "lainnya",
        "status_lokasi": "mapped"
      },
      "geometry": {
        "type": "Point",
        "coordinates": [
          112.66737677313812,
          -7.255308061311987
        ]
      }
    },
    {
      "type": "Feature",
      "properties": {
        "generated_faskes_id": "FSK0636",
        "kecamatan": "Semampir",
        "jenis_faskes": "Puskesmas Induk",
        "nama_faskes": "Puskesmas Pegirian",
        "penyelenggara": "Pemerintah Kota",
        "status_lokasi": "mapped"
      },
      "geometry": {
        "type": "Point",
        "coordinates": [
          112.69004889297847,
          -7.24993858883353
        ]
      }
    },
    {
      "type": "Feature",
      "properties": {
        "generated_faskes_id": "FSK0637",
        "kecamatan": "Semampir",
        "jenis_faskes": "Puskesmas Induk",
        "nama_faskes": "Puskesmas Sawah Pulo",
        "penyelenggara": "Pemerintah Kota",
        "status_lokasi": "mapped"
      },
      "geometry": {
        "type": "Point",
        "coordinates": [
          112.68681704355974,
          -7.250324189058743
        ]
      }
    },
    {
      "type": "Feature",
      "properties": {
        "generated_faskes_id": "FSK0638",
        "kecamatan": "Semampir",
        "jenis_faskes": "Puskesmas Induk",
        "nama_faskes": "Puskesmas Sidotopo",
        "penyelenggara": "Pemerintah Kota",
        "status_lokasi": "mapped"
      },
      "geometry": {
        "type": "Point",
        "coordinates": [
          112.66833560580972,
          -7.2547181377359475
        ]
      }
    },
    {
      "type": "Feature",
      "properties": {
        "generated_faskes_id": "FSK0639",
        "kecamatan": "Semampir",
        "jenis_faskes": "Puskesmas Induk",
        "nama_faskes": "Puskesmas Wonokusumo",
        "penyelenggara": "Pemerintah Kota",
        "status_lokasi": "mapped"
      },
      "geometry": {
        "type": "Point",
        "coordinates": [
          112.67403453583758,
          -7.259124593478655
        ]
      }
    },
    {
      "type": "Feature",
      "properties": {
        "generated_faskes_id": "FSK0640",
        "kecamatan": "Semampir",
        "jenis_faskes": "Puskesmas Pembantu (Pustu)",
        "nama_faskes": "Pustu Pegirian",
        "penyelenggara": "Pemerintah Kota",
        "status_lokasi": "mapped"
      },
      "geometry": {
        "type": "Point",
        "coordinates": [
          112.6775947663126,
          -7.245445183008276
        ]
      }
    },
    {
      "type": "Feature",
      "properties": {
        "generated_faskes_id": "FSK0641",
        "kecamatan": "Semampir",
        "jenis_faskes": "Puskesmas Pembantu (Pustu)",
        "nama_faskes": "Pustu Wonokusumo",
        "penyelenggara": "Pemerintah Kota",
        "status_lokasi": "mapped"
      },
      "geometry": {
        "type": "Point",
        "coordinates": [
          112.67871340849909,
          -7.257967605253016
        ]
      }
    },
    {
      "type": "Feature",
      "properties": {
        "generated_faskes_id": "FSK0642",
        "kecamatan": "Semampir",
        "jenis_faskes": "Rumah Sakit Umum",
        "nama_faskes": "RS Husada Prima",
        "penyelenggara": "Pemerintah Provinsi",
        "status_lokasi": "mapped"
      },
      "geometry": {
        "type": "Point",
        "coordinates": [
          112.69215440656986,
          -7.249059784214985
        ]
      }
    },
    {
      "type": "Feature",
      "properties": {
        "generated_faskes_id": "FSK0643",
        "kecamatan": "Semampir",
        "jenis_faskes": "Apotek",
        "nama_faskes": "KEMAJUAN",
        "penyelenggara": "swasta",
        "status_lokasi": "mapped"
      },
      "geometry": {
        "type": "Point",
        "coordinates": [
          112.66549306056616,
          -7.2505514449461606
        ]
      }
    },
    {
      "type": "Feature",
      "properties": {
        "generated_faskes_id": "FSK0644",
        "kecamatan": "Semampir",
        "jenis_faskes": "Apotek",
        "nama_faskes": "MUSTIKA JAYA I",
        "penyelenggara": "swasta",
        "status_lokasi": "mapped"
      },
      "geometry": {
        "type": "Point",
        "coordinates": [
          112.67225814403263,
          -7.257367757928819
        ]
      }
    },
    {
      "type": "Feature",
      "properties": {
        "generated_faskes_id": "FSK0645",
        "kecamatan": "Semampir",
        "jenis_faskes": "Apotek",
        "nama_faskes": "WONOSARI MEDIKA",
        "penyelenggara": "swasta",
        "status_lokasi": "mapped"
      },
      "geometry": {
        "type": "Point",
        "coordinates": [
          112.6778771667931,
          -7.24872849098244
        ]
      }
    },
    {
      "type": "Feature",
      "properties": {
        "generated_faskes_id": "FSK0646",
        "kecamatan": "Semampir",
        "jenis_faskes": "Apotek",
        "nama_faskes": "AMIRA",
        "penyelenggara": "swasta",
        "status_lokasi": "mapped"
      },
      "geometry": {
        "type": "Point",
        "coordinates": [
          112.67221692716419,
          -7.252362927421176
        ]
      }
    },
    {
      "type": "Feature",
      "properties": {
        "generated_faskes_id": "FSK0647",
        "kecamatan": "Semampir",
        "jenis_faskes": "Apotek",
        "nama_faskes": "SURAMADU",
        "penyelenggara": "swasta",
        "status_lokasi": "mapped"
      },
      "geometry": {
        "type": "Point",
        "coordinates": [
          112.68493113905225,
          -7.258430410825233
        ]
      }
    },
    {
      "type": "Feature",
      "properties": {
        "generated_faskes_id": "FSK0648",
        "kecamatan": "Semampir",
        "jenis_faskes": "Apotek",
        "nama_faskes": "PERMATA P",
        "penyelenggara": "swasta",
        "status_lokasi": "mapped"
      },
      "geometry": {
        "type": "Point",
        "coordinates": [
          112.69423963472856,
          -7.258759212413338
        ]
      }
    },
    {
      "type": "Feature",
      "properties": {
        "generated_faskes_id": "FSK0649",
        "kecamatan": "Semampir",
        "jenis_faskes": "Apotek",
        "nama_faskes": "VIVA GENERIK WONOKUSUMO",
        "penyelenggara": "swasta",
        "status_lokasi": "mapped"
      },
      "geometry": {
        "type": "Point",
        "coordinates": [
          112.68078178335966,
          -7.2506989922293705
        ]
      }
    },
    {
      "type": "Feature",
      "properties": {
        "generated_faskes_id": "FSK0650",
        "kecamatan": "Semampir",
        "jenis_faskes": "Apotek",
        "nama_faskes": "AZIFAH",
        "penyelenggara": "swasta",
        "status_lokasi": "mapped"
      },
      "geometry": {
        "type": "Point",
        "coordinates": [
          112.69464994456789,
          -7.249840547539
        ]
      }
    },
    {
      "type": "Feature",
      "properties": {
        "generated_faskes_id": "FSK0651",
        "kecamatan": "Semampir",
        "jenis_faskes": "Apotek",
        "nama_faskes": "ALMIRA",
        "penyelenggara": "swasta",
        "status_lokasi": "mapped"
      },
      "geometry": {
        "type": "Point",
        "coordinates": [
          112.6767136119768,
          -7.251380856900427
        ]
      }
    },
    {
      "type": "Feature",
      "properties": {
        "generated_faskes_id": "FSK0652",
        "kecamatan": "Semampir",
        "jenis_faskes": "Apotek",
        "nama_faskes": "K24 WONOKUSUMO",
        "penyelenggara": "swasta",
        "status_lokasi": "mapped"
      },
      "geometry": {
        "type": "Point",
        "coordinates": [
          112.68407012374405,
          -7.2420142772532206
        ]
      }
    },
    {
      "type": "Feature",
      "properties": {
        "generated_faskes_id": "FSK0653",
        "kecamatan": "Semampir",
        "jenis_faskes": "Apotek",
        "nama_faskes": "RAFA FARMA BULAK JAYA",
        "penyelenggara": "swasta",
        "status_lokasi": "mapped"
      },
      "geometry": {
        "type": "Point",
        "coordinates": [
          112.67260950783206,
          -7.259702225763003
        ]
      }
    },
    {
      "type": "Feature",
      "properties": {
        "generated_faskes_id": "FSK0654",
        "kecamatan": "Semampir",
        "jenis_faskes": "Apotek",
        "nama_faskes": "BERLIN 3",
        "penyelenggara": "swasta",
        "status_lokasi": "mapped"
      },
      "geometry": {
        "type": "Point",
        "coordinates": [
          112.68865560048837,
          -7.253678620958671
        ]
      }
    },
    {
      "type": "Feature",
      "properties": {
        "generated_faskes_id": "FSK0655",
        "kecamatan": "Semampir",
        "jenis_faskes": "Apotek",
        "nama_faskes": "KAHA",
        "penyelenggara": "swasta",
        "status_lokasi": "mapped"
      },
      "geometry": {
        "type": "Point",
        "coordinates": [
          112.68698823064351,
          -7.248481955687946
        ]
      }
    },
    {
      "type": "Feature",
      "properties": {
        "generated_faskes_id": "FSK0656",
        "kecamatan": "Semampir",
        "jenis_faskes": "Klinik Pratama",
        "nama_faskes": "WACHID HASYIM",
        "penyelenggara": "swasta",
        "status_lokasi": "mapped"
      },
      "geometry": {
        "type": "Point",
        "coordinates": [
          112.6881450412233,
          -7.246521571945108
        ]
      }
    },
    {
      "type": "Feature",
      "properties": {
        "generated_faskes_id": "FSK0657",
        "kecamatan": "Semampir",
        "jenis_faskes": "Klinik Pratama",
        "nama_faskes": "MEDISKA SIDOTOPO",
        "penyelenggara": "swasta",
        "status_lokasi": "mapped"
      },
      "geometry": {
        "type": "Point",
        "coordinates": [
          112.67497555825115,
          -7.259187179047921
        ]
      }
    },
    {
      "type": "Feature",
      "properties": {
        "generated_faskes_id": "FSK0658",
        "kecamatan": "Semampir",
        "jenis_faskes": "Klinik Pratama",
        "nama_faskes": "INDOSEHAT 2003",
        "penyelenggara": "swasta",
        "status_lokasi": "mapped"
      },
      "geometry": {
        "type": "Point",
        "coordinates": [
          112.68138041235622,
          -7.245085670798138
        ]
      }
    },
    {
      "type": "Feature",
      "properties": {
        "generated_faskes_id": "FSK0659",
        "kecamatan": "Semampir",
        "jenis_faskes": "Klinik Utama",
        "nama_faskes": "PROSPEK",
        "penyelenggara": "swasta",
        "status_lokasi": "mapped"
      },
      "geometry": {
        "type": "Point",
        "coordinates": [
          112.67025267381155,
          -7.2457157191195645
        ]
      }
    },
    {
      "type": "Feature",
      "properties": {
        "generated_faskes_id": "FSK0660",
        "kecamatan": "Semampir",
        "jenis_faskes": "Klinik Utama",
        "nama_faskes": "INDOSEHAT 2003",
        "penyelenggara": "swasta",
        "status_lokasi": "mapped"
      },
      "geometry": {
        "type": "Point",
        "coordinates": [
          112.67893868699241,
          -7.247251197046738
        ]
      }
    },
    {
      "type": "Feature",
      "properties": {
        "generated_faskes_id": "FSK0661",
        "kecamatan": "Semampir",
        "jenis_faskes": "Klinik Pratama",
        "nama_faskes": "dr. IDRIS P. SIREGAR",
        "penyelenggara": "TNI/POLRI",
        "status_lokasi": "mapped"
      },
      "geometry": {
        "type": "Point",
        "coordinates": [
          112.68395207543274,
          -7.24512254249946
        ]
      }
    },
    {
      "type": "Feature",
      "properties": {
        "generated_faskes_id": "FSK0662",
        "kecamatan": "Simokerto",
        "jenis_faskes": "Apotek",
        "nama_faskes": "KIMIA FARMA TAMBAK REJO",
        "penyelenggara": "lainnya",
        "status_lokasi": "mapped"
      },
      "geometry": {
        "type": "Point",
        "coordinates": [
          112.70689301611095,
          -7.245769842672104
        ]
      }
    },
    {
      "type": "Feature",
      "properties": {
        "generated_faskes_id": "FSK0663",
        "kecamatan": "Simokerto",
        "jenis_faskes": "Rumah Sakit Umum",
        "nama_faskes": "RS Umum Daerah dr. Mohamad Soewandhie",
        "penyelenggara": "Pemerintah Kota",
        "status_lokasi": "mapped"
      },
      "geometry": {
        "type": "Point",
        "coordinates": [
          112.7187303873234,
          -7.254620219528458
        ]
      }
    },
    {
      "type": "Feature",
      "properties": {
        "generated_faskes_id": "FSK0664",
        "kecamatan": "Simokerto",
        "jenis_faskes": "Puskesmas Induk",
        "nama_faskes": "Puskesmas Simolawang",
        "penyelenggara": "Pemerintah Kota",
        "status_lokasi": "mapped"
      },
      "geometry": {
        "type": "Point",
        "coordinates": [
          112.70631418826976,
          -7.256343053048554
        ]
      }
    },
    {
      "type": "Feature",
      "properties": {
        "generated_faskes_id": "FSK0665",
        "kecamatan": "Simokerto",
        "jenis_faskes": "Puskesmas Induk",
        "nama_faskes": "Puskesmas Tambakrejo",
        "penyelenggara": "Pemerintah Kota",
        "status_lokasi": "mapped"
      },
      "geometry": {
        "type": "Point",
        "coordinates": [
          112.7062571782579,
          -7.242888198700909
        ]
      }
    },
    {
      "type": "Feature",
      "properties": {
        "generated_faskes_id": "FSK0666",
        "kecamatan": "Simokerto",
        "jenis_faskes": "Puskesmas Pembantu (Pustu)",
        "nama_faskes": "Pustu Kapasari",
        "penyelenggara": "Pemerintah Kota",
        "status_lokasi": "mapped"
      },
      "geometry": {
        "type": "Point",
        "coordinates": [
          112.72046150767763,
          -7.241866083791237
        ]
      }
    },
    {
      "type": "Feature",
      "properties": {
        "generated_faskes_id": "FSK0667",
        "kecamatan": "Simokerto",
        "jenis_faskes": "Puskesmas Pembantu (Pustu)",
        "nama_faskes": "Pustu Kapasan",
        "penyelenggara": "Pemerintah Kota",
        "status_lokasi": "mapped"
      },
      "geometry": {
        "type": "Point",
        "coordinates": [
          112.7212909209296,
          -7.2553559143046185
        ]
      }
    },
    {
      "type": "Feature",
      "properties": {
        "generated_faskes_id": "FSK0668",
        "kecamatan": "Simokerto",
        "jenis_faskes": "Puskesmas Pembantu (Pustu)",
        "nama_faskes": "Pustu Granting",
        "penyelenggara": "Pemerintah Kota",
        "status_lokasi": "mapped"
      },
      "geometry": {
        "type": "Point",
        "coordinates": [
          112.72759872756455,
          -7.256496437103212
        ]
      }
    },
    {
      "type": "Feature",
      "properties": {
        "generated_faskes_id": "FSK0669",
        "kecamatan": "Simokerto",
        "jenis_faskes": "Puskesmas Pembantu (Pustu)",
        "nama_faskes": "Pustu Kebondalem",
        "penyelenggara": "Pemerintah Kota",
        "status_lokasi": "mapped"
      },
      "geometry": {
        "type": "Point",
        "coordinates": [
          112.71570922528105,
          -7.2456845712720614
        ]
      }
    },
    {
      "type": "Feature",
      "properties": {
        "generated_faskes_id": "FSK0670",
        "kecamatan": "Simokerto",
        "jenis_faskes": "Puskesmas Pembantu (Pustu)",
        "nama_faskes": "Pustu Sidodadi",
        "penyelenggara": "Pemerintah Kota",
        "status_lokasi": "mapped"
      },
      "geometry": {
        "type": "Point",
        "coordinates": [
          112.73097394831233,
          -7.253914714083009
        ]
      }
    },
    {
      "type": "Feature",
      "properties": {
        "generated_faskes_id": "FSK0671",
        "kecamatan": "Simokerto",
        "jenis_faskes": "Puskesmas Pembantu (Pustu)",
        "nama_faskes": "Pustu Sidoyoso Kali",
        "penyelenggara": "Pemerintah Kota",
        "status_lokasi": "mapped"
      },
      "geometry": {
        "type": "Point",
        "coordinates": [
          112.70873425024732,
          -7.253252981804231
        ]
      }
    },
    {
      "type": "Feature",
      "properties": {
        "generated_faskes_id": "FSK0672",
        "kecamatan": "Simokerto",
        "jenis_faskes": "Rumah Sakit Umum",
        "nama_faskes": "RS Umum Daerah Dr. Soetomo",
        "penyelenggara": "Pemerintah Provinsi",
        "status_lokasi": "mapped"
      },
      "geometry": {
        "type": "Point",
        "coordinates": [
          112.73168459551036,
          -7.246372692065473
        ]
      }
    },
    {
      "type": "Feature",
      "properties": {
        "generated_faskes_id": "FSK0673",
        "kecamatan": "Simokerto",
        "jenis_faskes": "Rumah Sakit Umum",
        "nama_faskes": "RS Umum Adi Husada Kapasari",
        "penyelenggara": "Swasta",
        "status_lokasi": "mapped"
      },
      "geometry": {
        "type": "Point",
        "coordinates": [
          112.73183912484863,
          -7.252911512581887
        ]
      }
    },
    {
      "type": "Feature",
      "properties": {
        "generated_faskes_id": "FSK0674",
        "kecamatan": "Simokerto",
        "jenis_faskes": "Apotek",
        "nama_faskes": "BHUMYAMCA II",
        "penyelenggara": "swasta",
        "status_lokasi": "mapped"
      },
      "geometry": {
        "type": "Point",
        "coordinates": [
          112.73421170752944,
          -7.250902940846821
        ]
      }
    },
    {
      "type": "Feature",
      "properties": {
        "generated_faskes_id": "FSK0675",
        "kecamatan": "Simokerto",
        "jenis_faskes": "Apotek",
        "nama_faskes": "SEGARAN",
        "penyelenggara": "swasta",
        "status_lokasi": "mapped"
      },
      "geometry": {
        "type": "Point",
        "coordinates": [
          112.7199257017748,
          -7.243054308111839
        ]
      }
    },
    {
      "type": "Feature",
      "properties": {
        "generated_faskes_id": "FSK0676",
        "kecamatan": "Simokerto",
        "jenis_faskes": "Apotek",
        "nama_faskes": "MATAHARI FARMA",
        "penyelenggara": "swasta",
        "status_lokasi": "mapped"
      },
      "geometry": {
        "type": "Point",
        "coordinates": [
          112.72057827560603,
          -7.2453122850643
        ]
      }
    },
    {
      "type": "Feature",
      "properties": {
        "generated_faskes_id": "FSK0677",
        "kecamatan": "Simokerto",
        "jenis_faskes": "Apotek",
        "nama_faskes": "K - 24 KAPASARI",
        "penyelenggara": "swasta",
        "status_lokasi": "mapped"
      },
      "geometry": {
        "type": "Point",
        "coordinates": [
          112.72681243973027,
          -7.258553004888983
        ]
      }
    },
    {
      "type": "Feature",
      "properties": {
        "generated_faskes_id": "FSK0678",
        "kecamatan": "Simokerto",
        "jenis_faskes": "Apotek",
        "nama_faskes": "SUMBER WARAS",
        "penyelenggara": "swasta",
        "status_lokasi": "mapped"
      },
      "geometry": {
        "type": "Point",
        "coordinates": [
          112.72307359896489,
          -7.244923743208435
        ]
      }
    },
    {
      "type": "Feature",
      "properties": {
        "generated_faskes_id": "FSK0679",
        "kecamatan": "Simokerto",
        "jenis_faskes": "Apotek",
        "nama_faskes": "TERAS PHARMA",
        "penyelenggara": "swasta",
        "status_lokasi": "mapped"
      },
      "geometry": {
        "type": "Point",
        "coordinates": [
          112.72136423192032,
          -7.254111123816066
        ]
      }
    },
    {
      "type": "Feature",
      "properties": {
        "generated_faskes_id": "FSK0680",
        "kecamatan": "Simokerto",
        "jenis_faskes": "Toko Obat",
        "nama_faskes": "KENDJERAN",
        "penyelenggara": "swasta",
        "status_lokasi": "mapped"
      },
      "geometry": {
        "type": "Point",
        "coordinates": [
          112.70740206733224,
          -7.247883147606601
        ]
      }
    },
    {
      "type": "Feature",
      "properties": {
        "generated_faskes_id": "FSK0681",
        "kecamatan": "Simokerto",
        "jenis_faskes": "Toko Obat",
        "nama_faskes": "toko Obat PT. Trans Retail Indonesia Cabang Carrefour ITC Mega Grosir Surabaya",
        "penyelenggara": "swasta",
        "status_lokasi": "mapped"
      },
      "geometry": {
        "type": "Point",
        "coordinates": [
          112.71419487568271,
          -7.248951936824938
        ]
      }
    },
    {
      "type": "Feature",
      "properties": {
        "generated_faskes_id": "FSK0682",
        "kecamatan": "Simokerto",
        "jenis_faskes": "Klinik Utama",
        "nama_faskes": "PROSPEK (SIMOKERTO)",
        "penyelenggara": "swasta",
        "status_lokasi": "mapped"
      },
      "geometry": {
        "type": "Point",
        "coordinates": [
          112.71778348218648,
          -7.247354311845165
        ]
      }
    },
    {
      "type": "Feature",
      "properties": {
        "generated_faskes_id": "FSK0683",
        "kecamatan": "Sukolilo",
        "jenis_faskes": "Apotek",
        "nama_faskes": "KIMIA FARMA KLAMPIS",
        "penyelenggara": "lainnya",
        "status_lokasi": "mapped"
      },
      "geometry": {
        "type": "Point",
        "coordinates": [
          112.79554640951315,
          -7.259223488681081
        ]
      }
    },
    {
      "type": "Feature",
      "properties": {
        "generated_faskes_id": "FSK0684",
        "kecamatan": "Sukolilo",
        "jenis_faskes": "Apotek",
        "nama_faskes": "KIMIA FARMA MENUR",
        "penyelenggara": "lainnya",
        "status_lokasi": "mapped"
      },
      "geometry": {
        "type": "Point",
        "coordinates": [
          112.81110111525169,
          -7.253536412644344
        ]
      }
    },
    {
      "type": "Feature",
      "properties": {
        "generated_faskes_id": "FSK0685",
        "kecamatan": "Sukolilo",
        "jenis_faskes": "Puskesmas Induk",
        "nama_faskes": "Puskesmas Keputih",
        "penyelenggara": "Pemerintah Kota",
        "status_lokasi": "mapped"
      },
      "geometry": {
        "type": "Point",
        "coordinates": [
          112.81494451793318,
          -7.254966485065294
        ]
      }
    },
    {
      "type": "Feature",
      "properties": {
        "generated_faskes_id": "FSK0686",
        "kecamatan": "Sukolilo",
        "jenis_faskes": "Puskesmas Induk",
        "nama_faskes": "Puskesmas Klampis Ngasem",
        "penyelenggara": "Pemerintah Kota",
        "status_lokasi": "mapped"
      },
      "geometry": {
        "type": "Point",
        "coordinates": [
          112.81440081837583,
          -7.242621753058943
        ]
      }
    },
    {
      "type": "Feature",
      "properties": {
        "generated_faskes_id": "FSK0687",
        "kecamatan": "Sukolilo",
        "jenis_faskes": "Puskesmas Induk",
        "nama_faskes": "Puskesmas Menur",
        "penyelenggara": "Pemerintah Kota",
        "status_lokasi": "mapped"
      },
      "geometry": {
        "type": "Point",
        "coordinates": [
          112.78725123494964,
          -7.248312270138806
        ]
      }
    },
    {
      "type": "Feature",
      "properties": {
        "generated_faskes_id": "FSK0688",
        "kecamatan": "Sukolilo",
        "jenis_faskes": "Puskesmas Pembantu (Pustu)",
        "nama_faskes": "Pustu Gebang Putih",
        "penyelenggara": "Pemerintah Kota",
        "status_lokasi": "mapped"
      },
      "geometry": {
        "type": "Point",
        "coordinates": [
          112.79589933391952,
          -7.245313240448026
        ]
      }
    },
    {
      "type": "Feature",
      "properties": {
        "generated_faskes_id": "FSK0689",
        "kecamatan": "Sukolilo",
        "jenis_faskes": "Puskesmas Pembantu (Pustu)",
        "nama_faskes": "Pustu Medokan Semampir",
        "penyelenggara": "Pemerintah Kota",
        "status_lokasi": "mapped"
      },
      "geometry": {
        "type": "Point",
        "coordinates": [
          112.80538231823444,
          -7.24253219440154
        ]
      }
    },
    {
      "type": "Feature",
      "properties": {
        "generated_faskes_id": "FSK0690",
        "kecamatan": "Sukolilo",
        "jenis_faskes": "Puskesmas Pembantu (Pustu)",
        "nama_faskes": "Pustu Semolowaru",
        "penyelenggara": "Pemerintah Kota",
        "status_lokasi": "mapped"
      },
      "geometry": {
        "type": "Point",
        "coordinates": [
          112.78928338405088,
          -7.248861163439117
        ]
      }
    },
    {
      "type": "Feature",
      "properties": {
        "generated_faskes_id": "FSK0691",
        "kecamatan": "Sukolilo",
        "jenis_faskes": "Rumah Sakit Umum",
        "nama_faskes": "RS Umum Haji Surabaya",
        "penyelenggara": "Pemerintah Provinsi",
        "status_lokasi": "mapped"
      },
      "geometry": {
        "type": "Point",
        "coordinates": [
          112.8084393590923,
          -7.25936201896036
        ]
      }
    },
    {
      "type": "Feature",
      "properties": {
        "generated_faskes_id": "FSK0692",
        "kecamatan": "Sukolilo",
        "jenis_faskes": "Klinik Utama",
        "nama_faskes": "EMBARKASI HAJI SURABAYA",
        "penyelenggara": "Pemerintah Provinsi Jawa Timur",
        "status_lokasi": "mapped"
      },
      "geometry": {
        "type": "Point",
        "coordinates": [
          112.78701700089186,
          -7.245727218152374
        ]
      }
    },
    {
      "type": "Feature",
      "properties": {
        "generated_faskes_id": "FSK0693",
        "kecamatan": "Sukolilo",
        "jenis_faskes": "Rumah Sakit Khusus",
        "nama_faskes": "RS Onkologi",
        "penyelenggara": "Swasta",
        "status_lokasi": "mapped"
      },
      "geometry": {
        "type": "Point",
        "coordinates": [
          112.79598985419321,
          -7.252981002635705
        ]
      }
    },
    {
      "type": "Feature",
      "properties": {
        "generated_faskes_id": "FSK0694",
        "kecamatan": "Sukolilo",
        "jenis_faskes": "Rumah Sakit Umum",
        "nama_faskes": "RS Premier Surabaya",
        "penyelenggara": "Swasta",
        "status_lokasi": "mapped"
      },
      "geometry": {
        "type": "Point",
        "coordinates": [
          112.80201733925172,
          -7.248906594804328
        ]
      }
    },
    {
      "type": "Feature",
      "properties": {
        "generated_faskes_id": "FSK0695",
        "kecamatan": "Sukolilo",
        "jenis_faskes": "Rumah Sakit Khusus",
        "nama_faskes": "RS Ibu dan Anak Putri Surabaya",
        "penyelenggara": "Swasta",
        "status_lokasi": "mapped"
      },
      "geometry": {
        "type": "Point",
        "coordinates": [
          112.8053718617074,
          -7.242604901963464
        ]
      }
    },
    {
      "type": "Feature",
      "properties": {
        "generated_faskes_id": "FSK0696",
        "kecamatan": "Sukolilo",
        "jenis_faskes": "Rumah Sakit Umum",
        "nama_faskes": "RS Gotong Royong",
        "penyelenggara": "Swasta",
        "status_lokasi": "mapped"
      },
      "geometry": {
        "type": "Point",
        "coordinates": [
          112.79616040135411,
          -7.2460101180170255
        ]
      }
    },
    {
      "type": "Feature",
      "properties": {
        "generated_faskes_id": "FSK0697",
        "kecamatan": "Sukolilo",
        "jenis_faskes": "Apotek",
        "nama_faskes": "MENUR",
        "penyelenggara": "swasta",
        "status_lokasi": "mapped"
      },
      "geometry": {
        "type": "Point",
        "coordinates": [
          112.80221765335001,
          -7.2502932355051675
        ]
      }
    },
    {
      "type": "Feature",
      "properties": {
        "generated_faskes_id": "FSK0698",
        "kecamatan": "Sukolilo",
        "jenis_faskes": "Apotek",
        "nama_faskes": "PRIMADANA",
        "penyelenggara": "swasta",
        "status_lokasi": "mapped"
      },
      "geometry": {
        "type": "Point",
        "coordinates": [
          112.79694102137857,
          -7.248091386493722
        ]
      }
    },
    {
      "type": "Feature",
      "properties": {
        "generated_faskes_id": "FSK0699",
        "kecamatan": "Sukolilo",
        "jenis_faskes": "Apotek",
        "nama_faskes": "LIBRA",
        "penyelenggara": "swasta",
        "status_lokasi": "mapped"
      },
      "geometry": {
        "type": "Point",
        "coordinates": [
          112.7924883495928,
          -7.257920108769275
        ]
      }
    },
    {
      "type": "Feature",
      "properties": {
        "generated_faskes_id": "FSK0700",
        "kecamatan": "Sukolilo",
        "jenis_faskes": "Apotek",
        "nama_faskes": "KENJERAN",
        "penyelenggara": "swasta",
        "status_lokasi": "mapped"
      },
      "geometry": {
        "type": "Point",
        "coordinates": [
          112.80707024578437,
          -7.250850860728631
        ]
      }
    },
    {
      "type": "Feature",
      "properties": {
        "generated_faskes_id": "FSK0701",
        "kecamatan": "Sukolilo",
        "jenis_faskes": "Apotek",
        "nama_faskes": "ASTI FARMA",
        "penyelenggara": "swasta",
        "status_lokasi": "mapped"
      },
      "geometry": {
        "type": "Point",
        "coordinates": [
          112.79660962140117,
          -7.249702666969406
        ]
      }
    },
    {
      "type": "Feature",
      "properties": {
        "generated_faskes_id": "FSK0702",
        "kecamatan": "Sukolilo",
        "jenis_faskes": "Apotek",
        "nama_faskes": "NATANETTE",
        "penyelenggara": "swasta",
        "status_lokasi": "mapped"
      },
      "geometry": {
        "type": "Point",
        "coordinates": [
          112.79285330029762,
          -7.255228020862435
        ]
      }
    },
    {
      "type": "Feature",
      "properties": {
        "generated_faskes_id": "FSK0703",
        "kecamatan": "Sukolilo",
        "jenis_faskes": "Apotek",
        "nama_faskes": "LIBRA 2",
        "penyelenggara": "swasta",
        "status_lokasi": "mapped"
      },
      "geometry": {
        "type": "Point",
        "coordinates": [
          112.79838819337216,
          -7.241733306277163
        ]
      }
    },
    {
      "type": "Feature",
      "properties": {
        "generated_faskes_id": "FSK0704",
        "kecamatan": "Sukolilo",
        "jenis_faskes": "Apotek",
        "nama_faskes": "SELARAS",
        "penyelenggara": "swasta",
        "status_lokasi": "mapped"
      },
      "geometry": {
        "type": "Point",
        "coordinates": [
          112.79356730633094,
          -7.243197886658399
        ]
      }
    },
    {
      "type": "Feature",
      "properties": {
        "generated_faskes_id": "FSK0705",
        "kecamatan": "Sukolilo",
        "jenis_faskes": "Apotek",
        "nama_faskes": "KARYA SUKSES",
        "penyelenggara": "swasta",
        "status_lokasi": "mapped"
      },
      "geometry": {
        "type": "Point",
        "coordinates": [
          112.79973600585762,
          -7.257751647265094
        ]
      }
    },
    {
      "type": "Feature",
      "properties": {
        "generated_faskes_id": "FSK0706",
        "kecamatan": "Sukolilo",
        "jenis_faskes": "Apotek",
        "nama_faskes": "K-24 MANYAR",
        "penyelenggara": "swasta",
        "status_lokasi": "mapped"
      },
      "geometry": {
        "type": "Point",
        "coordinates": [
          112.81058478871152,
          -7.251712550770501
        ]
      }
    },
    {
      "type": "Feature",
      "properties": {
        "generated_faskes_id": "FSK0707",
        "kecamatan": "Sukolilo",
        "jenis_faskes": "Apotek",
        "nama_faskes": "LATOVI",
        "penyelenggara": "swasta",
        "status_lokasi": "mapped"
      },
      "geometry": {
        "type": "Point",
        "coordinates": [
          112.81196037092359,
          -7.251839628133054
        ]
      }
    },
    {
      "type": "Feature",
      "properties": {
        "generated_faskes_id": "FSK0708",
        "kecamatan": "Sukolilo",
        "jenis_faskes": "Apotek",
        "nama_faskes": "EXPRESS",
        "penyelenggara": "swasta",
        "status_lokasi": "mapped"
      },
      "geometry": {
        "type": "Point",
        "coordinates": [
          112.78763372223314,
          -7.247497963562071
        ]
      }
    },
    {
      "type": "Feature",
      "properties": {
        "generated_faskes_id": "FSK0709",
        "kecamatan": "Sukolilo",
        "jenis_faskes": "Apotek",
        "nama_faskes": "SENTRA BERKAT",
        "penyelenggara": "swasta",
        "status_lokasi": "mapped"
      },
      "geometry": {
        "type": "Point",
        "coordinates": [
          112.81036563656924,
          -7.254140890844834
        ]
      }
    },
    {
      "type": "Feature",
      "properties": {
        "generated_faskes_id": "FSK0710",
        "kecamatan": "Sukolilo",
        "jenis_faskes": "Apotek",
        "nama_faskes": "K-24 KLAMPIS",
        "penyelenggara": "swasta",
        "status_lokasi": "mapped"
      },
      "geometry": {
        "type": "Point",
        "coordinates": [
          112.79542275884215,
          -7.2588094502308715
        ]
      }
    },
    {
      "type": "Feature",
      "properties": {
        "generated_faskes_id": "FSK0711",
        "kecamatan": "Sukolilo",
        "jenis_faskes": "Apotek",
        "nama_faskes": "DR. RATNA",
        "penyelenggara": "swasta",
        "status_lokasi": "mapped"
      },
      "geometry": {
        "type": "Point",
        "coordinates": [
          112.80126514083676,
          -7.243658919156845
        ]
      }
    },
    {
      "type": "Feature",
      "properties": {
        "generated_faskes_id": "FSK0712",
        "kecamatan": "Sukolilo",
        "jenis_faskes": "Apotek",
        "nama_faskes": "SEMAMPIR RAYA",
        "penyelenggara": "swasta",
        "status_lokasi": "mapped"
      },
      "geometry": {
        "type": "Point",
        "coordinates": [
          112.8105408615226,
          -7.246950166426534
        ]
      }
    },
    {
      "type": "Feature",
      "properties": {
        "generated_faskes_id": "FSK0713",
        "kecamatan": "Sukolilo",
        "jenis_faskes": "Apotek",
        "nama_faskes": "CENTRO FARMA",
        "penyelenggara": "swasta",
        "status_lokasi": "mapped"
      },
      "geometry": {
        "type": "Point",
        "coordinates": [
          112.81281973370169,
          -7.248308832919659
        ]
      }
    },
    {
      "type": "Feature",
      "properties": {
        "generated_faskes_id": "FSK0714",
        "kecamatan": "Sukolilo",
        "jenis_faskes": "Apotek",
        "nama_faskes": "AALIYA FARMA",
        "penyelenggara": "swasta",
        "status_lokasi": "mapped"
      },
      "geometry": {
        "type": "Point",
        "coordinates": [
          112.80881089151535,
          -7.250672811338471
        ]
      }
    },
    {
      "type": "Feature",
      "properties": {
        "generated_faskes_id": "FSK0715",
        "kecamatan": "Sukolilo",
        "jenis_faskes": "Apotek",
        "nama_faskes": "RACHMAT",
        "penyelenggara": "swasta",
        "status_lokasi": "mapped"
      },
      "geometry": {
        "type": "Point",
        "coordinates": [
          112.78864087365235,
          -7.256315359861742
        ]
      }
    },
    {
      "type": "Feature",
      "properties": {
        "generated_faskes_id": "FSK0716",
        "kecamatan": "Sukolilo",
        "jenis_faskes": "Apotek",
        "nama_faskes": "TERANG FARMA",
        "penyelenggara": "swasta",
        "status_lokasi": "mapped"
      },
      "geometry": {
        "type": "Point",
        "coordinates": [
          112.78916630616115,
          -7.245509827218524
        ]
      }
    },
    {
      "type": "Feature",
      "properties": {
        "generated_faskes_id": "FSK0717",
        "kecamatan": "Sukolilo",
        "jenis_faskes": "Apotek",
        "nama_faskes": "K24 KEPUTIH",
        "penyelenggara": "swasta",
        "status_lokasi": "mapped"
      },
      "geometry": {
        "type": "Point",
        "coordinates": [
          112.78578852080425,
          -7.249842940316907
        ]
      }
    },
    {
      "type": "Feature",
      "properties": {
        "generated_faskes_id": "FSK0718",
        "kecamatan": "Sukolilo",
        "jenis_faskes": "Apotek",
        "nama_faskes": "ANYA",
        "penyelenggara": "swasta",
        "status_lokasi": "mapped"
      },
      "geometry": {
        "type": "Point",
        "coordinates": [
          112.79606733496503,
          -7.245266201684709
        ]
      }
    },
    {
      "type": "Feature",
      "properties": {
        "generated_faskes_id": "FSK0719",
        "kecamatan": "Sukolilo",
        "jenis_faskes": "Apotek",
        "nama_faskes": "TRIA FARMA",
        "penyelenggara": "swasta",
        "status_lokasi": "mapped"
      },
      "geometry": {
        "type": "Point",
        "coordinates": [
          112.80154940801779,
          -7.24878094668529
        ]
      }
    },
    {
      "type": "Feature",
      "properties": {
        "generated_faskes_id": "FSK0720",
        "kecamatan": "Sukolilo",
        "jenis_faskes": "Apotek",
        "nama_faskes": "Lifepack",
        "penyelenggara": "swasta",
        "status_lokasi": "mapped"
      },
      "geometry": {
        "type": "Point",
        "coordinates": [
          112.78758646444956,
          -7.254329670178644
        ]
      }
    },
    {
      "type": "Feature",
      "properties": {
        "generated_faskes_id": "FSK0721",
        "kecamatan": "Sukolilo",
        "jenis_faskes": "Toko Obat",
        "nama_faskes": "SUPER INDO SEMOLOWARU",
        "penyelenggara": "swasta",
        "status_lokasi": "mapped"
      },
      "geometry": {
        "type": "Point",
        "coordinates": [
          112.81498785131802,
          -7.246820722902003
        ]
      }
    },
    {
      "type": "Feature",
      "properties": {
        "generated_faskes_id": "FSK0722",
        "kecamatan": "Sukolilo",
        "jenis_faskes": "Toko Obat",
        "nama_faskes": "SUPER INDO ARIF RAHMAN HAKIM",
        "penyelenggara": "swasta",
        "status_lokasi": "mapped"
      },
      "geometry": {
        "type": "Point",
        "coordinates": [
          112.80077086964491,
          -7.245898649909797
        ]
      }
    },
    {
      "type": "Feature",
      "properties": {
        "generated_faskes_id": "FSK0723",
        "kecamatan": "Sukolilo",
        "jenis_faskes": "Toko Obat",
        "nama_faskes": "GUARDIAN AR HAKIM",
        "penyelenggara": "swasta",
        "status_lokasi": "mapped"
      },
      "geometry": {
        "type": "Point",
        "coordinates": [
          112.80970018198525,
          -7.258647903596627
        ]
      }
    },
    {
      "type": "Feature",
      "properties": {
        "generated_faskes_id": "FSK0724",
        "kecamatan": "Sukolilo",
        "jenis_faskes": "Toko Obat",
        "nama_faskes": "KLAMPIS SEMOLO",
        "penyelenggara": "swasta",
        "status_lokasi": "mapped"
      },
      "geometry": {
        "type": "Point",
        "coordinates": [
          112.81417139194541,
          -7.248223792527916
        ]
      }
    },
    {
      "type": "Feature",
      "properties": {
        "generated_faskes_id": "FSK0725",
        "kecamatan": "Sukolilo",
        "jenis_faskes": "Toko Obat",
        "nama_faskes": "Hypermart Arief Rachman Hakim",
        "penyelenggara": "swasta",
        "status_lokasi": "mapped"
      },
      "geometry": {
        "type": "Point",
        "coordinates": [
          112.7984992348699,
          -7.247531335171424
        ]
      }
    },
    {
      "type": "Feature",
      "properties": {
        "generated_faskes_id": "FSK0726",
        "kecamatan": "Sukolilo",
        "jenis_faskes": "Klinik Pratama",
        "nama_faskes": "STIESIA",
        "penyelenggara": "swasta",
        "status_lokasi": "mapped"
      },
      "geometry": {
        "type": "Point",
        "coordinates": [
          112.79533544342108,
          -7.243904063886409
        ]
      }
    },
    {
      "type": "Feature",
      "properties": {
        "generated_faskes_id": "FSK0727",
        "kecamatan": "Sukolilo",
        "jenis_faskes": "Klinik Pratama",
        "nama_faskes": "EMDEE",
        "penyelenggara": "swasta",
        "status_lokasi": "mapped"
      },
      "geometry": {
        "type": "Point",
        "coordinates": [
          112.80840788786514,
          -7.248270444628277
        ]
      }
    },
    {
      "type": "Feature",
      "properties": {
        "generated_faskes_id": "FSK0728",
        "kecamatan": "Sukolilo",
        "jenis_faskes": "Klinik Pratama",
        "nama_faskes": "GOTONG ROYONG I",
        "penyelenggara": "swasta",
        "status_lokasi": "mapped"
      },
      "geometry": {
        "type": "Point",
        "coordinates": [
          112.79045889409656,
          -7.242285148744541
        ]
      }
    },
    {
      "type": "Feature",
      "properties": {
        "generated_faskes_id": "FSK0729",
        "kecamatan": "Sukolilo",
        "jenis_faskes": "Klinik Pratama",
        "nama_faskes": "MEDICAL CENTER ITS",
        "penyelenggara": "swasta",
        "status_lokasi": "mapped"
      },
      "geometry": {
        "type": "Point",
        "coordinates": [
          112.79797854859446,
          -7.243303608365974
        ]
      }
    },
    {
      "type": "Feature",
      "properties": {
        "generated_faskes_id": "FSK0730",
        "kecamatan": "Sukolilo",
        "jenis_faskes": "Klinik Pratama",
        "nama_faskes": "dr. RETNAWATI",
        "penyelenggara": "swasta",
        "status_lokasi": "mapped"
      },
      "geometry": {
        "type": "Point",
        "coordinates": [
          112.78666238550053,
          -7.257723712788285
        ]
      }
    },
    {
      "type": "Feature",
      "properties": {
        "generated_faskes_id": "FSK0731",
        "kecamatan": "Sukolilo",
        "jenis_faskes": "Klinik Pratama",
        "nama_faskes": "SILOAM SURABAYA",
        "penyelenggara": "swasta",
        "status_lokasi": "mapped"
      },
      "geometry": {
        "type": "Point",
        "coordinates": [
          112.7895904640043,
          -7.2569812868686805
        ]
      }
    },
    {
      "type": "Feature",
      "properties": {
        "generated_faskes_id": "FSK0732",
        "kecamatan": "Sukolilo",
        "jenis_faskes": "Klinik Pratama",
        "nama_faskes": "FACENA",
        "penyelenggara": "swasta",
        "status_lokasi": "mapped"
      },
      "geometry": {
        "type": "Point",
        "coordinates": [
          112.79467982253463,
          -7.2469955775702966
        ]
      }
    },
    {
      "type": "Feature",
      "properties": {
        "generated_faskes_id": "FSK0733",
        "kecamatan": "Sukolilo",
        "jenis_faskes": "Klinik Pratama",
        "nama_faskes": "FLORA HOUSE OF BEAUTY",
        "penyelenggara": "swasta",
        "status_lokasi": "mapped"
      },
      "geometry": {
        "type": "Point",
        "coordinates": [
          112.79538069247025,
          -7.242750092326255
        ]
      }
    },
    {
      "type": "Feature",
      "properties": {
        "generated_faskes_id": "FSK0734",
        "kecamatan": "Sukolilo",
        "jenis_faskes": "Klinik Pratama",
        "nama_faskes": "EVINE",
        "penyelenggara": "swasta",
        "status_lokasi": "mapped"
      },
      "geometry": {
        "type": "Point",
        "coordinates": [
          112.81184777750462,
          -7.244491215387142
        ]
      }
    },
    {
      "type": "Feature",
      "properties": {
        "generated_faskes_id": "FSK0735",
        "kecamatan": "Sukolilo",
        "jenis_faskes": "Klinik Pratama",
        "nama_faskes": "EMDEE",
        "penyelenggara": "swasta",
        "status_lokasi": "mapped"
      },
      "geometry": {
        "type": "Point",
        "coordinates": [
          112.79251815926946,
          -7.248357286657891
        ]
      }
    },
    {
      "type": "Feature",
      "properties": {
        "generated_faskes_id": "FSK0736",
        "kecamatan": "Sukolilo",
        "jenis_faskes": "Klinik Utama",
        "nama_faskes": "SENTRA REHABILITASI MEDIK MERIDIAN",
        "penyelenggara": "swasta",
        "status_lokasi": "mapped"
      },
      "geometry": {
        "type": "Point",
        "coordinates": [
          112.80152524246449,
          -7.257705211256007
        ]
      }
    },
    {
      "type": "Feature",
      "properties": {
        "generated_faskes_id": "FSK0737",
        "kecamatan": "Sukolilo",
        "jenis_faskes": "Klinik Utama",
        "nama_faskes": "Universitas 17 Agustus 1945 (UNTAG) Surabaya",
        "penyelenggara": "swasta",
        "status_lokasi": "mapped"
      },
      "geometry": {
        "type": "Point",
        "coordinates": [
          112.79408473818326,
          -7.250219569454246
        ]
      }
    },
    {
      "type": "Feature",
      "properties": {
        "generated_faskes_id": "FSK0738",
        "kecamatan": "Sukolilo",
        "jenis_faskes": "Klinik Utama",
        "nama_faskes": "LESTARI",
        "penyelenggara": "swasta",
        "status_lokasi": "mapped"
      },
      "geometry": {
        "type": "Point",
        "coordinates": [
          112.80007719434224,
          -7.256908341801291
        ]
      }
    },
    {
      "type": "Feature",
      "properties": {
        "generated_faskes_id": "FSK0739",
        "kecamatan": "Sukolilo",
        "jenis_faskes": "Klinik Utama",
        "nama_faskes": "D-ARTS DENTAL CLINIC",
        "penyelenggara": "swasta",
        "status_lokasi": "mapped"
      },
      "geometry": {
        "type": "Point",
        "coordinates": [
          112.81324820963606,
          -7.257173105107208
        ]
      }
    },
    {
      "type": "Feature",
      "properties": {
        "generated_faskes_id": "FSK0740",
        "kecamatan": "Sukolilo",
        "jenis_faskes": "Klinik Utama",
        "nama_faskes": "JET - Z DENTAL AESTHETIC CLINIC",
        "penyelenggara": "swasta",
        "status_lokasi": "mapped"
      },
      "geometry": {
        "type": "Point",
        "coordinates": [
          112.80476198620151,
          -7.246788399245316
        ]
      }
    },
    {
      "type": "Feature",
      "properties": {
        "generated_faskes_id": "FSK0741",
        "kecamatan": "Suko Manunggal",
        "jenis_faskes": "Apotek",
        "nama_faskes": "KIMIA FARMA KUPANG JAYA",
        "penyelenggara": "lainnya",
        "status_lokasi": "mapped"
      },
      "geometry": {
        "type": "Point",
        "coordinates": [
          112.76315416723585,
          -7.244553616591254
        ]
      }
    },
    {
      "type": "Feature",
      "properties": {
        "generated_faskes_id": "FSK0742",
        "kecamatan": "Suko Manunggal",
        "jenis_faskes": "Apotek",
        "nama_faskes": "KIMIA FARMA HR MUHAMMAD",
        "penyelenggara": "lainnya",
        "status_lokasi": "mapped"
      },
      "geometry": {
        "type": "Point",
        "coordinates": [
          112.76190854103294,
          -7.244870668432345
        ]
      }
    },
    {
      "type": "Feature",
      "properties": {
        "generated_faskes_id": "FSK0743",
        "kecamatan": "Suko Manunggal",
        "jenis_faskes": "Puskesmas Induk",
        "nama_faskes": "Puskesmas Simomulyo",
        "penyelenggara": "Pemerintah Kota",
        "status_lokasi": "mapped"
      },
      "geometry": {
        "type": "Point",
        "coordinates": [
          112.74585120463696,
          -7.259166533606325
        ]
      }
    },
    {
      "type": "Feature",
      "properties": {
        "generated_faskes_id": "FSK0744",
        "kecamatan": "Suko Manunggal",
        "jenis_faskes": "Puskesmas Induk",
        "nama_faskes": "Puskesmas Tanjungsari",
        "penyelenggara": "Pemerintah Kota",
        "status_lokasi": "mapped"
      },
      "geometry": {
        "type": "Point",
        "coordinates": [
          112.76424361201474,
          -7.249425860756248
        ]
      }
    },
    {
      "type": "Feature",
      "properties": {
        "generated_faskes_id": "FSK0745",
        "kecamatan": "Suko Manunggal",
        "jenis_faskes": "Puskesmas Pembantu (Pustu)",
        "nama_faskes": "Pustu Putat Gede",
        "penyelenggara": "Pemerintah Kota",
        "status_lokasi": "mapped"
      },
      "geometry": {
        "type": "Point",
        "coordinates": [
          112.76453389932456,
          -7.245939084983201
        ]
      }
    },
    {
      "type": "Feature",
      "properties": {
        "generated_faskes_id": "FSK0746",
        "kecamatan": "Suko Manunggal",
        "jenis_faskes": "Puskesmas Pembantu (Pustu)",
        "nama_faskes": "Pustu Simohilir",
        "penyelenggara": "Pemerintah Kota",
        "status_lokasi": "mapped"
      },
      "geometry": {
        "type": "Point",
        "coordinates": [
          112.75749760350989,
          -7.24828516147617
        ]
      }
    },
    {
      "type": "Feature",
      "properties": {
        "generated_faskes_id": "FSK0747",
        "kecamatan": "Suko Manunggal",
        "jenis_faskes": "Puskesmas Pembantu (Pustu)",
        "nama_faskes": "Pustu Sonokawijenan",
        "penyelenggara": "Pemerintah Kota",
        "status_lokasi": "mapped"
      },
      "geometry": {
        "type": "Point",
        "coordinates": [
          112.75994114180408,
          -7.248501993144535
        ]
      }
    },
    {
      "type": "Feature",
      "properties": {
        "generated_faskes_id": "FSK0748",
        "kecamatan": "Suko Manunggal",
        "jenis_faskes": "Klinik Pratama",
        "nama_faskes": "BNN PROVINSI JAWA TIMUR",
        "penyelenggara": "Pemerintah Provinsi Jawa Timur",
        "status_lokasi": "mapped"
      },
      "geometry": {
        "type": "Point",
        "coordinates": [
          112.75369014970404,
          -7.242461413550836
        ]
      }
    },
    {
      "type": "Feature",
      "properties": {
        "generated_faskes_id": "FSK0749",
        "kecamatan": "Suko Manunggal",
        "jenis_faskes": "Rumah Sakit Umum",
        "nama_faskes": "RS Umum Mitra Keluarga Surabaya",
        "penyelenggara": "Swasta",
        "status_lokasi": "mapped"
      },
      "geometry": {
        "type": "Point",
        "coordinates": [
          112.75948834454526,
          -7.245247383839378
        ]
      }
    },
    {
      "type": "Feature",
      "properties": {
        "generated_faskes_id": "FSK0750",
        "kecamatan": "Suko Manunggal",
        "jenis_faskes": "Apotek",
        "nama_faskes": "SATELITE",
        "penyelenggara": "swasta",
        "status_lokasi": "mapped"
      },
      "geometry": {
        "type": "Point",
        "coordinates": [
          112.76554972523587,
          -7.254547045690455
        ]
      }
    },
    {
      "type": "Feature",
      "properties": {
        "generated_faskes_id": "FSK0751",
        "kecamatan": "Suko Manunggal",
        "jenis_faskes": "Apotek",
        "nama_faskes": "SAPUTRA JAYA",
        "penyelenggara": "swasta",
        "status_lokasi": "mapped"
      },
      "geometry": {
        "type": "Point",
        "coordinates": [
          112.74718919076516,
          -7.258901594396198
        ]
      }
    },
    {
      "type": "Feature",
      "properties": {
        "generated_faskes_id": "FSK0752",
        "kecamatan": "Suko Manunggal",
        "jenis_faskes": "Apotek",
        "nama_faskes": "KUPANG BARU",
        "penyelenggara": "swasta",
        "status_lokasi": "mapped"
      },
      "geometry": {
        "type": "Point",
        "coordinates": [
          112.7581881649976,
          -7.251122062614698
        ]
      }
    },
    {
      "type": "Feature",
      "properties": {
        "generated_faskes_id": "FSK0753",
        "kecamatan": "Suko Manunggal",
        "jenis_faskes": "Apotek",
        "nama_faskes": "TIARA SATELIT",
        "penyelenggara": "swasta",
        "status_lokasi": "mapped"
      },
      "geometry": {
        "type": "Point",
        "coordinates": [
          112.75112069040689,
          -7.2488778951816215
        ]
      }
    },
    {
      "type": "Feature",
      "properties": {
        "generated_faskes_id": "FSK0754",
        "kecamatan": "Suko Manunggal",
        "jenis_faskes": "Apotek",
        "nama_faskes": "HANSEN",
        "penyelenggara": "swasta",
        "status_lokasi": "mapped"
      },
      "geometry": {
        "type": "Point",
        "coordinates": [
          112.7543774749774,
          -7.2468300137729385
        ]
      }
    },
    {
      "type": "Feature",
      "properties": {
        "generated_faskes_id": "FSK0755",
        "kecamatan": "Suko Manunggal",
        "jenis_faskes": "Apotek",
        "nama_faskes": "AL FALAH",
        "penyelenggara": "swasta",
        "status_lokasi": "mapped"
      },
      "geometry": {
        "type": "Point",
        "coordinates": [
          112.76702599264414,
          -7.244219081627837
        ]
      }
    },
    {
      "type": "Feature",
      "properties": {
        "generated_faskes_id": "FSK0756",
        "kecamatan": "Suko Manunggal",
        "jenis_faskes": "Apotek",
        "nama_faskes": "WATSONS LAGOON SUNGKONO",
        "penyelenggara": "swasta",
        "status_lokasi": "mapped"
      },
      "geometry": {
        "type": "Point",
        "coordinates": [
          112.77426122383746,
          -7.257602620554873
        ]
      }
    },
    {
      "type": "Feature",
      "properties": {
        "generated_faskes_id": "FSK0757",
        "kecamatan": "Suko Manunggal",
        "jenis_faskes": "Apotek",
        "nama_faskes": "K-24 SUKOMANUNGGAL",
        "penyelenggara": "swasta",
        "status_lokasi": "mapped"
      },
      "geometry": {
        "type": "Point",
        "coordinates": [
          112.75611620594151,
          -7.249703061044613
        ]
      }
    },
    {
      "type": "Feature",
      "properties": {
        "generated_faskes_id": "FSK0758",
        "kecamatan": "Suko Manunggal",
        "jenis_faskes": "Apotek",
        "nama_faskes": "K-24 Bukit Darmo",
        "penyelenggara": "swasta",
        "status_lokasi": "mapped"
      },
      "geometry": {
        "type": "Point",
        "coordinates": [
          112.75457347659209,
          -7.251448002937588
        ]
      }
    },
    {
      "type": "Feature",
      "properties": {
        "generated_faskes_id": "FSK0759",
        "kecamatan": "Suko Manunggal",
        "jenis_faskes": "Toko Obat",
        "nama_faskes": "SUPER INDO SATELIT UTARA",
        "penyelenggara": "swasta",
        "status_lokasi": "mapped"
      },
      "geometry": {
        "type": "Point",
        "coordinates": [
          112.75302415023361,
          -7.2554548204870315
        ]
      }
    },
    {
      "type": "Feature",
      "properties": {
        "generated_faskes_id": "FSK0760",
        "kecamatan": "Suko Manunggal",
        "jenis_faskes": "Klinik Pratama",
        "nama_faskes": "DINAYLA UTAMA 84",
        "penyelenggara": "swasta",
        "status_lokasi": "mapped"
      },
      "geometry": {
        "type": "Point",
        "coordinates": [
          112.74790434957681,
          -7.254679446575552
        ]
      }
    },
    {
      "type": "Feature",
      "properties": {
        "generated_faskes_id": "FSK0761",
        "kecamatan": "Suko Manunggal",
        "jenis_faskes": "Klinik Pratama",
        "nama_faskes": "ELYON",
        "penyelenggara": "swasta",
        "status_lokasi": "mapped"
      },
      "geometry": {
        "type": "Point",
        "coordinates": [
          112.75652449500504,
          -7.248718080190327
        ]
      }
    },
    {
      "type": "Feature",
      "properties": {
        "generated_faskes_id": "FSK0762",
        "kecamatan": "Suko Manunggal",
        "jenis_faskes": "Klinik Pratama",
        "nama_faskes": "L'VIORS",
        "penyelenggara": "swasta",
        "status_lokasi": "mapped"
      },
      "geometry": {
        "type": "Point",
        "coordinates": [
          112.75244810841143,
          -7.24413602913512
        ]
      }
    },
    {
      "type": "Feature",
      "properties": {
        "generated_faskes_id": "FSK0763",
        "kecamatan": "Suko Manunggal",
        "jenis_faskes": "Klinik Pratama",
        "nama_faskes": "ID BEAUTY CLINIC",
        "penyelenggara": "swasta",
        "status_lokasi": "mapped"
      },
      "geometry": {
        "type": "Point",
        "coordinates": [
          112.7497909898639,
          -7.253997009951978
        ]
      }
    },
    {
      "type": "Feature",
      "properties": {
        "generated_faskes_id": "FSK0764",
        "kecamatan": "Suko Manunggal",
        "jenis_faskes": "Klinik Pratama",
        "nama_faskes": "LARISSA",
        "penyelenggara": "swasta",
        "status_lokasi": "mapped"
      },
      "geometry": {
        "type": "Point",
        "coordinates": [
          112.7623306111368,
          -7.254266893117525
        ]
      }
    },
    {
      "type": "Feature",
      "properties": {
        "generated_faskes_id": "FSK0765",
        "kecamatan": "Suko Manunggal",
        "jenis_faskes": "Klinik Pratama",
        "nama_faskes": "FAIZAH MEDIKA",
        "penyelenggara": "swasta",
        "status_lokasi": "mapped"
      },
      "geometry": {
        "type": "Point",
        "coordinates": [
          112.76789364125416,
          -7.250865131728902
        ]
      }
    },
    {
      "type": "Feature",
      "properties": {
        "generated_faskes_id": "FSK0766",
        "kecamatan": "Suko Manunggal",
        "jenis_faskes": "Klinik Utama",
        "nama_faskes": "ABDI MULIA",
        "penyelenggara": "swasta",
        "status_lokasi": "mapped"
      },
      "geometry": {
        "type": "Point",
        "coordinates": [
          112.76044174517695,
          -7.250856072012709
        ]
      }
    },
    {
      "type": "Feature",
      "properties": {
        "generated_faskes_id": "FSK0767",
        "kecamatan": "Suko Manunggal",
        "jenis_faskes": "Klinik Utama",
        "nama_faskes": "KASIH KARUNIA",
        "penyelenggara": "swasta",
        "status_lokasi": "mapped"
      },
      "geometry": {
        "type": "Point",
        "coordinates": [
          112.75425621446163,
          -7.259575101199367
        ]
      }
    },
    {
      "type": "Feature",
      "properties": {
        "generated_faskes_id": "FSK0768",
        "kecamatan": "Suko Manunggal",
        "jenis_faskes": "Klinik Utama",
        "nama_faskes": "ABDI MULIA",
        "penyelenggara": "swasta",
        "status_lokasi": "mapped"
      },
      "geometry": {
        "type": "Point",
        "coordinates": [
          112.77335698412209,
          -7.250733518177897
        ]
      }
    },
    {
      "type": "Feature",
      "properties": {
        "generated_faskes_id": "FSK0769",
        "kecamatan": "Suko Manunggal",
        "jenis_faskes": "Klinik Utama",
        "nama_faskes": "PRIMED",
        "penyelenggara": "swasta",
        "status_lokasi": "mapped"
      },
      "geometry": {
        "type": "Point",
        "coordinates": [
          112.77400059891657,
          -7.256055685587019
        ]
      }
    },
    {
      "type": "Feature",
      "properties": {
        "generated_faskes_id": "FSK0770",
        "kecamatan": "Tambaksari",
        "jenis_faskes": "Klinik Pratama",
        "nama_faskes": "POLKES 05.09.04 SURABAYA",
        "penyelenggara": "lainnya",
        "status_lokasi": "mapped"
      },
      "geometry": {
        "type": "Point",
        "coordinates": [
          112.59558685266569,
          -7.230740092581822
        ]
      }
    },
    {
      "type": "Feature",
      "properties": {
        "generated_faskes_id": "FSK0771",
        "kecamatan": "Tambaksari",
        "jenis_faskes": "Puskesmas Induk",
        "nama_faskes": "Puskesmas Gading",
        "penyelenggara": "Pemerintah Kota",
        "status_lokasi": "mapped"
      },
      "geometry": {
        "type": "Point",
        "coordinates": [
          112.59984682610576,
          -7.215490442933249
        ]
      }
    },
    {
      "type": "Feature",
      "properties": {
        "generated_faskes_id": "FSK0772",
        "kecamatan": "Tambaksari",
        "jenis_faskes": "Puskesmas Induk",
        "nama_faskes": "Puskesmas Pacar Keling",
        "penyelenggara": "Pemerintah Kota",
        "status_lokasi": "mapped"
      },
      "geometry": {
        "type": "Point",
        "coordinates": [
          112.60462780110669,
          -7.223039241021583
        ]
      }
    },
    {
      "type": "Feature",
      "properties": {
        "generated_faskes_id": "FSK0773",
        "kecamatan": "Tambaksari",
        "jenis_faskes": "Puskesmas Induk",
        "nama_faskes": "Puskesmas Rangkah",
        "penyelenggara": "Pemerintah Kota",
        "status_lokasi": "mapped"
      },
      "geometry": {
        "type": "Point",
        "coordinates": [
          112.60110072247868,
          -7.21613517330112
        ]
      }
    },
    {
      "type": "Feature",
      "properties": {
        "generated_faskes_id": "FSK0774",
        "kecamatan": "Tambaksari",
        "jenis_faskes": "Puskesmas Pembantu (Pustu)",
        "nama_faskes": "Pustu Karang Empat",
        "penyelenggara": "Pemerintah Kota",
        "status_lokasi": "mapped"
      },
      "geometry": {
        "type": "Point",
        "coordinates": [
          112.59792783308043,
          -7.215488311599826
        ]
      }
    },
    {
      "type": "Feature",
      "properties": {
        "generated_faskes_id": "FSK0775",
        "kecamatan": "Tambaksari",
        "jenis_faskes": "Rumah Sakit Umum",
        "nama_faskes": "RS Husada Utama Surabaya",
        "penyelenggara": "Swasta",
        "status_lokasi": "mapped"
      },
      "geometry": {
        "type": "Point",
        "coordinates": [
          112.6068252419008,
          -7.217662625990363
        ]
      }
    },
    {
      "type": "Feature",
      "properties": {
        "generated_faskes_id": "FSK0776",
        "kecamatan": "Tambaksari",
        "jenis_faskes": "Apotek",
        "nama_faskes": "BLESSING",
        "penyelenggara": "swasta",
        "status_lokasi": "mapped"
      },
      "geometry": {
        "type": "Point",
        "coordinates": [
          112.59597812057552,
          -7.224322670281396
        ]
      }
    },
    {
      "type": "Feature",
      "properties": {
        "generated_faskes_id": "FSK0777",
        "kecamatan": "Tambaksari",
        "jenis_faskes": "Apotek",
        "nama_faskes": "SUPER FARMA",
        "penyelenggara": "swasta",
        "status_lokasi": "mapped"
      },
      "geometry": {
        "type": "Point",
        "coordinates": [
          112.60210844931643,
          -7.228097986132059
        ]
      }
    },
    {
      "type": "Feature",
      "properties": {
        "generated_faskes_id": "FSK0778",
        "kecamatan": "Tambaksari",
        "jenis_faskes": "Apotek",
        "nama_faskes": "LESTARI FARMA",
        "penyelenggara": "swasta",
        "status_lokasi": "mapped"
      },
      "geometry": {
        "type": "Point",
        "coordinates": [
          112.60159668779863,
          -7.230318584588048
        ]
      }
    },
    {
      "type": "Feature",
      "properties": {
        "generated_faskes_id": "FSK0779",
        "kecamatan": "Tambaksari",
        "jenis_faskes": "Apotek",
        "nama_faskes": "K24 KAPAS KRAMPUNG",
        "penyelenggara": "swasta",
        "status_lokasi": "mapped"
      },
      "geometry": {
        "type": "Point",
        "coordinates": [
          112.6001276658737,
          -7.217652591230367
        ]
      }
    },
    {
      "type": "Feature",
      "properties": {
        "generated_faskes_id": "FSK0780",
        "kecamatan": "Tambaksari",
        "jenis_faskes": "Apotek",
        "nama_faskes": "PRIMADONA",
        "penyelenggara": "swasta",
        "status_lokasi": "mapped"
      },
      "geometry": {
        "type": "Point",
        "coordinates": [
          112.59339162032872,
          -7.213533337155287
        ]
      }
    },
    {
      "type": "Feature",
      "properties": {
        "generated_faskes_id": "FSK0781",
        "kecamatan": "Tambaksari",
        "jenis_faskes": "Apotek",
        "nama_faskes": "PUTERI BUANA",
        "penyelenggara": "swasta",
        "status_lokasi": "mapped"
      },
      "geometry": {
        "type": "Point",
        "coordinates": [
          112.60541195920356,
          -7.229488464638401
        ]
      }
    },
    {
      "type": "Feature",
      "properties": {
        "generated_faskes_id": "FSK0782",
        "kecamatan": "Tambaksari",
        "jenis_faskes": "Apotek",
        "nama_faskes": "PERMATA",
        "penyelenggara": "swasta",
        "status_lokasi": "mapped"
      },
      "geometry": {
        "type": "Point",
        "coordinates": [
          112.61425248446243,
          -7.2244450985999755
        ]
      }
    },
    {
      "type": "Feature",
      "properties": {
        "generated_faskes_id": "FSK0783",
        "kecamatan": "Tambaksari",
        "jenis_faskes": "Apotek",
        "nama_faskes": "TING - TING FARMA",
        "penyelenggara": "swasta",
        "status_lokasi": "mapped"
      },
      "geometry": {
        "type": "Point",
        "coordinates": [
          112.60884691685143,
          -7.225450102834203
        ]
      }
    },
    {
      "type": "Feature",
      "properties": {
        "generated_faskes_id": "FSK0784",
        "kecamatan": "Tambaksari",
        "jenis_faskes": "Apotek",
        "nama_faskes": "VIVA APOTEK DUKUH SETRO",
        "penyelenggara": "swasta",
        "status_lokasi": "mapped"
      },
      "geometry": {
        "type": "Point",
        "coordinates": [
          112.61316845700867,
          -7.217825638507965
        ]
      }
    },
    {
      "type": "Feature",
      "properties": {
        "generated_faskes_id": "FSK0785",
        "kecamatan": "Tambaksari",
        "jenis_faskes": "Apotek",
        "nama_faskes": "178",
        "penyelenggara": "swasta",
        "status_lokasi": "mapped"
      },
      "geometry": {
        "type": "Point",
        "coordinates": [
          112.59097173644658,
          -7.222332753869205
        ]
      }
    },
    {
      "type": "Feature",
      "properties": {
        "generated_faskes_id": "FSK0786",
        "kecamatan": "Tambaksari",
        "jenis_faskes": "Apotek",
        "nama_faskes": "SILVIANA",
        "penyelenggara": "swasta",
        "status_lokasi": "mapped"
      },
      "geometry": {
        "type": "Point",
        "coordinates": [
          112.60000233710711,
          -7.23083610520477
        ]
      }
    },
    {
      "type": "Feature",
      "properties": {
        "generated_faskes_id": "FSK0787",
        "kecamatan": "Tambaksari",
        "jenis_faskes": "Apotek",
        "nama_faskes": "VIVA APOTEK KAPAS MADYA",
        "penyelenggara": "swasta",
        "status_lokasi": "mapped"
      },
      "geometry": {
        "type": "Point",
        "coordinates": [
          112.58911109120702,
          -7.225560920401866
        ]
      }
    },
    {
      "type": "Feature",
      "properties": {
        "generated_faskes_id": "FSK0788",
        "kecamatan": "Tambaksari",
        "jenis_faskes": "Apotek",
        "nama_faskes": "GOLDEN FARMA",
        "penyelenggara": "swasta",
        "status_lokasi": "mapped"
      },
      "geometry": {
        "type": "Point",
        "coordinates": [
          112.59921232451185,
          -7.223288543079813
        ]
      }
    },
    {
      "type": "Feature",
      "properties": {
        "generated_faskes_id": "FSK0789",
        "kecamatan": "Tambaksari",
        "jenis_faskes": "Apotek",
        "nama_faskes": "JOYFUL",
        "penyelenggara": "swasta",
        "status_lokasi": "mapped"
      },
      "geometry": {
        "type": "Point",
        "coordinates": [
          112.60318781567211,
          -7.222215728243967
        ]
      }
    },
    {
      "type": "Feature",
      "properties": {
        "generated_faskes_id": "FSK0790",
        "kecamatan": "Tambaksari",
        "jenis_faskes": "Apotek",
        "nama_faskes": "SAHABAT SEHAT",
        "penyelenggara": "swasta",
        "status_lokasi": "mapped"
      },
      "geometry": {
        "type": "Point",
        "coordinates": [
          112.5948389754291,
          -7.220427084447147
        ]
      }
    },
    {
      "type": "Feature",
      "properties": {
        "generated_faskes_id": "FSK0791",
        "kecamatan": "Tambaksari",
        "jenis_faskes": "Apotek",
        "nama_faskes": "GABRIEL",
        "penyelenggara": "swasta",
        "status_lokasi": "mapped"
      },
      "geometry": {
        "type": "Point",
        "coordinates": [
          112.5898750613763,
          -7.213505378144712
        ]
      }
    },
    {
      "type": "Feature",
      "properties": {
        "generated_faskes_id": "FSK0792",
        "kecamatan": "Tambaksari",
        "jenis_faskes": "Apotek",
        "nama_faskes": "NICHO",
        "penyelenggara": "swasta",
        "status_lokasi": "mapped"
      },
      "geometry": {
        "type": "Point",
        "coordinates": [
          112.60717958081722,
          -7.226180703720314
        ]
      }
    },
    {
      "type": "Feature",
      "properties": {
        "generated_faskes_id": "FSK0793",
        "kecamatan": "Tambaksari",
        "jenis_faskes": "Apotek",
        "nama_faskes": "BASKARA",
        "penyelenggara": "swasta",
        "status_lokasi": "mapped"
      },
      "geometry": {
        "type": "Point",
        "coordinates": [
          112.59509120356455,
          -7.216481361257448
        ]
      }
    },
    {
      "type": "Feature",
      "properties": {
        "generated_faskes_id": "FSK0794",
        "kecamatan": "Tambaksari",
        "jenis_faskes": "Apotek",
        "nama_faskes": "SABILILLAH",
        "penyelenggara": "swasta",
        "status_lokasi": "mapped"
      },
      "geometry": {
        "type": "Point",
        "coordinates": [
          112.60097019489628,
          -7.218673103548683
        ]
      }
    },
    {
      "type": "Feature",
      "properties": {
        "generated_faskes_id": "FSK0795",
        "kecamatan": "Tambaksari",
        "jenis_faskes": "Apotek",
        "nama_faskes": "SYIFA",
        "penyelenggara": "swasta",
        "status_lokasi": "mapped"
      },
      "geometry": {
        "type": "Point",
        "coordinates": [
          112.59399371694212,
          -7.21671127139053
        ]
      }
    },
    {
      "type": "Feature",
      "properties": {
        "generated_faskes_id": "FSK0796",
        "kecamatan": "Tambaksari",
        "jenis_faskes": "Apotek",
        "nama_faskes": "K - 24 PLOSO",
        "penyelenggara": "swasta",
        "status_lokasi": "mapped"
      },
      "geometry": {
        "type": "Point",
        "coordinates": [
          112.59605073429597,
          -7.219313549471328
        ]
      }
    },
    {
      "type": "Feature",
      "properties": {
        "generated_faskes_id": "FSK0797",
        "kecamatan": "Tambaksari",
        "jenis_faskes": "Apotek",
        "nama_faskes": "MALIKA",
        "penyelenggara": "swasta",
        "status_lokasi": "mapped"
      },
      "geometry": {
        "type": "Point",
        "coordinates": [
          112.61439694093538,
          -7.220965460732772
        ]
      }
    },
    {
      "type": "Feature",
      "properties": {
        "generated_faskes_id": "FSK0798",
        "kecamatan": "Tambaksari",
        "jenis_faskes": "Apotek",
        "nama_faskes": "BK",
        "penyelenggara": "swasta",
        "status_lokasi": "mapped"
      },
      "geometry": {
        "type": "Point",
        "coordinates": [
          112.60890264441791,
          -7.218369056103215
        ]
      }
    },
    {
      "type": "Feature",
      "properties": {
        "generated_faskes_id": "FSK0799",
        "kecamatan": "Tambaksari",
        "jenis_faskes": "Apotek",
        "nama_faskes": "MEKAR REJEKI FARMA",
        "penyelenggara": "swasta",
        "status_lokasi": "mapped"
      },
      "geometry": {
        "type": "Point",
        "coordinates": [
          112.60564130953608,
          -7.231178135492329
        ]
      }
    },
    {
      "type": "Feature",
      "properties": {
        "generated_faskes_id": "FSK0800",
        "kecamatan": "Tambaksari",
        "jenis_faskes": "Apotek",
        "nama_faskes": "DUKUH SETRO",
        "penyelenggara": "swasta",
        "status_lokasi": "mapped"
      },
      "geometry": {
        "type": "Point",
        "coordinates": [
          112.59923770642256,
          -7.213937037236845
        ]
      }
    },
    {
      "type": "Feature",
      "properties": {
        "generated_faskes_id": "FSK0801",
        "kecamatan": "Tambaksari",
        "jenis_faskes": "Apotek",
        "nama_faskes": "VIVA APOTEK KARANG ASEM",
        "penyelenggara": "swasta",
        "status_lokasi": "mapped"
      },
      "geometry": {
        "type": "Point",
        "coordinates": [
          112.60848711974295,
          -7.2174370295385115
        ]
      }
    },
    {
      "type": "Feature",
      "properties": {
        "generated_faskes_id": "FSK0802",
        "kecamatan": "Tambaksari",
        "jenis_faskes": "Toko Obat",
        "nama_faskes": "WAN FU DANG",
        "penyelenggara": "swasta",
        "status_lokasi": "mapped"
      },
      "geometry": {
        "type": "Point",
        "coordinates": [
          112.60232903187593,
          -7.218440997941234
        ]
      }
    },
    {
      "type": "Feature",
      "properties": {
        "generated_faskes_id": "FSK0803",
        "kecamatan": "Tambaksari",
        "jenis_faskes": "Toko Obat",
        "nama_faskes": "WAN HO DANG",
        "penyelenggara": "swasta",
        "status_lokasi": "mapped"
      },
      "geometry": {
        "type": "Point",
        "coordinates": [
          112.60250569831143,
          -7.228540612201311
        ]
      }
    },
    {
      "type": "Feature",
      "properties": {
        "generated_faskes_id": "FSK0804",
        "kecamatan": "Tambaksari",
        "jenis_faskes": "Klinik Pratama",
        "nama_faskes": "TABITA",
        "penyelenggara": "swasta",
        "status_lokasi": "mapped"
      },
      "geometry": {
        "type": "Point",
        "coordinates": [
          112.60387075723436,
          -7.220304843565813
        ]
      }
    },
    {
      "type": "Feature",
      "properties": {
        "generated_faskes_id": "FSK0805",
        "kecamatan": "Tambaksari",
        "jenis_faskes": "Klinik Pratama",
        "nama_faskes": "MEDISKA SURABAYA GUBENG",
        "penyelenggara": "swasta",
        "status_lokasi": "mapped"
      },
      "geometry": {
        "type": "Point",
        "coordinates": [
          112.61023501374875,
          -7.228957445347827
        ]
      }
    },
    {
      "type": "Feature",
      "properties": {
        "generated_faskes_id": "FSK0806",
        "kecamatan": "Tambaksari",
        "jenis_faskes": "Klinik Pratama",
        "nama_faskes": "WISMA HUSADA",
        "penyelenggara": "swasta",
        "status_lokasi": "mapped"
      },
      "geometry": {
        "type": "Point",
        "coordinates": [
          112.60542180685152,
          -7.231087873922061
        ]
      }
    },
    {
      "type": "Feature",
      "properties": {
        "generated_faskes_id": "FSK0807",
        "kecamatan": "Tambaksari",
        "jenis_faskes": "Klinik Pratama",
        "nama_faskes": "SURYA GIRI JAYA 122",
        "penyelenggara": "swasta",
        "status_lokasi": "mapped"
      },
      "geometry": {
        "type": "Point",
        "coordinates": [
          112.61344615512354,
          -7.229651915442215
        ]
      }
    },
    {
      "type": "Feature",
      "properties": {
        "generated_faskes_id": "FSK0808",
        "kecamatan": "Tambaksari",
        "jenis_faskes": "Klinik Pratama",
        "nama_faskes": "PALANG MERAH INDONESIA",
        "penyelenggara": "swasta",
        "status_lokasi": "mapped"
      },
      "geometry": {
        "type": "Point",
        "coordinates": [
          112.58556812102519,
          -7.225915637803492
        ]
      }
    },
    {
      "type": "Feature",
      "properties": {
        "generated_faskes_id": "FSK0809",
        "kecamatan": "Tambaksari",
        "jenis_faskes": "Klinik Pratama",
        "nama_faskes": "ALBA MEDIKA",
        "penyelenggara": "swasta",
        "status_lokasi": "mapped"
      },
      "geometry": {
        "type": "Point",
        "coordinates": [
          112.58954293774357,
          -7.219007495216493
        ]
      }
    },
    {
      "type": "Feature",
      "properties": {
        "generated_faskes_id": "FSK0810",
        "kecamatan": "Tambaksari",
        "jenis_faskes": "Klinik Pratama",
        "nama_faskes": "INDIRA",
        "penyelenggara": "swasta",
        "status_lokasi": "mapped"
      },
      "geometry": {
        "type": "Point",
        "coordinates": [
          112.59731132227968,
          -7.217458841133537
        ]
      }
    },
    {
      "type": "Feature",
      "properties": {
        "generated_faskes_id": "FSK0811",
        "kecamatan": "Tambaksari",
        "jenis_faskes": "Klinik Pratama",
        "nama_faskes": "KAPAS MADYA",
        "penyelenggara": "swasta",
        "status_lokasi": "mapped"
      },
      "geometry": {
        "type": "Point",
        "coordinates": [
          112.61261562849693,
          -7.215665008669941
        ]
      }
    },
    {
      "type": "Feature",
      "properties": {
        "generated_faskes_id": "FSK0812",
        "kecamatan": "Tambaksari",
        "jenis_faskes": "Klinik Pratama",
        "nama_faskes": "KEELA",
        "penyelenggara": "swasta",
        "status_lokasi": "mapped"
      },
      "geometry": {
        "type": "Point",
        "coordinates": [
          112.60707511813807,
          -7.230524843089735
        ]
      }
    },
    {
      "type": "Feature",
      "properties": {
        "generated_faskes_id": "FSK0813",
        "kecamatan": "Tambaksari",
        "jenis_faskes": "Klinik Pratama",
        "nama_faskes": "ESTETIKA LARISSA",
        "penyelenggara": "swasta",
        "status_lokasi": "mapped"
      },
      "geometry": {
        "type": "Point",
        "coordinates": [
          112.58914247457355,
          -7.227865402075527
        ]
      }
    },
    {
      "type": "Feature",
      "properties": {
        "generated_faskes_id": "FSK0814",
        "kecamatan": "Tambaksari",
        "jenis_faskes": "Klinik Pratama",
        "nama_faskes": "BEAUDENT",
        "penyelenggara": "swasta",
        "status_lokasi": "mapped"
      },
      "geometry": {
        "type": "Point",
        "coordinates": [
          112.59475148603278,
          -7.219525842005236
        ]
      }
    },
    {
      "type": "Feature",
      "properties": {
        "generated_faskes_id": "FSK0815",
        "kecamatan": "Tambaksari",
        "jenis_faskes": "Klinik Utama",
        "nama_faskes": "WALUYO JATI",
        "penyelenggara": "swasta",
        "status_lokasi": "mapped"
      },
      "geometry": {
        "type": "Point",
        "coordinates": [
          112.600764314542,
          -7.225914535689807
        ]
      }
    },
    {
      "type": "Feature",
      "properties": {
        "generated_faskes_id": "FSK0816",
        "kecamatan": "Tambaksari",
        "jenis_faskes": "Klinik Utama",
        "nama_faskes": "VINCENTIUS KRISTUS RAJA",
        "penyelenggara": "swasta",
        "status_lokasi": "mapped"
      },
      "geometry": {
        "type": "Point",
        "coordinates": [
          112.59019547271572,
          -7.214944390383059
        ]
      }
    },
    {
      "type": "Feature",
      "properties": {
        "generated_faskes_id": "FSK0817",
        "kecamatan": "Tambaksari",
        "jenis_faskes": "Klinik Utama",
        "nama_faskes": "SAHABAT MEDIKA",
        "penyelenggara": "swasta",
        "status_lokasi": "mapped"
      },
      "geometry": {
        "type": "Point",
        "coordinates": [
          112.59526981053045,
          -7.225171405208179
        ]
      }
    },
    {
      "type": "Feature",
      "properties": {
        "generated_faskes_id": "FSK0818",
        "kecamatan": "Tambaksari",
        "jenis_faskes": "Klinik Utama",
        "nama_faskes": "ADI GUNA",
        "penyelenggara": "swasta",
        "status_lokasi": "mapped"
      },
      "geometry": {
        "type": "Point",
        "coordinates": [
          112.60815969352447,
          -7.218449716375666
        ]
      }
    },
    {
      "type": "Feature",
      "properties": {
        "generated_faskes_id": "FSK0819",
        "kecamatan": "Tandes",
        "jenis_faskes": "Apotek",
        "nama_faskes": "PRIMA ANUGERAH",
        "penyelenggara": "lainnya",
        "status_lokasi": "mapped"
      },
      "geometry": {
        "type": "Point",
        "coordinates": [
          112.64429927299999,
          -7.218955922649453
        ]
      }
    },
    {
      "type": "Feature",
      "properties": {
        "generated_faskes_id": "FSK0820",
        "kecamatan": "Tandes",
        "jenis_faskes": "Puskesmas Induk",
        "nama_faskes": "Puskesmas Balongsari",
        "penyelenggara": "Pemerintah Kota",
        "status_lokasi": "mapped"
      },
      "geometry": {
        "type": "Point",
        "coordinates": [
          112.64330229740236,
          -7.228141823565827
        ]
      }
    },
    {
      "type": "Feature",
      "properties": {
        "generated_faskes_id": "FSK0821",
        "kecamatan": "Tandes",
        "jenis_faskes": "Puskesmas Induk",
        "nama_faskes": "Puskesmas Manukan Kulon",
        "penyelenggara": "Pemerintah Kota",
        "status_lokasi": "mapped"
      },
      "geometry": {
        "type": "Point",
        "coordinates": [
          112.63239557406582,
          -7.221435078068531
        ]
      }
    },
    {
      "type": "Feature",
      "properties": {
        "generated_faskes_id": "FSK0822",
        "kecamatan": "Tandes",
        "jenis_faskes": "Puskesmas Pembantu (Pustu)",
        "nama_faskes": "Pustu Banjarsugihan",
        "penyelenggara": "Pemerintah Kota",
        "status_lokasi": "mapped"
      },
      "geometry": {
        "type": "Point",
        "coordinates": [
          112.63174601113978,
          -7.213829971827506
        ]
      }
    },
    {
      "type": "Feature",
      "properties": {
        "generated_faskes_id": "FSK0823",
        "kecamatan": "Tandes",
        "jenis_faskes": "Puskesmas Pembantu (Pustu)",
        "nama_faskes": "Pustu Buntaran",
        "penyelenggara": "Pemerintah Kota",
        "status_lokasi": "mapped"
      },
      "geometry": {
        "type": "Point",
        "coordinates": [
          112.63392843695831,
          -7.226368257480935
        ]
      }
    },
    {
      "type": "Feature",
      "properties": {
        "generated_faskes_id": "FSK0824",
        "kecamatan": "Tandes",
        "jenis_faskes": "Rumah Sakit Umum",
        "nama_faskes": "RS Muji Rahayu",
        "penyelenggara": "Swasta",
        "status_lokasi": "mapped"
      },
      "geometry": {
        "type": "Point",
        "coordinates": [
          112.63121833384564,
          -7.218741881904763
        ]
      }
    },
    {
      "type": "Feature",
      "properties": {
        "generated_faskes_id": "FSK0825",
        "kecamatan": "Tandes",
        "jenis_faskes": "Apotek",
        "nama_faskes": "JAYA MULYA",
        "penyelenggara": "swasta",
        "status_lokasi": "mapped"
      },
      "geometry": {
        "type": "Point",
        "coordinates": [
          112.63451122235055,
          -7.225271941806309
        ]
      }
    },
    {
      "type": "Feature",
      "properties": {
        "generated_faskes_id": "FSK0826",
        "kecamatan": "Tandes",
        "jenis_faskes": "Apotek",
        "nama_faskes": "AMORITA FARMA",
        "penyelenggara": "swasta",
        "status_lokasi": "mapped"
      },
      "geometry": {
        "type": "Point",
        "coordinates": [
          112.65301101124312,
          -7.217084235139957
        ]
      }
    },
    {
      "type": "Feature",
      "properties": {
        "generated_faskes_id": "FSK0827",
        "kecamatan": "Tandes",
        "jenis_faskes": "Apotek",
        "nama_faskes": "MUKTI HUSADA",
        "penyelenggara": "swasta",
        "status_lokasi": "mapped"
      },
      "geometry": {
        "type": "Point",
        "coordinates": [
          112.63320372610266,
          -7.229432308061567
        ]
      }
    },
    {
      "type": "Feature",
      "properties": {
        "generated_faskes_id": "FSK0828",
        "kecamatan": "Tandes",
        "jenis_faskes": "Apotek",
        "nama_faskes": "KRAJAN",
        "penyelenggara": "swasta",
        "status_lokasi": "mapped"
      },
      "geometry": {
        "type": "Point",
        "coordinates": [
          112.64529866737348,
          -7.22470560660147
        ]
      }
    },
    {
      "type": "Feature",
      "properties": {
        "generated_faskes_id": "FSK0829",
        "kecamatan": "Tandes",
        "jenis_faskes": "Apotek",
        "nama_faskes": "K - 24 DARMO INDAH",
        "penyelenggara": "swasta",
        "status_lokasi": "mapped"
      },
      "geometry": {
        "type": "Point",
        "coordinates": [
          112.65440481611964,
          -7.216663079897606
        ]
      }
    },
    {
      "type": "Feature",
      "properties": {
        "generated_faskes_id": "FSK0830",
        "kecamatan": "Tandes",
        "jenis_faskes": "Apotek",
        "nama_faskes": "K24 BALONGSARI TAMA",
        "penyelenggara": "swasta",
        "status_lokasi": "mapped"
      },
      "geometry": {
        "type": "Point",
        "coordinates": [
          112.65363826590175,
          -7.216915376377463
        ]
      }
    },
    {
      "type": "Feature",
      "properties": {
        "generated_faskes_id": "FSK0831",
        "kecamatan": "Tandes",
        "jenis_faskes": "Apotek",
        "nama_faskes": "WATSONS FOOD JUNCTION",
        "penyelenggara": "swasta",
        "status_lokasi": "mapped"
      },
      "geometry": {
        "type": "Point",
        "coordinates": [
          112.63371357955978,
          -7.226393443737074
        ]
      }
    },
    {
      "type": "Feature",
      "properties": {
        "generated_faskes_id": "FSK0832",
        "kecamatan": "Tandes",
        "jenis_faskes": "Apotek",
        "nama_faskes": "MITRA SEHAT",
        "penyelenggara": "swasta",
        "status_lokasi": "mapped"
      },
      "geometry": {
        "type": "Point",
        "coordinates": [
          112.64642423862496,
          -7.225316668908246
        ]
      }
    },
    {
      "type": "Feature",
      "properties": {
        "generated_faskes_id": "FSK0833",
        "kecamatan": "Tandes",
        "jenis_faskes": "Apotek",
        "nama_faskes": "Rafa Farma Manukan",
        "penyelenggara": "swasta",
        "status_lokasi": "mapped"
      },
      "geometry": {
        "type": "Point",
        "coordinates": [
          112.63827128335595,
          -7.226965193782986
        ]
      }
    },
    {
      "type": "Feature",
      "properties": {
        "generated_faskes_id": "FSK0834",
        "kecamatan": "Tandes",
        "jenis_faskes": "Toko Obat",
        "nama_faskes": "SUPER INDO MANUKAN",
        "penyelenggara": "swasta",
        "status_lokasi": "mapped"
      },
      "geometry": {
        "type": "Point",
        "coordinates": [
          112.6393723778905,
          -7.227962086534656
        ]
      }
    },
    {
      "type": "Feature",
      "properties": {
        "generated_faskes_id": "FSK0835",
        "kecamatan": "Tandes",
        "jenis_faskes": "Toko Obat",
        "nama_faskes": "Boston food junction",
        "penyelenggara": "swasta",
        "status_lokasi": "mapped"
      },
      "geometry": {
        "type": "Point",
        "coordinates": [
          112.64115733771126,
          -7.214561227880639
        ]
      }
    },
    {
      "type": "Feature",
      "properties": {
        "generated_faskes_id": "FSK0836",
        "kecamatan": "Tandes",
        "jenis_faskes": "Toko Obat",
        "nama_faskes": "Toko Obat Hypermart Foodjunction",
        "penyelenggara": "swasta",
        "status_lokasi": "mapped"
      },
      "geometry": {
        "type": "Point",
        "coordinates": [
          112.6458851390194,
          -7.229149995828649
        ]
      }
    },
    {
      "type": "Feature",
      "properties": {
        "generated_faskes_id": "FSK0837",
        "kecamatan": "Tandes",
        "jenis_faskes": "Klinik Pratama",
        "nama_faskes": "PT. GELORA DJAJA",
        "penyelenggara": "swasta",
        "status_lokasi": "mapped"
      },
      "geometry": {
        "type": "Point",
        "coordinates": [
          112.64347031103243,
          -7.220908107526202
        ]
      }
    },
    {
      "type": "Feature",
      "properties": {
        "generated_faskes_id": "FSK0838",
        "kecamatan": "Tandes",
        "jenis_faskes": "Klinik Pratama",
        "nama_faskes": "PERDANA HUSADA",
        "penyelenggara": "swasta",
        "status_lokasi": "mapped"
      },
      "geometry": {
        "type": "Point",
        "coordinates": [
          112.6322737411523,
          -7.219386377310292
        ]
      }
    },
    {
      "type": "Feature",
      "properties": {
        "generated_faskes_id": "FSK0839",
        "kecamatan": "Tandes",
        "jenis_faskes": "Klinik Pratama",
        "nama_faskes": "SARTIKA 59",
        "penyelenggara": "swasta",
        "status_lokasi": "mapped"
      },
      "geometry": {
        "type": "Point",
        "coordinates": [
          112.64093124469198,
          -7.219971016154175
        ]
      }
    },
    {
      "type": "Feature",
      "properties": {
        "generated_faskes_id": "FSK0840",
        "kecamatan": "Tandes",
        "jenis_faskes": "Klinik Pratama",
        "nama_faskes": "NAYAKA HUSADA TANDES",
        "penyelenggara": "swasta",
        "status_lokasi": "mapped"
      },
      "geometry": {
        "type": "Point",
        "coordinates": [
          112.62657473320519,
          -7.224089474955782
        ]
      }
    },
    {
      "type": "Feature",
      "properties": {
        "generated_faskes_id": "FSK0841",
        "kecamatan": "Tandes",
        "jenis_faskes": "Klinik Pratama",
        "nama_faskes": "dr. EKO",
        "penyelenggara": "swasta",
        "status_lokasi": "mapped"
      },
      "geometry": {
        "type": "Point",
        "coordinates": [
          112.64652074168751,
          -7.2298233434124155
        ]
      }
    },
    {
      "type": "Feature",
      "properties": {
        "generated_faskes_id": "FSK0842",
        "kecamatan": "Tandes",
        "jenis_faskes": "Klinik Pratama",
        "nama_faskes": "DINAYLA UTAMA 105",
        "penyelenggara": "swasta",
        "status_lokasi": "mapped"
      },
      "geometry": {
        "type": "Point",
        "coordinates": [
          112.64812298174294,
          -7.231571673482536
        ]
      }
    },
    {
      "type": "Feature",
      "properties": {
        "generated_faskes_id": "FSK0843",
        "kecamatan": "Tandes",
        "jenis_faskes": "Klinik Pratama",
        "nama_faskes": "KEBANGKITAN",
        "penyelenggara": "swasta",
        "status_lokasi": "mapped"
      },
      "geometry": {
        "type": "Point",
        "coordinates": [
          112.64151057697339,
          -7.214633172530217
        ]
      }
    },
    {
      "type": "Feature",
      "properties": {
        "generated_faskes_id": "FSK0844",
        "kecamatan": "Tandes",
        "jenis_faskes": "Klinik Pratama",
        "nama_faskes": "DELOVELY",
        "penyelenggara": "swasta",
        "status_lokasi": "mapped"
      },
      "geometry": {
        "type": "Point",
        "coordinates": [
          112.63720722354641,
          -7.214524411525737
        ]
      }
    },
    {
      "type": "Feature",
      "properties": {
        "generated_faskes_id": "FSK0845",
        "kecamatan": "Tandes",
        "jenis_faskes": "Klinik Pratama",
        "nama_faskes": "PUSURA BALONGSARI",
        "penyelenggara": "swasta",
        "status_lokasi": "mapped"
      },
      "geometry": {
        "type": "Point",
        "coordinates": [
          112.65135198864543,
          -7.222913443791916
        ]
      }
    },
    {
      "type": "Feature",
      "properties": {
        "generated_faskes_id": "FSK0846",
        "kecamatan": "Tegalsari",
        "jenis_faskes": "Apotek",
        "nama_faskes": "KIMIA FARMA 26",
        "penyelenggara": "lainnya",
        "status_lokasi": "mapped"
      },
      "geometry": {
        "type": "Point",
        "coordinates": [
          112.67098367924002,
          -7.213994909286999
        ]
      }
    },
    {
      "type": "Feature",
      "properties": {
        "generated_faskes_id": "FSK0847",
        "kecamatan": "Tegalsari",
        "jenis_faskes": "Apotek",
        "nama_faskes": "KIMIA FARMA 25",
        "penyelenggara": "lainnya",
        "status_lokasi": "mapped"
      },
      "geometry": {
        "type": "Point",
        "coordinates": [
          112.67463503106357,
          -7.219825204838678
        ]
      }
    },
    {
      "type": "Feature",
      "properties": {
        "generated_faskes_id": "FSK0848",
        "kecamatan": "Tegalsari",
        "jenis_faskes": "Apotek",
        "nama_faskes": "KIMIA FARMA 45",
        "penyelenggara": "lainnya",
        "status_lokasi": "mapped"
      },
      "geometry": {
        "type": "Point",
        "coordinates": [
          112.69223810876206,
          -7.2300265534572885
        ]
      }
    },
    {
      "type": "Feature",
      "properties": {
        "generated_faskes_id": "FSK0849",
        "kecamatan": "Tegalsari",
        "jenis_faskes": "Puskesmas Induk",
        "nama_faskes": "Puskesmas Dr. Soetomo",
        "penyelenggara": "Pemerintah Kota",
        "status_lokasi": "mapped"
      },
      "geometry": {
        "type": "Point",
        "coordinates": [
          112.68222400059526,
          -7.221855541590283
        ]
      }
    },
    {
      "type": "Feature",
      "properties": {
        "generated_faskes_id": "FSK0850",
        "kecamatan": "Tegalsari",
        "jenis_faskes": "Puskesmas Induk",
        "nama_faskes": "Puskesmas Kedungdoro",
        "penyelenggara": "Pemerintah Kota",
        "status_lokasi": "mapped"
      },
      "geometry": {
        "type": "Point",
        "coordinates": [
          112.68669353034727,
          -7.214494394704571
        ]
      }
    },
    {
      "type": "Feature",
      "properties": {
        "generated_faskes_id": "FSK0851",
        "kecamatan": "Tegalsari",
        "jenis_faskes": "Puskesmas Pembantu (Pustu)",
        "nama_faskes": "Pustu Keputran",
        "penyelenggara": "Pemerintah Kota",
        "status_lokasi": "mapped"
      },
      "geometry": {
        "type": "Point",
        "coordinates": [
          112.69239689177009,
          -7.228457145782849
        ]
      }
    },
    {
      "type": "Feature",
      "properties": {
        "generated_faskes_id": "FSK0852",
        "kecamatan": "Tegalsari",
        "jenis_faskes": "Rumah Sakit Umum",
        "nama_faskes": "RS Surabaya Medical Service",
        "penyelenggara": "Swasta",
        "status_lokasi": "mapped"
      },
      "geometry": {
        "type": "Point",
        "coordinates": [
          112.69146734919494,
          -7.22844387369512
        ]
      }
    },
    {
      "type": "Feature",
      "properties": {
        "generated_faskes_id": "FSK0853",
        "kecamatan": "Tegalsari",
        "jenis_faskes": "Rumah Sakit Khusus",
        "nama_faskes": "RS Ibu dan Anak Pusura Tegalsari",
        "penyelenggara": "Swasta",
        "status_lokasi": "mapped"
      },
      "geometry": {
        "type": "Point",
        "coordinates": [
          112.69258904435551,
          -7.213385183610043
        ]
      }
    },
    {
      "type": "Feature",
      "properties": {
        "generated_faskes_id": "FSK0854",
        "kecamatan": "Tegalsari",
        "jenis_faskes": "Rumah Sakit Umum",
        "nama_faskes": "RS Darmo",
        "penyelenggara": "Swasta",
        "status_lokasi": "mapped"
      },
      "geometry": {
        "type": "Point",
        "coordinates": [
          112.67690983722834,
          -7.222584628549101
        ]
      }
    },
    {
      "type": "Feature",
      "properties": {
        "generated_faskes_id": "FSK0855",
        "kecamatan": "Tegalsari",
        "jenis_faskes": "Apotek",
        "nama_faskes": "PANACEA",
        "penyelenggara": "swasta",
        "status_lokasi": "mapped"
      },
      "geometry": {
        "type": "Point",
        "coordinates": [
          112.69309826234333,
          -7.214027591365138
        ]
      }
    },
    {
      "type": "Feature",
      "properties": {
        "generated_faskes_id": "FSK0856",
        "kecamatan": "Tegalsari",
        "jenis_faskes": "Apotek",
        "nama_faskes": "AGUNG FARMA",
        "penyelenggara": "swasta",
        "status_lokasi": "mapped"
      },
      "geometry": {
        "type": "Point",
        "coordinates": [
          112.69278119093688,
          -7.215593041921505
        ]
      }
    },
    {
      "type": "Feature",
      "properties": {
        "generated_faskes_id": "FSK0857",
        "kecamatan": "Tegalsari",
        "jenis_faskes": "Apotek",
        "nama_faskes": "SUMBER FARMA",
        "penyelenggara": "swasta",
        "status_lokasi": "mapped"
      },
      "geometry": {
        "type": "Point",
        "coordinates": [
          112.6652780150544,
          -7.221254032407817
        ]
      }
    },
    {
      "type": "Feature",
      "properties": {
        "generated_faskes_id": "FSK0858",
        "kecamatan": "Tegalsari",
        "jenis_faskes": "Apotek",
        "nama_faskes": "POLYFARMA 61",
        "penyelenggara": "swasta",
        "status_lokasi": "mapped"
      },
      "geometry": {
        "type": "Point",
        "coordinates": [
          112.6682190207232,
          -7.213645112046531
        ]
      }
    },
    {
      "type": "Feature",
      "properties": {
        "generated_faskes_id": "FSK0859",
        "kecamatan": "Tegalsari",
        "jenis_faskes": "Apotek",
        "nama_faskes": "GUARDIAN PT HERO SUPERMARKET",
        "penyelenggara": "swasta",
        "status_lokasi": "mapped"
      },
      "geometry": {
        "type": "Point",
        "coordinates": [
          112.6735368495705,
          -7.2135331763817065
        ]
      }
    },
    {
      "type": "Feature",
      "properties": {
        "generated_faskes_id": "FSK0860",
        "kecamatan": "Tegalsari",
        "jenis_faskes": "Apotek",
        "nama_faskes": "TENGGER I",
        "penyelenggara": "swasta",
        "status_lokasi": "mapped"
      },
      "geometry": {
        "type": "Point",
        "coordinates": [
          112.6812990145067,
          -7.222611605627066
        ]
      }
    },
    {
      "type": "Feature",
      "properties": {
        "generated_faskes_id": "FSK0861",
        "kecamatan": "Tegalsari",
        "jenis_faskes": "Apotek",
        "nama_faskes": "WIDYA FARMA",
        "penyelenggara": "swasta",
        "status_lokasi": "mapped"
      },
      "geometry": {
        "type": "Point",
        "coordinates": [
          112.69315681505222,
          -7.216063904792736
        ]
      }
    },
    {
      "type": "Feature",
      "properties": {
        "generated_faskes_id": "FSK0862",
        "kecamatan": "Tegalsari",
        "jenis_faskes": "Apotek",
        "nama_faskes": "TRUNOJOYO",
        "penyelenggara": "swasta",
        "status_lokasi": "mapped"
      },
      "geometry": {
        "type": "Point",
        "coordinates": [
          112.67904062307018,
          -7.228131791031647
        ]
      }
    },
    {
      "type": "Feature",
      "properties": {
        "generated_faskes_id": "FSK0863",
        "kecamatan": "Tegalsari",
        "jenis_faskes": "Apotek",
        "nama_faskes": "TIRTA FARMA",
        "penyelenggara": "swasta",
        "status_lokasi": "mapped"
      },
      "geometry": {
        "type": "Point",
        "coordinates": [
          112.6683794028306,
          -7.228687605186771
        ]
      }
    },
    {
      "type": "Feature",
      "properties": {
        "generated_faskes_id": "FSK0864",
        "kecamatan": "Tegalsari",
        "jenis_faskes": "Apotek",
        "nama_faskes": "CENTURY TUNJUNGAN PLAZA",
        "penyelenggara": "swasta",
        "status_lokasi": "mapped"
      },
      "geometry": {
        "type": "Point",
        "coordinates": [
          112.67876743413096,
          -7.226950143862458
        ]
      }
    },
    {
      "type": "Feature",
      "properties": {
        "generated_faskes_id": "FSK0865",
        "kecamatan": "Tegalsari",
        "jenis_faskes": "Apotek",
        "nama_faskes": "K-24 KEDUNGSARI",
        "penyelenggara": "swasta",
        "status_lokasi": "mapped"
      },
      "geometry": {
        "type": "Point",
        "coordinates": [
          112.67058597207384,
          -7.218162005249308
        ]
      }
    },
    {
      "type": "Feature",
      "properties": {
        "generated_faskes_id": "FSK0866",
        "kecamatan": "Tegalsari",
        "jenis_faskes": "Apotek",
        "nama_faskes": "MUSI",
        "penyelenggara": "swasta",
        "status_lokasi": "mapped"
      },
      "geometry": {
        "type": "Point",
        "coordinates": [
          112.68872302993275,
          -7.221257344255616
        ]
      }
    },
    {
      "type": "Feature",
      "properties": {
        "generated_faskes_id": "FSK0867",
        "kecamatan": "Tegalsari",
        "jenis_faskes": "Apotek",
        "nama_faskes": "WATSONS TUNJUNGAN PLAZA",
        "penyelenggara": "swasta",
        "status_lokasi": "mapped"
      },
      "geometry": {
        "type": "Point",
        "coordinates": [
          112.68771848250772,
          -7.228449259912961
        ]
      }
    },
    {
      "type": "Feature",
      "properties": {
        "generated_faskes_id": "FSK0868",
        "kecamatan": "Tegalsari",
        "jenis_faskes": "Apotek",
        "nama_faskes": "VIVA APOTEK KAMPUNG MALANG",
        "penyelenggara": "swasta",
        "status_lokasi": "mapped"
      },
      "geometry": {
        "type": "Point",
        "coordinates": [
          112.6906843951282,
          -7.215220882700627
        ]
      }
    },
    {
      "type": "Feature",
      "properties": {
        "generated_faskes_id": "FSK0869",
        "kecamatan": "Tegalsari",
        "jenis_faskes": "Apotek",
        "nama_faskes": "Watsons Tunjungan Plaza 6",
        "penyelenggara": "swasta",
        "status_lokasi": "mapped"
      },
      "geometry": {
        "type": "Point",
        "coordinates": [
          112.68980969475828,
          -7.222219854585736
        ]
      }
    },
    {
      "type": "Feature",
      "properties": {
        "generated_faskes_id": "FSK0870",
        "kecamatan": "Tegalsari",
        "jenis_faskes": "Apotek",
        "nama_faskes": "KAPUAS FARMA",
        "penyelenggara": "swasta",
        "status_lokasi": "mapped"
      },
      "geometry": {
        "type": "Point",
        "coordinates": [
          112.66760213309544,
          -7.219396976020817
        ]
      }
    },
    {
      "type": "Feature",
      "properties": {
        "generated_faskes_id": "FSK0871",
        "kecamatan": "Tegalsari",
        "jenis_faskes": "Apotek",
        "nama_faskes": "GUARDIAN TUNJUNGAN PLAZA 6 SURABAYA",
        "penyelenggara": "swasta",
        "status_lokasi": "mapped"
      },
      "geometry": {
        "type": "Point",
        "coordinates": [
          112.67054343603141,
          -7.229088782280038
        ]
      }
    },
    {
      "type": "Feature",
      "properties": {
        "generated_faskes_id": "FSK0872",
        "kecamatan": "Tegalsari",
        "jenis_faskes": "Toko Obat",
        "nama_faskes": "HERO TUNJUNGAN PLAZA",
        "penyelenggara": "swasta",
        "status_lokasi": "mapped"
      },
      "geometry": {
        "type": "Point",
        "coordinates": [
          112.67470805010254,
          -7.227119136799436
        ]
      }
    },
    {
      "type": "Feature",
      "properties": {
        "generated_faskes_id": "FSK0873",
        "kecamatan": "Tegalsari",
        "jenis_faskes": "Klinik Pratama",
        "nama_faskes": "ALAMANDA",
        "penyelenggara": "swasta",
        "status_lokasi": "mapped"
      },
      "geometry": {
        "type": "Point",
        "coordinates": [
          112.67282355831196,
          -7.227348777031971
        ]
      }
    },
    {
      "type": "Feature",
      "properties": {
        "generated_faskes_id": "FSK0874",
        "kecamatan": "Tegalsari",
        "jenis_faskes": "Klinik Pratama",
        "nama_faskes": "ANUGERAH MULIA ( GKI )",
        "penyelenggara": "swasta",
        "status_lokasi": "mapped"
      },
      "geometry": {
        "type": "Point",
        "coordinates": [
          112.68761269955344,
          -7.214176028251326
        ]
      }
    },
    {
      "type": "Feature",
      "properties": {
        "generated_faskes_id": "FSK0875",
        "kecamatan": "Tegalsari",
        "jenis_faskes": "Klinik Pratama",
        "nama_faskes": "PROFIRA",
        "penyelenggara": "swasta",
        "status_lokasi": "mapped"
      },
      "geometry": {
        "type": "Point",
        "coordinates": [
          112.67405837519074,
          -7.218413820312648
        ]
      }
    },
    {
      "type": "Feature",
      "properties": {
        "generated_faskes_id": "FSK0876",
        "kecamatan": "Tegalsari",
        "jenis_faskes": "Klinik Pratama",
        "nama_faskes": "ZAP TUNJUNGAN PLAZA",
        "penyelenggara": "swasta",
        "status_lokasi": "mapped"
      },
      "geometry": {
        "type": "Point",
        "coordinates": [
          112.66534307202582,
          -7.219682471603713
        ]
      }
    },
    {
      "type": "Feature",
      "properties": {
        "generated_faskes_id": "FSK0877",
        "kecamatan": "Tegalsari",
        "jenis_faskes": "Klinik Pratama",
        "nama_faskes": "ERHA APOTHECARY",
        "penyelenggara": "swasta",
        "status_lokasi": "mapped"
      },
      "geometry": {
        "type": "Point",
        "coordinates": [
          112.68578305771267,
          -7.230527720583656
        ]
      }
    },
    {
      "type": "Feature",
      "properties": {
        "generated_faskes_id": "FSK0878",
        "kecamatan": "Tegalsari",
        "jenis_faskes": "Klinik Pratama",
        "nama_faskes": "FRESH FACE SKIN CARE CLINIC",
        "penyelenggara": "swasta",
        "status_lokasi": "mapped"
      },
      "geometry": {
        "type": "Point",
        "coordinates": [
          112.66854674543411,
          -7.226041883729933
        ]
      }
    },
    {
      "type": "Feature",
      "properties": {
        "generated_faskes_id": "FSK0879",
        "kecamatan": "Tegalsari",
        "jenis_faskes": "Klinik Pratama",
        "nama_faskes": "MIRACLE TP",
        "penyelenggara": "swasta",
        "status_lokasi": "mapped"
      },
      "geometry": {
        "type": "Point",
        "coordinates": [
          112.67716249838904,
          -7.222453791360629
        ]
      }
    },
    {
      "type": "Feature",
      "properties": {
        "generated_faskes_id": "FSK0880",
        "kecamatan": "Tegalsari",
        "jenis_faskes": "Klinik Pratama",
        "nama_faskes": "ORISKIN",
        "penyelenggara": "swasta",
        "status_lokasi": "mapped"
      },
      "geometry": {
        "type": "Point",
        "coordinates": [
          112.69185355109448,
          -7.218768121023125
        ]
      }
    },
    {
      "type": "Feature",
      "properties": {
        "generated_faskes_id": "FSK0881",
        "kecamatan": "Tegalsari",
        "jenis_faskes": "Klinik Pratama",
        "nama_faskes": "LIGHT HOUSE",
        "penyelenggara": "swasta",
        "status_lokasi": "mapped"
      },
      "geometry": {
        "type": "Point",
        "coordinates": [
          112.67432933845153,
          -7.2295140446595125
        ]
      }
    },
    {
      "type": "Feature",
      "properties": {
        "generated_faskes_id": "FSK0882",
        "kecamatan": "Tegalsari",
        "jenis_faskes": "Klinik Pratama",
        "nama_faskes": "GLAFIDYSYA MEDIKA",
        "penyelenggara": "swasta",
        "status_lokasi": "mapped"
      },
      "geometry": {
        "type": "Point",
        "coordinates": [
          112.69248391157551,
          -7.226257643997135
        ]
      }
    },
    {
      "type": "Feature",
      "properties": {
        "generated_faskes_id": "FSK0883",
        "kecamatan": "Tegalsari",
        "jenis_faskes": "Klinik Pratama",
        "nama_faskes": "ATHENA",
        "penyelenggara": "swasta",
        "status_lokasi": "mapped"
      },
      "geometry": {
        "type": "Point",
        "coordinates": [
          112.68343876344431,
          -7.227649308982852
        ]
      }
    },
    {
      "type": "Feature",
      "properties": {
        "generated_faskes_id": "FSK0884",
        "kecamatan": "Tegalsari",
        "jenis_faskes": "Klinik Utama",
        "nama_faskes": "ESTETIKA dr. AFFANDI",
        "penyelenggara": "swasta",
        "status_lokasi": "mapped"
      },
      "geometry": {
        "type": "Point",
        "coordinates": [
          112.6690070634659,
          -7.228858264647365
        ]
      }
    },
    {
      "type": "Feature",
      "properties": {
        "generated_faskes_id": "FSK0885",
        "kecamatan": "Tegalsari",
        "jenis_faskes": "Klinik Utama",
        "nama_faskes": "ESTHER",
        "penyelenggara": "swasta",
        "status_lokasi": "mapped"
      },
      "geometry": {
        "type": "Point",
        "coordinates": [
          112.68743204511452,
          -7.220561452618367
        ]
      }
    },
    {
      "type": "Feature",
      "properties": {
        "generated_faskes_id": "FSK0886",
        "kecamatan": "Tegalsari",
        "jenis_faskes": "Klinik Utama",
        "nama_faskes": "HAIRTRANS CLINIC",
        "penyelenggara": "swasta",
        "status_lokasi": "mapped"
      },
      "geometry": {
        "type": "Point",
        "coordinates": [
          112.67747536846294,
          -7.22159736733833
        ]
      }
    },
    {
      "type": "Feature",
      "properties": {
        "generated_faskes_id": "FSK0887",
        "kecamatan": "Tegalsari",
        "jenis_faskes": "Klinik Utama",
        "nama_faskes": "ERHA CLINIC SURABAYA",
        "penyelenggara": "swasta",
        "status_lokasi": "mapped"
      },
      "geometry": {
        "type": "Point",
        "coordinates": [
          112.67912484230636,
          -7.221812175725624
        ]
      }
    },
    {
      "type": "Feature",
      "properties": {
        "generated_faskes_id": "FSK0888",
        "kecamatan": "Tegalsari",
        "jenis_faskes": "Klinik Utama",
        "nama_faskes": "DRYN",
        "penyelenggara": "swasta",
        "status_lokasi": "mapped"
      },
      "geometry": {
        "type": "Point",
        "coordinates": [
          112.68492283318018,
          -7.227662453584616
        ]
      }
    },
    {
      "type": "Feature",
      "properties": {
        "generated_faskes_id": "FSK0889",
        "kecamatan": "Tegalsari",
        "jenis_faskes": "Klinik Utama",
        "nama_faskes": "BIOTEST",
        "penyelenggara": "swasta",
        "status_lokasi": "mapped"
      },
      "geometry": {
        "type": "Point",
        "coordinates": [
          112.67242396287925,
          -7.217829774921711
        ]
      }
    },
    {
      "type": "Feature",
      "properties": {
        "generated_faskes_id": "FSK0890",
        "kecamatan": "Tegalsari",
        "jenis_faskes": "Klinik Utama",
        "nama_faskes": "BIOTEST",
        "penyelenggara": "swasta",
        "status_lokasi": "mapped"
      },
      "geometry": {
        "type": "Point",
        "coordinates": [
          112.69119405175462,
          -7.23016571104799
        ]
      }
    },
    {
      "type": "Feature",
      "properties": {
        "generated_faskes_id": "FSK0891",
        "kecamatan": "Tegalsari",
        "jenis_faskes": "Klinik Utama",
        "nama_faskes": "MELANIA",
        "penyelenggara": "swasta",
        "status_lokasi": "mapped"
      },
      "geometry": {
        "type": "Point",
        "coordinates": [
          112.67840243932488,
          -7.218764287705476
        ]
      }
    },
    {
      "type": "Feature",
      "properties": {
        "generated_faskes_id": "FSK0892",
        "kecamatan": "Tegalsari",
        "jenis_faskes": "Klinik Utama",
        "nama_faskes": "ZAP BLAMBANGAN (KHUSUS WANITA DAN ANAK)",
        "penyelenggara": "swasta",
        "status_lokasi": "mapped"
      },
      "geometry": {
        "type": "Point",
        "coordinates": [
          112.66734308166441,
          -7.221323573424986
        ]
      }
    },
    {
      "type": "Feature",
      "properties": {
        "generated_faskes_id": "FSK0893",
        "kecamatan": "Tegalsari",
        "jenis_faskes": "Klinik Utama",
        "nama_faskes": "M2C DENTAL",
        "penyelenggara": "swasta",
        "status_lokasi": "mapped"
      },
      "geometry": {
        "type": "Point",
        "coordinates": [
          112.6668527414267,
          -7.221626430440299
        ]
      }
    },
    {
      "type": "Feature",
      "properties": {
        "generated_faskes_id": "FSK0894",
        "kecamatan": "Tenggilis Mejoyo",
        "jenis_faskes": "Apotek",
        "nama_faskes": "KIMIA FARMA 23 KENDANGSARI",
        "penyelenggara": "lainnya",
        "status_lokasi": "mapped"
      },
      "geometry": {
        "type": "Point",
        "coordinates": [
          112.72016461168276,
          -7.221167135972489
        ]
      }
    },
    {
      "type": "Feature",
      "properties": {
        "generated_faskes_id": "FSK0895",
        "kecamatan": "Tenggilis Mejoyo",
        "jenis_faskes": "Puskesmas Induk",
        "nama_faskes": "Puskesmas Tenggilis",
        "penyelenggara": "Pemerintah Kota",
        "status_lokasi": "mapped"
      },
      "geometry": {
        "type": "Point",
        "coordinates": [
          112.70949557144145,
          -7.225651176641392
        ]
      }
    },
    {
      "type": "Feature",
      "properties": {
        "generated_faskes_id": "FSK0896",
        "kecamatan": "Tenggilis Mejoyo",
        "jenis_faskes": "Puskesmas Pembantu (Pustu)",
        "nama_faskes": "Pustu Kutisari",
        "penyelenggara": "Pemerintah Kota",
        "status_lokasi": "mapped"
      },
      "geometry": {
        "type": "Point",
        "coordinates": [
          112.72061024623552,
          -7.229535599593281
        ]
      }
    },
    {
      "type": "Feature",
      "properties": {
        "generated_faskes_id": "FSK0897",
        "kecamatan": "Tenggilis Mejoyo",
        "jenis_faskes": "Rumah Sakit Khusus",
        "nama_faskes": "RS Ibu dan Anak Kendangsari Surabaya",
        "penyelenggara": "Swasta",
        "status_lokasi": "mapped"
      },
      "geometry": {
        "type": "Point",
        "coordinates": [
          112.71116204456617,
          -7.220975625895248
        ]
      }
    },
    {
      "type": "Feature",
      "properties": {
        "generated_faskes_id": "FSK0898",
        "kecamatan": "Tenggilis Mejoyo",
        "jenis_faskes": "Apotek",
        "nama_faskes": "SABA",
        "penyelenggara": "swasta",
        "status_lokasi": "mapped"
      },
      "geometry": {
        "type": "Point",
        "coordinates": [
          112.70772824933354,
          -7.222309785176065
        ]
      }
    },
    {
      "type": "Feature",
      "properties": {
        "generated_faskes_id": "FSK0899",
        "kecamatan": "Tenggilis Mejoyo",
        "jenis_faskes": "Apotek",
        "nama_faskes": "MAHKOTA FARMA",
        "penyelenggara": "swasta",
        "status_lokasi": "mapped"
      },
      "geometry": {
        "type": "Point",
        "coordinates": [
          112.7292607624953,
          -7.22335374116337
        ]
      }
    },
    {
      "type": "Feature",
      "properties": {
        "generated_faskes_id": "FSK0900",
        "kecamatan": "Tenggilis Mejoyo",
        "jenis_faskes": "Apotek",
        "nama_faskes": "KHARISMA",
        "penyelenggara": "swasta",
        "status_lokasi": "mapped"
      },
      "geometry": {
        "type": "Point",
        "coordinates": [
          112.72039743529604,
          -7.223292027945282
        ]
      }
    },
    {
      "type": "Feature",
      "properties": {
        "generated_faskes_id": "FSK0901",
        "kecamatan": "Tenggilis Mejoyo",
        "jenis_faskes": "Apotek",
        "nama_faskes": "BIOS FARMA",
        "penyelenggara": "swasta",
        "status_lokasi": "mapped"
      },
      "geometry": {
        "type": "Point",
        "coordinates": [
          112.70673210342795,
          -7.223189731061453
        ]
      }
    },
    {
      "type": "Feature",
      "properties": {
        "generated_faskes_id": "FSK0902",
        "kecamatan": "Tenggilis Mejoyo",
        "jenis_faskes": "Apotek",
        "nama_faskes": "ADAM FARMA",
        "penyelenggara": "swasta",
        "status_lokasi": "mapped"
      },
      "geometry": {
        "type": "Point",
        "coordinates": [
          112.72920746057662,
          -7.218406531869874
        ]
      }
    },
    {
      "type": "Feature",
      "properties": {
        "generated_faskes_id": "FSK0903",
        "kecamatan": "Tenggilis Mejoyo",
        "jenis_faskes": "Apotek",
        "nama_faskes": "AR",
        "penyelenggara": "swasta",
        "status_lokasi": "mapped"
      },
      "geometry": {
        "type": "Point",
        "coordinates": [
          112.71687846129858,
          -7.216698357524559
        ]
      }
    },
    {
      "type": "Feature",
      "properties": {
        "generated_faskes_id": "FSK0904",
        "kecamatan": "Tenggilis Mejoyo",
        "jenis_faskes": "Apotek",
        "nama_faskes": "VIVA GENERIK TENGGILIS KAUMAN",
        "penyelenggara": "swasta",
        "status_lokasi": "mapped"
      },
      "geometry": {
        "type": "Point",
        "coordinates": [
          112.72737413448493,
          -7.221064293473917
        ]
      }
    },
    {
      "type": "Feature",
      "properties": {
        "generated_faskes_id": "FSK0905",
        "kecamatan": "Tenggilis Mejoyo",
        "jenis_faskes": "Apotek",
        "nama_faskes": "VIVA GENERIK KENDANGSARI",
        "penyelenggara": "swasta",
        "status_lokasi": "mapped"
      },
      "geometry": {
        "type": "Point",
        "coordinates": [
          112.70635869408181,
          -7.225350304113027
        ]
      }
    },
    {
      "type": "Feature",
      "properties": {
        "generated_faskes_id": "FSK0906",
        "kecamatan": "Tenggilis Mejoyo",
        "jenis_faskes": "Apotek",
        "nama_faskes": "DEALOVA",
        "penyelenggara": "swasta",
        "status_lokasi": "mapped"
      },
      "geometry": {
        "type": "Point",
        "coordinates": [
          112.70691279736334,
          -7.21344106622459
        ]
      }
    },
    {
      "type": "Feature",
      "properties": {
        "generated_faskes_id": "FSK0907",
        "kecamatan": "Tenggilis Mejoyo",
        "jenis_faskes": "Apotek",
        "nama_faskes": "BYUNGBYOUNG",
        "penyelenggara": "swasta",
        "status_lokasi": "mapped"
      },
      "geometry": {
        "type": "Point",
        "coordinates": [
          112.73303748396653,
          -7.230401315653728
        ]
      }
    },
    {
      "type": "Feature",
      "properties": {
        "generated_faskes_id": "FSK0908",
        "kecamatan": "Tenggilis Mejoyo",
        "jenis_faskes": "Apotek",
        "nama_faskes": "Shane Farma",
        "penyelenggara": "swasta",
        "status_lokasi": "mapped"
      },
      "geometry": {
        "type": "Point",
        "coordinates": [
          112.73301326687753,
          -7.23108486069791
        ]
      }
    },
    {
      "type": "Feature",
      "properties": {
        "generated_faskes_id": "FSK0909",
        "kecamatan": "Tenggilis Mejoyo",
        "jenis_faskes": "Toko Obat",
        "nama_faskes": "INDOGROSIR",
        "penyelenggara": "swasta",
        "status_lokasi": "mapped"
      },
      "geometry": {
        "type": "Point",
        "coordinates": [
          112.71726600807456,
          -7.217568845519303
        ]
      }
    },
    {
      "type": "Feature",
      "properties": {
        "generated_faskes_id": "FSK0910",
        "kecamatan": "Tenggilis Mejoyo",
        "jenis_faskes": "Toko Obat",
        "nama_faskes": "SUPER INDO JEMURSARI",
        "penyelenggara": "swasta",
        "status_lokasi": "mapped"
      },
      "geometry": {
        "type": "Point",
        "coordinates": [
          112.7279748304877,
          -7.213730556443058
        ]
      }
    },
    {
      "type": "Feature",
      "properties": {
        "generated_faskes_id": "FSK0911",
        "kecamatan": "Tenggilis Mejoyo",
        "jenis_faskes": "Klinik Pratama",
        "nama_faskes": "MEDICO SIER",
        "penyelenggara": "swasta",
        "status_lokasi": "mapped"
      },
      "geometry": {
        "type": "Point",
        "coordinates": [
          112.7243764245429,
          -7.22396003112049
        ]
      }
    },
    {
      "type": "Feature",
      "properties": {
        "generated_faskes_id": "FSK0912",
        "kecamatan": "Tenggilis Mejoyo",
        "jenis_faskes": "Klinik Pratama",
        "nama_faskes": "NURANI JAYA 37",
        "penyelenggara": "swasta",
        "status_lokasi": "mapped"
      },
      "geometry": {
        "type": "Point",
        "coordinates": [
          112.7347856979574,
          -7.224654540321058
        ]
      }
    },
    {
      "type": "Feature",
      "properties": {
        "generated_faskes_id": "FSK0913",
        "kecamatan": "Tenggilis Mejoyo",
        "jenis_faskes": "Klinik Pratama",
        "nama_faskes": "SUMBER CAHAYA ANUGERAH",
        "penyelenggara": "swasta",
        "status_lokasi": "mapped"
      },
      "geometry": {
        "type": "Point",
        "coordinates": [
          112.7310886085593,
          -7.215042599288716
        ]
      }
    },
    {
      "type": "Feature",
      "properties": {
        "generated_faskes_id": "FSK0914",
        "kecamatan": "Tenggilis Mejoyo",
        "jenis_faskes": "Klinik Pratama",
        "nama_faskes": "LARISSA AESTHETIC TENGGILIS",
        "penyelenggara": "swasta",
        "status_lokasi": "mapped"
      },
      "geometry": {
        "type": "Point",
        "coordinates": [
          112.71626936601405,
          -7.219149943508138
        ]
      }
    },
    {
      "type": "Feature",
      "properties": {
        "generated_faskes_id": "FSK0915",
        "kecamatan": "Tenggilis Mejoyo",
        "jenis_faskes": "Klinik Utama",
        "nama_faskes": "SENTRA MEDIKA SURABAYA",
        "penyelenggara": "swasta",
        "status_lokasi": "mapped"
      },
      "geometry": {
        "type": "Point",
        "coordinates": [
          112.72485377614375,
          -7.2217794951614875
        ]
      }
    },
    {
      "type": "Feature",
      "properties": {
        "generated_faskes_id": "FSK0916",
        "kecamatan": "Tenggilis Mejoyo",
        "jenis_faskes": "Klinik Utama",
        "nama_faskes": "METRODENT",
        "penyelenggara": "swasta",
        "status_lokasi": "mapped"
      },
      "geometry": {
        "type": "Point",
        "coordinates": [
          112.72460602295254,
          -7.2252908854024485
        ]
      }
    },
    {
      "type": "Feature",
      "properties": {
        "generated_faskes_id": "FSK0917",
        "kecamatan": "Tenggilis Mejoyo",
        "jenis_faskes": "Klinik Utama",
        "nama_faskes": "WESTERINDO",
        "penyelenggara": "swasta",
        "status_lokasi": "mapped"
      },
      "geometry": {
        "type": "Point",
        "coordinates": [
          112.71035420887011,
          -7.221816927749369
        ]
      }
    },
    {
      "type": "Feature",
      "properties": {
        "generated_faskes_id": "FSK0918",
        "kecamatan": "Wiyung",
        "jenis_faskes": "Apotek",
        "nama_faskes": "KIMIA FARMA LONTAR",
        "penyelenggara": "lainnya",
        "status_lokasi": "mapped"
      },
      "geometry": {
        "type": "Point",
        "coordinates": [
          112.76086527618632,
          -7.218322600750054
        ]
      }
    },
    {
      "type": "Feature",
      "properties": {
        "generated_faskes_id": "FSK0919",
        "kecamatan": "Wiyung",
        "jenis_faskes": "Apotek",
        "nama_faskes": "KIMIA FARMA WIYUNG 2",
        "penyelenggara": "lainnya",
        "status_lokasi": "mapped"
      },
      "geometry": {
        "type": "Point",
        "coordinates": [
          112.75168070647898,
          -7.231602989592677
        ]
      }
    },
    {
      "type": "Feature",
      "properties": {
        "generated_faskes_id": "FSK0920",
        "kecamatan": "Wiyung",
        "jenis_faskes": "Puskesmas Induk",
        "nama_faskes": "Puskesmas Balas Klumprik",
        "penyelenggara": "Pemerintah Kota",
        "status_lokasi": "mapped"
      },
      "geometry": {
        "type": "Point",
        "coordinates": [
          112.74568205981964,
          -7.226196678540445
        ]
      }
    },
    {
      "type": "Feature",
      "properties": {
        "generated_faskes_id": "FSK0921",
        "kecamatan": "Wiyung",
        "jenis_faskes": "Puskesmas Induk",
        "nama_faskes": "Puskesmas Wiyung",
        "penyelenggara": "Pemerintah Kota",
        "status_lokasi": "mapped"
      },
      "geometry": {
        "type": "Point",
        "coordinates": [
          112.7652049957333,
          -7.221685168784541
        ]
      }
    },
    {
      "type": "Feature",
      "properties": {
        "generated_faskes_id": "FSK0922",
        "kecamatan": "Wiyung",
        "jenis_faskes": "Puskesmas Pembantu (Pustu)",
        "nama_faskes": "Pustu Babatan",
        "penyelenggara": "Pemerintah Kota",
        "status_lokasi": "mapped"
      },
      "geometry": {
        "type": "Point",
        "coordinates": [
          112.7609580082549,
          -7.216571725314777
        ]
      }
    },
    {
      "type": "Feature",
      "properties": {
        "generated_faskes_id": "FSK0923",
        "kecamatan": "Wiyung",
        "jenis_faskes": "Rumah Sakit Umum",
        "nama_faskes": "RS Wijaya Surabaya",
        "penyelenggara": "Swasta",
        "status_lokasi": "mapped"
      },
      "geometry": {
        "type": "Point",
        "coordinates": [
          112.7524253611551,
          -7.22532040485856
        ]
      }
    },
    {
      "type": "Feature",
      "properties": {
        "generated_faskes_id": "FSK0924",
        "kecamatan": "Wiyung",
        "jenis_faskes": "Rumah Sakit Umum",
        "nama_faskes": "RS National Hospital",
        "penyelenggara": "Swasta",
        "status_lokasi": "mapped"
      },
      "geometry": {
        "type": "Point",
        "coordinates": [
          112.75326949183385,
          -7.214480810045857
        ]
      }
    },
    {
      "type": "Feature",
      "properties": {
        "generated_faskes_id": "FSK0925",
        "kecamatan": "Wiyung",
        "jenis_faskes": "Rumah Sakit Khusus",
        "nama_faskes": "RS Ibu dan Anak Graha Medika",
        "penyelenggara": "Swasta",
        "status_lokasi": "mapped"
      },
      "geometry": {
        "type": "Point",
        "coordinates": [
          112.76675071837727,
          -7.229597848289281
        ]
      }
    },
    {
      "type": "Feature",
      "properties": {
        "generated_faskes_id": "FSK0926",
        "kecamatan": "Wiyung",
        "jenis_faskes": "Rumah Sakit Umum",
        "nama_faskes": "RS Wiyung Sejahtera",
        "penyelenggara": "Swasta",
        "status_lokasi": "mapped"
      },
      "geometry": {
        "type": "Point",
        "coordinates": [
          112.76928434550618,
          -7.223980589027651
        ]
      }
    },
    {
      "type": "Feature",
      "properties": {
        "generated_faskes_id": "FSK0927",
        "kecamatan": "Wiyung",
        "jenis_faskes": "Apotek",
        "nama_faskes": "SINAR HUSADA",
        "penyelenggara": "swasta",
        "status_lokasi": "mapped"
      },
      "geometry": {
        "type": "Point",
        "coordinates": [
          112.76798160402542,
          -7.215464461932834
        ]
      }
    },
    {
      "type": "Feature",
      "properties": {
        "generated_faskes_id": "FSK0928",
        "kecamatan": "Wiyung",
        "jenis_faskes": "Apotek",
        "nama_faskes": "RIA FARMA",
        "penyelenggara": "swasta",
        "status_lokasi": "mapped"
      },
      "geometry": {
        "type": "Point",
        "coordinates": [
          112.7454693738909,
          -7.227888503599413
        ]
      }
    },
    {
      "type": "Feature",
      "properties": {
        "generated_faskes_id": "FSK0929",
        "kecamatan": "Wiyung",
        "jenis_faskes": "Apotek",
        "nama_faskes": "RIFKY",
        "penyelenggara": "swasta",
        "status_lokasi": "mapped"
      },
      "geometry": {
        "type": "Point",
        "coordinates": [
          112.74802690139276,
          -7.231051101611171
        ]
      }
    },
    {
      "type": "Feature",
      "properties": {
        "generated_faskes_id": "FSK0930",
        "kecamatan": "Wiyung",
        "jenis_faskes": "Apotek",
        "nama_faskes": "PASYHA",
        "penyelenggara": "swasta",
        "status_lokasi": "mapped"
      },
      "geometry": {
        "type": "Point",
        "coordinates": [
          112.76293354690195,
          -7.218773085107476
        ]
      }
    },
    {
      "type": "Feature",
      "properties": {
        "generated_faskes_id": "FSK0931",
        "kecamatan": "Wiyung",
        "jenis_faskes": "Apotek",
        "nama_faskes": "PUSPASARI",
        "penyelenggara": "swasta",
        "status_lokasi": "mapped"
      },
      "geometry": {
        "type": "Point",
        "coordinates": [
          112.7464602896373,
          -7.218090080227869
        ]
      }
    },
    {
      "type": "Feature",
      "properties": {
        "generated_faskes_id": "FSK0932",
        "kecamatan": "Wiyung",
        "jenis_faskes": "Apotek",
        "nama_faskes": "MEGAH",
        "penyelenggara": "swasta",
        "status_lokasi": "mapped"
      },
      "geometry": {
        "type": "Point",
        "coordinates": [
          112.75706796052432,
          -7.2273704465610615
        ]
      }
    },
    {
      "type": "Feature",
      "properties": {
        "generated_faskes_id": "FSK0933",
        "kecamatan": "Wiyung",
        "jenis_faskes": "Apotek",
        "nama_faskes": "K - 24 WIYUNG",
        "penyelenggara": "swasta",
        "status_lokasi": "mapped"
      },
      "geometry": {
        "type": "Point",
        "coordinates": [
          112.75151807630532,
          -7.215831612217715
        ]
      }
    },
    {
      "type": "Feature",
      "properties": {
        "generated_faskes_id": "FSK0934",
        "kecamatan": "Wiyung",
        "jenis_faskes": "Apotek",
        "nama_faskes": "TATA",
        "penyelenggara": "swasta",
        "status_lokasi": "mapped"
      },
      "geometry": {
        "type": "Point",
        "coordinates": [
          112.74669332105073,
          -7.222428576102749
        ]
      }
    },
    {
      "type": "Feature",
      "properties": {
        "generated_faskes_id": "FSK0935",
        "kecamatan": "Wiyung",
        "jenis_faskes": "Apotek",
        "nama_faskes": "X WATERPLACE",
        "penyelenggara": "swasta",
        "status_lokasi": "mapped"
      },
      "geometry": {
        "type": "Point",
        "coordinates": [
          112.7536779035406,
          -7.216710585292672
        ]
      }
    },
    {
      "type": "Feature",
      "properties": {
        "generated_faskes_id": "FSK0936",
        "kecamatan": "Wiyung",
        "jenis_faskes": "Apotek",
        "nama_faskes": "K - 24 MENGANTI",
        "penyelenggara": "swasta",
        "status_lokasi": "mapped"
      },
      "geometry": {
        "type": "Point",
        "coordinates": [
          112.76694552449348,
          -7.225820098899898
        ]
      }
    },
    {
      "type": "Feature",
      "properties": {
        "generated_faskes_id": "FSK0937",
        "kecamatan": "Wiyung",
        "jenis_faskes": "Apotek",
        "nama_faskes": "WIFA FARMA",
        "penyelenggara": "swasta",
        "status_lokasi": "mapped"
      },
      "geometry": {
        "type": "Point",
        "coordinates": [
          112.76293753022831,
          -7.219336915140323
        ]
      }
    },
    {
      "type": "Feature",
      "properties": {
        "generated_faskes_id": "FSK0938",
        "kecamatan": "Wiyung",
        "jenis_faskes": "Apotek",
        "nama_faskes": "DENYRA",
        "penyelenggara": "swasta",
        "status_lokasi": "mapped"
      },
      "geometry": {
        "type": "Point",
        "coordinates": [
          112.75461995346178,
          -7.226134318689023
        ]
      }
    },
    {
      "type": "Feature",
      "properties": {
        "generated_faskes_id": "FSK0939",
        "kecamatan": "Wiyung",
        "jenis_faskes": "Apotek",
        "nama_faskes": "Daffa Farma",
        "penyelenggara": "swasta",
        "status_lokasi": "mapped"
      },
      "geometry": {
        "type": "Point",
        "coordinates": [
          112.7492978130249,
          -7.219562772230136
        ]
      }
    },
    {
      "type": "Feature",
      "properties": {
        "generated_faskes_id": "FSK0940",
        "kecamatan": "Wiyung",
        "jenis_faskes": "Apotek",
        "nama_faskes": "Tia Farma",
        "penyelenggara": "swasta",
        "status_lokasi": "mapped"
      },
      "geometry": {
        "type": "Point",
        "coordinates": [
          112.75163128221338,
          -7.226157482514447
        ]
      }
    },
    {
      "type": "Feature",
      "properties": {
        "generated_faskes_id": "FSK0941",
        "kecamatan": "Wiyung",
        "jenis_faskes": "Toko Obat",
        "nama_faskes": "SUPER INDO ROYAL SQUARE",
        "penyelenggara": "swasta",
        "status_lokasi": "mapped"
      },
      "geometry": {
        "type": "Point",
        "coordinates": [
          112.74682872911319,
          -7.214277128657843
        ]
      }
    },
    {
      "type": "Feature",
      "properties": {
        "generated_faskes_id": "FSK0942",
        "kecamatan": "Wiyung",
        "jenis_faskes": "Klinik Utama",
        "nama_faskes": "SKIN A",
        "penyelenggara": "swasta",
        "status_lokasi": "mapped"
      },
      "geometry": {
        "type": "Point",
        "coordinates": [
          112.77139141672892,
          -7.214954409463623
        ]
      }
    },
    {
      "type": "Feature",
      "properties": {
        "generated_faskes_id": "FSK0943",
        "kecamatan": "Wiyung",
        "jenis_faskes": "Klinik Pratama",
        "nama_faskes": "MITRA SEHAT",
        "penyelenggara": "swasta",
        "status_lokasi": "mapped"
      },
      "geometry": {
        "type": "Point",
        "coordinates": [
          112.76377979412945,
          -7.223834655991267
        ]
      }
    },
    {
      "type": "Feature",
      "properties": {
        "generated_faskes_id": "FSK0944",
        "kecamatan": "Wiyung",
        "jenis_faskes": "Klinik Pratama",
        "nama_faskes": "ROYAL DIAMOND",
        "penyelenggara": "swasta",
        "status_lokasi": "mapped"
      },
      "geometry": {
        "type": "Point",
        "coordinates": [
          112.75986862362478,
          -7.213841345685365
        ]
      }
    },
    {
      "type": "Feature",
      "properties": {
        "generated_faskes_id": "FSK0945",
        "kecamatan": "Wiyung",
        "jenis_faskes": "Klinik Pratama",
        "nama_faskes": "ALAMANDA",
        "penyelenggara": "swasta",
        "status_lokasi": "mapped"
      },
      "geometry": {
        "type": "Point",
        "coordinates": [
          112.77324759229496,
          -7.219358720379661
        ]
      }
    },
    {
      "type": "Feature",
      "properties": {
        "generated_faskes_id": "FSK0946",
        "kecamatan": "Wiyung",
        "jenis_faskes": "Klinik Pratama",
        "nama_faskes": "MAXINE AESTHETIC CLINIC",
        "penyelenggara": "swasta",
        "status_lokasi": "mapped"
      },
      "geometry": {
        "type": "Point",
        "coordinates": [
          112.76857413787941,
          -7.225823201615867
        ]
      }
    },
    {
      "type": "Feature",
      "properties": {
        "generated_faskes_id": "FSK0947",
        "kecamatan": "Wiyung",
        "jenis_faskes": "Klinik Pratama",
        "nama_faskes": "DINA",
        "penyelenggara": "swasta",
        "status_lokasi": "mapped"
      },
      "geometry": {
        "type": "Point",
        "coordinates": [
          112.75748973900264,
          -7.228931010523205
        ]
      }
    },
    {
      "type": "Feature",
      "properties": {
        "generated_faskes_id": "FSK0948",
        "kecamatan": "Wiyung",
        "jenis_faskes": "Klinik Utama",
        "nama_faskes": "SKIN A",
        "penyelenggara": "swasta",
        "status_lokasi": "mapped"
      },
      "geometry": {
        "type": "Point",
        "coordinates": [
          112.7562938056552,
          -7.217835704883967
        ]
      }
    },
    {
      "type": "Feature",
      "properties": {
        "generated_faskes_id": "FSK0949",
        "kecamatan": "Wonocolo",
        "jenis_faskes": "Apotek",
        "nama_faskes": "KIMIA FARMA 166",
        "penyelenggara": "lainnya",
        "status_lokasi": "mapped"
      },
      "geometry": {
        "type": "Point",
        "coordinates": [
          112.79920556461236,
          -7.216095416241899
        ]
      }
    },
    {
      "type": "Feature",
      "properties": {
        "generated_faskes_id": "FSK0950",
        "kecamatan": "Wonocolo",
        "jenis_faskes": "Apotek",
        "nama_faskes": "Kimia Farma 836 Estheva",
        "penyelenggara": "lainnya",
        "status_lokasi": "mapped"
      },
      "geometry": {
        "type": "Point",
        "coordinates": [
          112.79402209256385,
          -7.218694425379387
        ]
      }
    },
    {
      "type": "Feature",
      "properties": {
        "generated_faskes_id": "FSK0951",
        "kecamatan": "Wonocolo",
        "jenis_faskes": "Klinik Pratama",
        "nama_faskes": "POLTEKBANG SURABAYA",
        "penyelenggara": "lainnya",
        "status_lokasi": "mapped"
      },
      "geometry": {
        "type": "Point",
        "coordinates": [
          112.80917328479805,
          -7.214896411813375
        ]
      }
    },
    {
      "type": "Feature",
      "properties": {
        "generated_faskes_id": "FSK0952",
        "kecamatan": "Wonocolo",
        "jenis_faskes": "Puskesmas Induk",
        "nama_faskes": "Puskesmas Jemursari",
        "penyelenggara": "Pemerintah Kota",
        "status_lokasi": "mapped"
      },
      "geometry": {
        "type": "Point",
        "coordinates": [
          112.8018715784876,
          -7.2139239198766445
        ]
      }
    },
    {
      "type": "Feature",
      "properties": {
        "generated_faskes_id": "FSK0953",
        "kecamatan": "Wonocolo",
        "jenis_faskes": "Puskesmas Induk",
        "nama_faskes": "Puskesmas Sidosermo",
        "penyelenggara": "Pemerintah Kota",
        "status_lokasi": "mapped"
      },
      "geometry": {
        "type": "Point",
        "coordinates": [
          112.80171860274598,
          -7.229208299563917
        ]
      }
    },
    {
      "type": "Feature",
      "properties": {
        "generated_faskes_id": "FSK0954",
        "kecamatan": "Wonocolo",
        "jenis_faskes": "Puskesmas Induk",
        "nama_faskes": "Puskesmas Siwalankerto",
        "penyelenggara": "Pemerintah Kota",
        "status_lokasi": "mapped"
      },
      "geometry": {
        "type": "Point",
        "coordinates": [
          112.79228575548268,
          -7.227938826560566
        ]
      }
    },
    {
      "type": "Feature",
      "properties": {
        "generated_faskes_id": "FSK0955",
        "kecamatan": "Wonocolo",
        "jenis_faskes": "Puskesmas Pembantu (Pustu)",
        "nama_faskes": "Pustu Bendul Merisi",
        "penyelenggara": "Pemerintah Kota",
        "status_lokasi": "mapped"
      },
      "geometry": {
        "type": "Point",
        "coordinates": [
          112.80440117554643,
          -7.214759188083961
        ]
      }
    },
    {
      "type": "Feature",
      "properties": {
        "generated_faskes_id": "FSK0956",
        "kecamatan": "Wonocolo",
        "jenis_faskes": "Puskesmas Pembantu (Pustu)",
        "nama_faskes": "Pustu Margorejo",
        "penyelenggara": "Pemerintah Kota",
        "status_lokasi": "mapped"
      },
      "geometry": {
        "type": "Point",
        "coordinates": [
          112.81041400157758,
          -7.229971493397008
        ]
      }
    },
    {
      "type": "Feature",
      "properties": {
        "generated_faskes_id": "FSK0957",
        "kecamatan": "Wonocolo",
        "jenis_faskes": "Rumah Sakit Umum",
        "nama_faskes": "RS Umum Islam Surabaya Jemursari",
        "penyelenggara": "Swasta",
        "status_lokasi": "mapped"
      },
      "geometry": {
        "type": "Point",
        "coordinates": [
          112.80673754136922,
          -7.228174503662103
        ]
      }
    },
    {
      "type": "Feature",
      "properties": {
        "generated_faskes_id": "FSK0958",
        "kecamatan": "Wonocolo",
        "jenis_faskes": "Rumah Sakit Khusus",
        "nama_faskes": "RS Ibu dan Anak Perdana Medica",
        "penyelenggara": "Swasta",
        "status_lokasi": "mapped"
      },
      "geometry": {
        "type": "Point",
        "coordinates": [
          112.79305384763565,
          -7.219316014788366
        ]
      }
    },
    {
      "type": "Feature",
      "properties": {
        "generated_faskes_id": "FSK0959",
        "kecamatan": "Wonocolo",
        "jenis_faskes": "Apotek",
        "nama_faskes": "KUTISARI",
        "penyelenggara": "swasta",
        "status_lokasi": "mapped"
      },
      "geometry": {
        "type": "Point",
        "coordinates": [
          112.80308766134966,
          -7.215650291594358
        ]
      }
    },
    {
      "type": "Feature",
      "properties": {
        "generated_faskes_id": "FSK0960",
        "kecamatan": "Wonocolo",
        "jenis_faskes": "Apotek",
        "nama_faskes": "RAHARDJO",
        "penyelenggara": "swasta",
        "status_lokasi": "mapped"
      },
      "geometry": {
        "type": "Point",
        "coordinates": [
          112.79064489881797,
          -7.217702232345151
        ]
      }
    },
    {
      "type": "Feature",
      "properties": {
        "generated_faskes_id": "FSK0961",
        "kecamatan": "Wonocolo",
        "jenis_faskes": "Apotek",
        "nama_faskes": "FARMARIN",
        "penyelenggara": "swasta",
        "status_lokasi": "mapped"
      },
      "geometry": {
        "type": "Point",
        "coordinates": [
          112.80672915719556,
          -7.22142107460167
        ]
      }
    },
    {
      "type": "Feature",
      "properties": {
        "generated_faskes_id": "FSK0962",
        "kecamatan": "Wonocolo",
        "jenis_faskes": "Apotek",
        "nama_faskes": "NUR SEHAT",
        "penyelenggara": "swasta",
        "status_lokasi": "mapped"
      },
      "geometry": {
        "type": "Point",
        "coordinates": [
          112.79938182619412,
          -7.21572631272205
        ]
      }
    },
    {
      "type": "Feature",
      "properties": {
        "generated_faskes_id": "FSK0963",
        "kecamatan": "Wonocolo",
        "jenis_faskes": "Apotek",
        "nama_faskes": "SIWALAN",
        "penyelenggara": "swasta",
        "status_lokasi": "mapped"
      },
      "geometry": {
        "type": "Point",
        "coordinates": [
          112.79498892932456,
          -7.214121304390344
        ]
      }
    },
    {
      "type": "Feature",
      "properties": {
        "generated_faskes_id": "FSK0964",
        "kecamatan": "Wonocolo",
        "jenis_faskes": "Apotek",
        "nama_faskes": "MALEO",
        "penyelenggara": "swasta",
        "status_lokasi": "mapped"
      },
      "geometry": {
        "type": "Point",
        "coordinates": [
          112.78546001118686,
          -7.214485404341292
        ]
      }
    },
    {
      "type": "Feature",
      "properties": {
        "generated_faskes_id": "FSK0965",
        "kecamatan": "Wonocolo",
        "jenis_faskes": "Apotek",
        "nama_faskes": "APOLLO",
        "penyelenggara": "swasta",
        "status_lokasi": "mapped"
      },
      "geometry": {
        "type": "Point",
        "coordinates": [
          112.81386232668343,
          -7.229515869676872
        ]
      }
    },
    {
      "type": "Feature",
      "properties": {
        "generated_faskes_id": "FSK0966",
        "kecamatan": "Wonocolo",
        "jenis_faskes": "Apotek",
        "nama_faskes": "TERANG JAYA",
        "penyelenggara": "swasta",
        "status_lokasi": "mapped"
      },
      "geometry": {
        "type": "Point",
        "coordinates": [
          112.81498716021053,
          -7.22288645060039
        ]
      }
    },
    {
      "type": "Feature",
      "properties": {
        "generated_faskes_id": "FSK0967",
        "kecamatan": "Wonocolo",
        "jenis_faskes": "Apotek",
        "nama_faskes": "K - 24 JEMURSARI",
        "penyelenggara": "swasta",
        "status_lokasi": "mapped"
      },
      "geometry": {
        "type": "Point",
        "coordinates": [
          112.79227779545536,
          -7.220585971875222
        ]
      }
    },
    {
      "type": "Feature",
      "properties": {
        "generated_faskes_id": "FSK0968",
        "kecamatan": "Wonocolo",
        "jenis_faskes": "Apotek",
        "nama_faskes": "JES 8",
        "penyelenggara": "swasta",
        "status_lokasi": "mapped"
      },
      "geometry": {
        "type": "Point",
        "coordinates": [
          112.79113539428933,
          -7.214889348240784
        ]
      }
    },
    {
      "type": "Feature",
      "properties": {
        "generated_faskes_id": "FSK0969",
        "kecamatan": "Wonocolo",
        "jenis_faskes": "Apotek",
        "nama_faskes": "VIVA APOTEK SIWALANKERTO",
        "penyelenggara": "swasta",
        "status_lokasi": "mapped"
      },
      "geometry": {
        "type": "Point",
        "coordinates": [
          112.80156237877644,
          -7.217448912162164
        ]
      }
    },
    {
      "type": "Feature",
      "properties": {
        "generated_faskes_id": "FSK0970",
        "kecamatan": "Wonocolo",
        "jenis_faskes": "Apotek",
        "nama_faskes": "SAMINA",
        "penyelenggara": "swasta",
        "status_lokasi": "mapped"
      },
      "geometry": {
        "type": "Point",
        "coordinates": [
          112.79641985233118,
          -7.221883080997368
        ]
      }
    },
    {
      "type": "Feature",
      "properties": {
        "generated_faskes_id": "FSK0971",
        "kecamatan": "Wonocolo",
        "jenis_faskes": "Apotek",
        "nama_faskes": "SUGIH WARAS MAKMUR",
        "penyelenggara": "swasta",
        "status_lokasi": "mapped"
      },
      "geometry": {
        "type": "Point",
        "coordinates": [
          112.79577778666655,
          -7.226871370164601
        ]
      }
    },
    {
      "type": "Feature",
      "properties": {
        "generated_faskes_id": "FSK0972",
        "kecamatan": "Wonocolo",
        "jenis_faskes": "Apotek",
        "nama_faskes": "MORO SEHAT",
        "penyelenggara": "swasta",
        "status_lokasi": "mapped"
      },
      "geometry": {
        "type": "Point",
        "coordinates": [
          112.8003844962007,
          -7.222549916293148
        ]
      }
    },
    {
      "type": "Feature",
      "properties": {
        "generated_faskes_id": "FSK0973",
        "kecamatan": "Wonocolo",
        "jenis_faskes": "Apotek",
        "nama_faskes": "MARGOREJO INDAH",
        "penyelenggara": "swasta",
        "status_lokasi": "mapped"
      },
      "geometry": {
        "type": "Point",
        "coordinates": [
          112.78795824694696,
          -7.213675828291145
        ]
      }
    },
    {
      "type": "Feature",
      "properties": {
        "generated_faskes_id": "FSK0974",
        "kecamatan": "Wonocolo",
        "jenis_faskes": "Apotek",
        "nama_faskes": "VIVA APOTEK SIDOSERMO AIRDAS",
        "penyelenggara": "swasta",
        "status_lokasi": "mapped"
      },
      "geometry": {
        "type": "Point",
        "coordinates": [
          112.79908471266067,
          -7.216271595004665
        ]
      }
    },
    {
      "type": "Feature",
      "properties": {
        "generated_faskes_id": "FSK0975",
        "kecamatan": "Wonocolo",
        "jenis_faskes": "Apotek",
        "nama_faskes": "VIVA APOTEK SIWALANKERTO THE SQUARE",
        "penyelenggara": "swasta",
        "status_lokasi": "mapped"
      },
      "geometry": {
        "type": "Point",
        "coordinates": [
          112.81242991496693,
          -7.22487040977376
        ]
      }
    },
    {
      "type": "Feature",
      "properties": {
        "generated_faskes_id": "FSK0976",
        "kecamatan": "Wonocolo",
        "jenis_faskes": "Klinik Pratama",
        "nama_faskes": "CITA SEHAT",
        "penyelenggara": "swasta",
        "status_lokasi": "mapped"
      },
      "geometry": {
        "type": "Point",
        "coordinates": [
          112.79741790511736,
          -7.22135371332982
        ]
      }
    },
    {
      "type": "Feature",
      "properties": {
        "generated_faskes_id": "FSK0977",
        "kecamatan": "Wonocolo",
        "jenis_faskes": "Klinik Pratama",
        "nama_faskes": "DINAYLA UTAMA 81",
        "penyelenggara": "swasta",
        "status_lokasi": "mapped"
      },
      "geometry": {
        "type": "Point",
        "coordinates": [
          112.79163822294949,
          -7.228991416926453
        ]
      }
    },
    {
      "type": "Feature",
      "properties": {
        "generated_faskes_id": "FSK0978",
        "kecamatan": "Wonocolo",
        "jenis_faskes": "Klinik Pratama",
        "nama_faskes": "JEMURSARI EMPAT",
        "penyelenggara": "swasta",
        "status_lokasi": "mapped"
      },
      "geometry": {
        "type": "Point",
        "coordinates": [
          112.79282322329729,
          -7.214529432077899
        ]
      }
    },
    {
      "type": "Feature",
      "properties": {
        "generated_faskes_id": "FSK0979",
        "kecamatan": "Wonocolo",
        "jenis_faskes": "Klinik Pratama",
        "nama_faskes": "UK PETRA",
        "penyelenggara": "swasta",
        "status_lokasi": "mapped"
      },
      "geometry": {
        "type": "Point",
        "coordinates": [
          112.80237428778112,
          -7.224011068651488
        ]
      }
    },
    {
      "type": "Feature",
      "properties": {
        "generated_faskes_id": "FSK0980",
        "kecamatan": "Wonocolo",
        "jenis_faskes": "Klinik Pratama",
        "nama_faskes": "BRI MEDIKA SURABAYA",
        "penyelenggara": "swasta",
        "status_lokasi": "mapped"
      },
      "geometry": {
        "type": "Point",
        "coordinates": [
          112.78957234230552,
          -7.225619136423739
        ]
      }
    },
    {
      "type": "Feature",
      "properties": {
        "generated_faskes_id": "FSK0981",
        "kecamatan": "Wonocolo",
        "jenis_faskes": "Klinik Pratama",
        "nama_faskes": "LORIS",
        "penyelenggara": "swasta",
        "status_lokasi": "mapped"
      },
      "geometry": {
        "type": "Point",
        "coordinates": [
          112.79639519324223,
          -7.216388350219738
        ]
      }
    },
    {
      "type": "Feature",
      "properties": {
        "generated_faskes_id": "FSK0982",
        "kecamatan": "Wonocolo",
        "jenis_faskes": "Klinik Utama",
        "nama_faskes": "EL SHAFI",
        "penyelenggara": "swasta",
        "status_lokasi": "mapped"
      },
      "geometry": {
        "type": "Point",
        "coordinates": [
          112.79997904447107,
          -7.219665520621114
        ]
      }
    },
    {
      "type": "Feature",
      "properties": {
        "generated_faskes_id": "FSK0983",
        "kecamatan": "Wonocolo",
        "jenis_faskes": "Klinik Utama",
        "nama_faskes": "DIALISA",
        "penyelenggara": "swasta",
        "status_lokasi": "mapped"
      },
      "geometry": {
        "type": "Point",
        "coordinates": [
          112.80554539837037,
          -7.22694900944336
        ]
      }
    },
    {
      "type": "Feature",
      "properties": {
        "generated_faskes_id": "FSK0984",
        "kecamatan": "Wonocolo",
        "jenis_faskes": "Klinik Utama",
        "nama_faskes": "SURABAYA EYE CLINIC",
        "penyelenggara": "swasta",
        "status_lokasi": "mapped"
      },
      "geometry": {
        "type": "Point",
        "coordinates": [
          112.80964775819076,
          -7.213947348433743
        ]
      }
    },
    {
      "type": "Feature",
      "properties": {
        "generated_faskes_id": "FSK0985",
        "kecamatan": "Wonocolo",
        "jenis_faskes": "Klinik Utama",
        "nama_faskes": "TIRTA MEDICAL CENTRE",
        "penyelenggara": "swasta",
        "status_lokasi": "mapped"
      },
      "geometry": {
        "type": "Point",
        "coordinates": [
          112.80425083363195,
          -7.222672414319352
        ]
      }
    },
    {
      "type": "Feature",
      "properties": {
        "generated_faskes_id": "FSK0986",
        "kecamatan": "Wonocolo",
        "jenis_faskes": "Klinik Utama",
        "nama_faskes": "PRODIA (JEMURSARI)",
        "penyelenggara": "swasta",
        "status_lokasi": "mapped"
      },
      "geometry": {
        "type": "Point",
        "coordinates": [
          112.79004700937854,
          -7.217092115570183
        ]
      }
    },
    {
      "type": "Feature",
      "properties": {
        "generated_faskes_id": "FSK0987",
        "kecamatan": "Wonocolo",
        "jenis_faskes": "Klinik Utama",
        "nama_faskes": "ERHA CLINIC CABANG JEMURSARI",
        "penyelenggara": "swasta",
        "status_lokasi": "mapped"
      },
      "geometry": {
        "type": "Point",
        "coordinates": [
          112.7900779713258,
          -7.218460918602695
        ]
      }
    },
    {
      "type": "Feature",
      "properties": {
        "generated_faskes_id": "FSK0988",
        "kecamatan": "Wonokromo",
        "jenis_faskes": "Klinik Pratama",
        "nama_faskes": "JALA HUSADA",
        "penyelenggara": "lainnya",
        "status_lokasi": "mapped"
      },
      "geometry": {
        "type": "Point",
        "coordinates": [
          112.59964948963763,
          -7.186523511188936
        ]
      }
    },
    {
      "type": "Feature",
      "properties": {
        "generated_faskes_id": "FSK0989",
        "kecamatan": "Wonokromo",
        "jenis_faskes": "Puskesmas Induk",
        "nama_faskes": "Puskesmas Jagir",
        "penyelenggara": "Pemerintah Kota",
        "status_lokasi": "mapped"
      },
      "geometry": {
        "type": "Point",
        "coordinates": [
          112.60126410566055,
          -7.191566826508323
        ]
      }
    },
    {
      "type": "Feature",
      "properties": {
        "generated_faskes_id": "FSK0990",
        "kecamatan": "Wonokromo",
        "jenis_faskes": "Puskesmas Induk",
        "nama_faskes": "Puskesmas Ngagel Rejo",
        "penyelenggara": "Pemerintah Kota",
        "status_lokasi": "mapped"
      },
      "geometry": {
        "type": "Point",
        "coordinates": [
          112.58676196154741,
          -7.202713231118647
        ]
      }
    },
    {
      "type": "Feature",
      "properties": {
        "generated_faskes_id": "FSK0991",
        "kecamatan": "Wonokromo",
        "jenis_faskes": "Puskesmas Induk",
        "nama_faskes": "Puskesmas Wonokromo",
        "penyelenggara": "Pemerintah Kota",
        "status_lokasi": "mapped"
      },
      "geometry": {
        "type": "Point",
        "coordinates": [
          112.61040092149548,
          -7.186004884627983
        ]
      }
    },
    {
      "type": "Feature",
      "properties": {
        "generated_faskes_id": "FSK0992",
        "kecamatan": "Wonokromo",
        "jenis_faskes": "Puskesmas Pembantu (Pustu)",
        "nama_faskes": "Pustu Sawunggaling",
        "penyelenggara": "Pemerintah Kota",
        "status_lokasi": "mapped"
      },
      "geometry": {
        "type": "Point",
        "coordinates": [
          112.6050464663018,
          -7.189320454534513
        ]
      }
    },
    {
      "type": "Feature",
      "properties": {
        "generated_faskes_id": "FSK0993",
        "kecamatan": "Wonokromo",
        "jenis_faskes": "Rumah Sakit Umum",
        "nama_faskes": "RS Umum Katholik Surabaya",
        "penyelenggara": "Swasta",
        "status_lokasi": "mapped"
      },
      "geometry": {
        "type": "Point",
        "coordinates": [
          112.59737176667247,
          -7.187886680191535
        ]
      }
    },
    {
      "type": "Feature",
      "properties": {
        "generated_faskes_id": "FSK0994",
        "kecamatan": "Wonokromo",
        "jenis_faskes": "Rumah Sakit Umum",
        "nama_faskes": "RS William Booth Surabaya",
        "penyelenggara": "Swasta",
        "status_lokasi": "mapped"
      },
      "geometry": {
        "type": "Point",
        "coordinates": [
          112.59194300176232,
          -7.190368557998769
        ]
      }
    },
    {
      "type": "Feature",
      "properties": {
        "generated_faskes_id": "FSK0995",
        "kecamatan": "Wonokromo",
        "jenis_faskes": "Rumah Sakit Umum",
        "nama_faskes": "RS Islam Surabaya",
        "penyelenggara": "Swasta",
        "status_lokasi": "mapped"
      },
      "geometry": {
        "type": "Point",
        "coordinates": [
          112.58527424385072,
          -7.19406156313896
        ]
      }
    },
    {
      "type": "Feature",
      "properties": {
        "generated_faskes_id": "FSK0996",
        "kecamatan": "Wonokromo",
        "jenis_faskes": "Rumah Sakit Khusus",
        "nama_faskes": "RS Ibu dan Anak Lombok Dua Dua",
        "penyelenggara": "Swasta",
        "status_lokasi": "mapped"
      },
      "geometry": {
        "type": "Point",
        "coordinates": [
          112.59619602078061,
          -7.192006354008925
        ]
      }
    },
    {
      "type": "Feature",
      "properties": {
        "generated_faskes_id": "FSK0997",
        "kecamatan": "Wonokromo",
        "jenis_faskes": "Rumah Sakit Khusus",
        "nama_faskes": "RS Gigi dan Mulut Nala Husada",
        "penyelenggara": "Swasta",
        "status_lokasi": "mapped"
      },
      "geometry": {
        "type": "Point",
        "coordinates": [
          112.6050026418866,
          -7.19203047838012
        ]
      }
    },
    {
      "type": "Feature",
      "properties": {
        "generated_faskes_id": "FSK0998",
        "kecamatan": "Wonokromo",
        "jenis_faskes": "Apotek",
        "nama_faskes": "OKEY FARMA",
        "penyelenggara": "swasta",
        "status_lokasi": "mapped"
      },
      "geometry": {
        "type": "Point",
        "coordinates": [
          112.59949612460865,
          -7.194389336293277
        ]
      }
    },
    {
      "type": "Feature",
      "properties": {
        "generated_faskes_id": "FSK0999",
        "kecamatan": "Wonokromo",
        "jenis_faskes": "Apotek",
        "nama_faskes": "SATYA FARMA",
        "penyelenggara": "swasta",
        "status_lokasi": "mapped"
      },
      "geometry": {
        "type": "Point",
        "coordinates": [
          112.58519837070976,
          -7.19321986804996
        ]
      }
    },
    {
      "type": "Feature",
      "properties": {
        "generated_faskes_id": "FSK1000",
        "kecamatan": "Wonokromo",
        "jenis_faskes": "Apotek",
        "nama_faskes": "VALENTINE",
        "penyelenggara": "swasta",
        "status_lokasi": "mapped"
      },
      "geometry": {
        "type": "Point",
        "coordinates": [
          112.58535552904382,
          -7.1936273431412365
        ]
      }
    },
    {
      "type": "Feature",
      "properties": {
        "generated_faskes_id": "FSK1001",
        "kecamatan": "Wonokromo",
        "jenis_faskes": "Apotek",
        "nama_faskes": "DUTA FARMA II",
        "penyelenggara": "swasta",
        "status_lokasi": "mapped"
      },
      "geometry": {
        "type": "Point",
        "coordinates": [
          112.59324222211593,
          -7.185412878615737
        ]
      }
    },
    {
      "type": "Feature",
      "properties": {
        "generated_faskes_id": "FSK1002",
        "kecamatan": "Wonokromo",
        "jenis_faskes": "Apotek",
        "nama_faskes": "DIPONEGORO",
        "penyelenggara": "swasta",
        "status_lokasi": "mapped"
      },
      "geometry": {
        "type": "Point",
        "coordinates": [
          112.58551427792807,
          -7.188425450949912
        ]
      }
    },
    {
      "type": "Feature",
      "properties": {
        "generated_faskes_id": "FSK1003",
        "kecamatan": "Wonokromo",
        "jenis_faskes": "Apotek",
        "nama_faskes": "TIARA 2",
        "penyelenggara": "swasta",
        "status_lokasi": "mapped"
      },
      "geometry": {
        "type": "Point",
        "coordinates": [
          112.60522098856357,
          -7.188553592185963
        ]
      }
    },
    {
      "type": "Feature",
      "properties": {
        "generated_faskes_id": "FSK1004",
        "kecamatan": "Wonokromo",
        "jenis_faskes": "Apotek",
        "nama_faskes": "SAHABAT",
        "penyelenggara": "swasta",
        "status_lokasi": "mapped"
      },
      "geometry": {
        "type": "Point",
        "coordinates": [
          112.61229320097998,
          -7.201371365473934
        ]
      }
    },
    {
      "type": "Feature",
      "properties": {
        "generated_faskes_id": "FSK1005",
        "kecamatan": "Wonokromo",
        "jenis_faskes": "Apotek",
        "nama_faskes": "ALDA",
        "penyelenggara": "swasta",
        "status_lokasi": "mapped"
      },
      "geometry": {
        "type": "Point",
        "coordinates": [
          112.58788941670754,
          -7.2006035460947615
        ]
      }
    },
    {
      "type": "Feature",
      "properties": {
        "generated_faskes_id": "FSK1006",
        "kecamatan": "Wonokromo",
        "jenis_faskes": "Apotek",
        "nama_faskes": "VIZ FARMA",
        "penyelenggara": "swasta",
        "status_lokasi": "mapped"
      },
      "geometry": {
        "type": "Point",
        "coordinates": [
          112.59075796170974,
          -7.193681640267663
        ]
      }
    },
    {
      "type": "Feature",
      "properties": {
        "generated_faskes_id": "FSK1007",
        "kecamatan": "Wonokromo",
        "jenis_faskes": "Apotek",
        "nama_faskes": "RESTU SEHAT",
        "penyelenggara": "swasta",
        "status_lokasi": "mapped"
      },
      "geometry": {
        "type": "Point",
        "coordinates": [
          112.6094564317214,
          -7.198432379827595
        ]
      }
    },
    {
      "type": "Feature",
      "properties": {
        "generated_faskes_id": "FSK1008",
        "kecamatan": "Wonokromo",
        "jenis_faskes": "Apotek",
        "nama_faskes": "TOTAL LIFE CLINIC",
        "penyelenggara": "swasta",
        "status_lokasi": "mapped"
      },
      "geometry": {
        "type": "Point",
        "coordinates": [
          112.59690689267494,
          -7.196494054303166
        ]
      }
    },
    {
      "type": "Feature",
      "properties": {
        "generated_faskes_id": "FSK1009",
        "kecamatan": "Wonokromo",
        "jenis_faskes": "Apotek",
        "nama_faskes": "LOMBOK 25",
        "penyelenggara": "swasta",
        "status_lokasi": "mapped"
      },
      "geometry": {
        "type": "Point",
        "coordinates": [
          112.59718082229621,
          -7.192974959988454
        ]
      }
    },
    {
      "type": "Feature",
      "properties": {
        "generated_faskes_id": "FSK1010",
        "kecamatan": "Wonokromo",
        "jenis_faskes": "Apotek",
        "nama_faskes": "BOSTON HEALTH & BEAUTY ROYAL PLAZA",
        "penyelenggara": "swasta",
        "status_lokasi": "mapped"
      },
      "geometry": {
        "type": "Point",
        "coordinates": [
          112.6147069909492,
          -7.199192617035163
        ]
      }
    },
    {
      "type": "Feature",
      "properties": {
        "generated_faskes_id": "FSK1011",
        "kecamatan": "Wonokromo",
        "jenis_faskes": "Apotek",
        "nama_faskes": "VIVA APOTEK JETIS KULON",
        "penyelenggara": "swasta",
        "status_lokasi": "mapped"
      },
      "geometry": {
        "type": "Point",
        "coordinates": [
          112.60552124876412,
          -7.187789103129422
        ]
      }
    },
    {
      "type": "Feature",
      "properties": {
        "generated_faskes_id": "FSK1012",
        "kecamatan": "Wonokromo",
        "jenis_faskes": "Apotek",
        "nama_faskes": "GUARDIAN TRANSMART NGAGEL",
        "penyelenggara": "swasta",
        "status_lokasi": "mapped"
      },
      "geometry": {
        "type": "Point",
        "coordinates": [
          112.60461207158677,
          -7.187599315417945
        ]
      }
    },
    {
      "type": "Feature",
      "properties": {
        "generated_faskes_id": "FSK1013",
        "kecamatan": "Wonokromo",
        "jenis_faskes": "Apotek",
        "nama_faskes": "K-24 BENDUL MERISI",
        "penyelenggara": "swasta",
        "status_lokasi": "mapped"
      },
      "geometry": {
        "type": "Point",
        "coordinates": [
          112.60778757550531,
          -7.201619157400502
        ]
      }
    },
    {
      "type": "Feature",
      "properties": {
        "generated_faskes_id": "FSK1014",
        "kecamatan": "Wonokromo",
        "jenis_faskes": "Toko Obat",
        "nama_faskes": "Hypermart Royal",
        "penyelenggara": "swasta",
        "status_lokasi": "mapped"
      },
      "geometry": {
        "type": "Point",
        "coordinates": [
          112.5963779206672,
          -7.193200473608622
        ]
      }
    },
    {
      "type": "Feature",
      "properties": {
        "generated_faskes_id": "FSK1015",
        "kecamatan": "Wonokromo",
        "jenis_faskes": "Toko Obat",
        "nama_faskes": "PRIMO",
        "penyelenggara": "swasta",
        "status_lokasi": "mapped"
      },
      "geometry": {
        "type": "Point",
        "coordinates": [
          112.58668344817386,
          -7.203160080168008
        ]
      }
    },
    {
      "type": "Feature",
      "properties": {
        "generated_faskes_id": "FSK1016",
        "kecamatan": "Wonokromo",
        "jenis_faskes": "Toko Obat",
        "nama_faskes": "toko Obat PT. Trans Retail Indonesia Cabang Transmart ngagel",
        "penyelenggara": "swasta",
        "status_lokasi": "mapped"
      },
      "geometry": {
        "type": "Point",
        "coordinates": [
          112.59014150725663,
          -7.194169262792932
        ]
      }
    },
    {
      "type": "Feature",
      "properties": {
        "generated_faskes_id": "FSK1017",
        "kecamatan": "Wonokromo",
        "jenis_faskes": "Klinik Pratama",
        "nama_faskes": "Yakes Telkom",
        "penyelenggara": "swasta",
        "status_lokasi": "mapped"
      },
      "geometry": {
        "type": "Point",
        "coordinates": [
          112.59801728955915,
          -7.188953100968847
        ]
      }
    },
    {
      "type": "Feature",
      "properties": {
        "generated_faskes_id": "FSK1018",
        "kecamatan": "Wonokromo",
        "jenis_faskes": "Klinik Pratama",
        "nama_faskes": "GIGI BHAKTI KASIH",
        "penyelenggara": "swasta",
        "status_lokasi": "mapped"
      },
      "geometry": {
        "type": "Point",
        "coordinates": [
          112.60197569883853,
          -7.187604060921665
        ]
      }
    },
    {
      "type": "Feature",
      "properties": {
        "generated_faskes_id": "FSK1019",
        "kecamatan": "Wonokromo",
        "jenis_faskes": "Klinik Pratama",
        "nama_faskes": "Anugerah Karya Medika 103",
        "penyelenggara": "swasta",
        "status_lokasi": "mapped"
      },
      "geometry": {
        "type": "Point",
        "coordinates": [
          112.58786085506412,
          -7.193650414929903
        ]
      }
    },
    {
      "type": "Feature",
      "properties": {
        "generated_faskes_id": "FSK1020",
        "kecamatan": "Wonokromo",
        "jenis_faskes": "Klinik Pratama",
        "nama_faskes": "PERTAMINA JAGIR",
        "penyelenggara": "swasta",
        "status_lokasi": "mapped"
      },
      "geometry": {
        "type": "Point",
        "coordinates": [
          112.5862765527285,
          -7.19945735397545
        ]
      }
    },
    {
      "type": "Feature",
      "properties": {
        "generated_faskes_id": "FSK1021",
        "kecamatan": "Wonokromo",
        "jenis_faskes": "Klinik Pratama",
        "nama_faskes": "MEDIKA YANI II",
        "penyelenggara": "swasta",
        "status_lokasi": "mapped"
      },
      "geometry": {
        "type": "Point",
        "coordinates": [
          112.61104350671745,
          -7.187061504371034
        ]
      }
    },
    {
      "type": "Feature",
      "properties": {
        "generated_faskes_id": "FSK1022",
        "kecamatan": "Wonokromo",
        "jenis_faskes": "Klinik Pratama",
        "nama_faskes": "KIMIA FARMA SEBELAS MEDIKA",
        "penyelenggara": "swasta",
        "status_lokasi": "mapped"
      },
      "geometry": {
        "type": "Point",
        "coordinates": [
          112.59926500862936,
          -7.202479697203068
        ]
      }
    },
    {
      "type": "Feature",
      "properties": {
        "generated_faskes_id": "FSK1023",
        "kecamatan": "Wonokromo",
        "jenis_faskes": "Klinik Pratama",
        "nama_faskes": "HAYYU SYAR'I",
        "penyelenggara": "swasta",
        "status_lokasi": "mapped"
      },
      "geometry": {
        "type": "Point",
        "coordinates": [
          112.58723044179776,
          -7.186364278481849
        ]
      }
    },
    {
      "type": "Feature",
      "properties": {
        "generated_faskes_id": "FSK1024",
        "kecamatan": "Wonokromo",
        "jenis_faskes": "Klinik Pratama",
        "nama_faskes": "NOVATIC",
        "penyelenggara": "swasta",
        "status_lokasi": "mapped"
      },
      "geometry": {
        "type": "Point",
        "coordinates": [
          112.61197934952595,
          -7.19300231915912
        ]
      }
    },
    {
      "type": "Feature",
      "properties": {
        "generated_faskes_id": "FSK1025",
        "kecamatan": "Wonokromo",
        "jenis_faskes": "Klinik Pratama",
        "nama_faskes": "INDRAGIRI",
        "penyelenggara": "swasta",
        "status_lokasi": "mapped"
      },
      "geometry": {
        "type": "Point",
        "coordinates": [
          112.5859870534046,
          -7.186305950043664
        ]
      }
    },
    {
      "type": "Feature",
      "properties": {
        "generated_faskes_id": "FSK1026",
        "kecamatan": "Wonokromo",
        "jenis_faskes": "Klinik Pratama",
        "nama_faskes": "DNY SKIN CARE (KUTAI)",
        "penyelenggara": "swasta",
        "status_lokasi": "mapped"
      },
      "geometry": {
        "type": "Point",
        "coordinates": [
          112.5944345407968,
          -7.185706398185606
        ]
      }
    },
    {
      "type": "Feature",
      "properties": {
        "generated_faskes_id": "FSK1027",
        "kecamatan": "Wonokromo",
        "jenis_faskes": "Klinik Pratama",
        "nama_faskes": "DNY SKIN CARE (KUTISARI)",
        "penyelenggara": "swasta",
        "status_lokasi": "mapped"
      },
      "geometry": {
        "type": "Point",
        "coordinates": [
          112.60261108312254,
          -7.18954200138614
        ]
      }
    },
    {
      "type": "Feature",
      "properties": {
        "generated_faskes_id": "FSK1028",
        "kecamatan": "Wonokromo",
        "jenis_faskes": "Klinik Utama",
        "nama_faskes": "JOYOBOYO",
        "penyelenggara": "swasta",
        "status_lokasi": "mapped"
      },
      "geometry": {
        "type": "Point",
        "coordinates": [
          112.60638134199849,
          -7.196031239626089
        ]
      }
    },
    {
      "type": "Feature",
      "properties": {
        "generated_faskes_id": "FSK1029",
        "kecamatan": "Wonokromo",
        "jenis_faskes": "Klinik Utama",
        "nama_faskes": "BAWEAN ORTHOPAEDIC AND REHABILITATION MEDICINE CENTER SURABAYA",
        "penyelenggara": "swasta",
        "status_lokasi": "mapped"
      },
      "geometry": {
        "type": "Point",
        "coordinates": [
          112.58730812474323,
          -7.200355078736897
        ]
      }
    },
    {
      "type": "Feature",
      "properties": {
        "generated_faskes_id": "FSK1030",
        "kecamatan": "Wonokromo",
        "jenis_faskes": "Klinik Utama",
        "nama_faskes": "ELIZABETH MEDICAL CENTRE",
        "penyelenggara": "swasta",
        "status_lokasi": "mapped"
      },
      "geometry": {
        "type": "Point",
        "coordinates": [
          112.59221416582912,
          -7.188031406398317
        ]
      }
    },
    {
      "type": "Feature",
      "properties": {
        "generated_faskes_id": "FSK1031",
        "kecamatan": "Wonokromo",
        "jenis_faskes": "Klinik Utama",
        "nama_faskes": "PKBI JAWA TIMUR",
        "penyelenggara": "swasta",
        "status_lokasi": "mapped"
      },
      "geometry": {
        "type": "Point",
        "coordinates": [
          112.59667469822102,
          -7.1868970276049495
        ]
      }
    },
    {
      "type": "Feature",
      "properties": {
        "generated_faskes_id": "FSK1032",
        "kecamatan": "Wonokromo",
        "jenis_faskes": "Klinik Utama",
        "nama_faskes": "TOTAL LIFE CLINIC",
        "penyelenggara": "swasta",
        "status_lokasi": "mapped"
      },
      "geometry": {
        "type": "Point",
        "coordinates": [
          112.59495189518866,
          -7.189480496817117
        ]
      }
    },
    {
      "type": "Feature",
      "properties": {
        "generated_faskes_id": "FSK1033",
        "kecamatan": "Wonokromo",
        "jenis_faskes": "Klinik Utama",
        "nama_faskes": "MEDIKA UTAMA",
        "penyelenggara": "swasta",
        "status_lokasi": "mapped"
      },
      "geometry": {
        "type": "Point",
        "coordinates": [
          112.58919851782706,
          -7.185211237438241
        ]
      }
    },
    {
      "type": "Feature",
      "properties": {
        "generated_faskes_id": "FSK1034",
        "kecamatan": "Wonokromo",
        "jenis_faskes": "Klinik Utama",
        "nama_faskes": "THE NEW BRAIN CLINIC",
        "penyelenggara": "swasta",
        "status_lokasi": "mapped"
      },
      "geometry": {
        "type": "Point",
        "coordinates": [
          112.60672490710283,
          -7.194152131053308
        ]
      }
    },
    {
      "type": "Feature",
      "properties": {
        "generated_faskes_id": "FSK1035",
        "kecamatan": "Wonokromo",
        "jenis_faskes": "Klinik Utama",
        "nama_faskes": "PRODIA HEALTH CARE",
        "penyelenggara": "swasta",
        "status_lokasi": "mapped"
      },
      "geometry": {
        "type": "Point",
        "coordinates": [
          112.61422969982308,
          -7.202348898747631
        ]
      }
    },
    {
      "type": "Feature",
      "properties": {
        "generated_faskes_id": "FSK1036",
        "kecamatan": "Wonokromo",
        "jenis_faskes": "Klinik Utama",
        "nama_faskes": "SANODOC",
        "penyelenggara": "swasta",
        "status_lokasi": "mapped"
      },
      "geometry": {
        "type": "Point",
        "coordinates": [
          112.59811264758531,
          -7.187957631277092
        ]
      }
    },
    {
      "type": "Feature",
      "properties": {
        "generated_faskes_id": "FSK1037",
        "kecamatan": "Wonokromo",
        "jenis_faskes": "Klinik Utama",
        "nama_faskes": "ILHAN EYE CENTER",
        "penyelenggara": "swasta",
        "status_lokasi": "mapped"
      },
      "geometry": {
        "type": "Point",
        "coordinates": [
          112.59521778239426,
          -7.189234896354966
        ]
      }
    },
    {
      "type": "Feature",
      "properties": {
        "generated_faskes_id": "FSK1038",
        "kecamatan": "Wonokromo",
        "jenis_faskes": "Klinik Utama",
        "nama_faskes": "INDAH DENTAL CARE",
        "penyelenggara": "swasta",
        "status_lokasi": "mapped"
      },
      "geometry": {
        "type": "Point",
        "coordinates": [
          112.61364575190746,
          -7.196060444096002
        ]
      }
    },
    {
      "type": "Feature",
      "properties": {
        "generated_faskes_id": "FSK1039",
        "kecamatan": "Wonokromo",
        "jenis_faskes": "Klinik Utama",
        "nama_faskes": "JEC-JAVA@SURABAYA",
        "penyelenggara": "swasta",
        "status_lokasi": "mapped"
      },
      "geometry": {
        "type": "Point",
        "coordinates": [
          112.60820664748394,
          -7.202790196252672
        ]
      }
    },
    {
      "type": "Feature",
      "properties": {
        "generated_faskes_id": "FSK1040",
        "kecamatan": "Wonokromo",
        "jenis_faskes": "Klinik Utama",
        "nama_faskes": "CAHAYA DIAGNOSTIC CENTRE",
        "penyelenggara": "swasta",
        "status_lokasi": "mapped"
      },
      "geometry": {
        "type": "Point",
        "coordinates": [
          112.59319981085886,
          -7.185135925561735
        ]
      }
    },
    {
      "type": "Feature",
      "properties": {
        "generated_faskes_id": "FSK1041",
        "kecamatan": "Wonokromo",
        "jenis_faskes": "Klinik Utama",
        "nama_faskes": "J GLOW",
        "penyelenggara": "swasta",
        "status_lokasi": "mapped"
      },
      "geometry": {
        "type": "Point",
        "coordinates": [
          112.59971810368333,
          -7.196810128042059
        ]
      }
    },
    {
      "type": "Feature",
      "properties": {
        "generated_faskes_id": "FSK1042",
        "kecamatan": "Wonokromo",
        "jenis_faskes": "Klinik Utama",
        "nama_faskes": "BENINGS",
        "penyelenggara": "swasta",
        "status_lokasi": "mapped"
      },
      "geometry": {
        "type": "Point",
        "coordinates": [
          112.61323428534914,
          -7.195416120985608
        ]
      }
    },
    {
      "type": "Feature",
      "properties": {
        "generated_faskes_id": "FSK1043",
        "kecamatan": "Wonokromo",
        "jenis_faskes": "Rumah Sakit Umum",
        "nama_faskes": "RS Soemitro Lanud Surabaya",
        "penyelenggara": "TNI/POLRI",
        "status_lokasi": "mapped"
      },
      "geometry": {
        "type": "Point",
        "coordinates": [
          112.60539084574265,
          -7.191221015028893
        ]
      }
    },
    {
      "type": "Feature",
      "properties": {
        "generated_faskes_id": "FSK1044",
        "kecamatan": "Wonokromo",
        "jenis_faskes": "Rumah Sakit Umum",
        "nama_faskes": "RS dr. Ramelan",
        "penyelenggara": "TNI/POLRI",
        "status_lokasi": "mapped"
      },
      "geometry": {
        "type": "Point",
        "coordinates": [
          112.58757082352909,
          -7.1919920420119015
        ]
      }
    },
    {
      "type": "Feature",
      "properties": {
        "generated_faskes_id": "FSK1045",
        "kecamatan": "Wonokromo",
        "jenis_faskes": "Rumah Sakit Umum",
        "nama_faskes": "RS Umum Tk. III Brawijaya",
        "penyelenggara": "TNI/POLRI",
        "status_lokasi": "mapped"
      },
      "geometry": {
        "type": "Point",
        "coordinates": [
          112.60894165521408,
          -7.1902596769008955
        ]
      }
    },
    {
      "type": "Feature",
      "properties": {
        "generated_faskes_id": "FSK1046",
        "kecamatan": "Wonokromo",
        "jenis_faskes": "Klinik Pratama",
        "nama_faskes": "KESATRIAN",
        "penyelenggara": "TNI/POLRI",
        "status_lokasi": "mapped"
      },
      "geometry": {
        "type": "Point",
        "coordinates": [
          112.58746114029019,
          -7.200505948995799
        ]
      }
    }
  ]
}