timestamp,dataset,row_identifier,column,original_value,new_value,action,reason
2026-08-13 08:39:32,tenaga kesehatan,Karang Pilang,jumlah_tenaga_kesehatan_psikologi_klinis,–,NaN,type coercion,coercing to numeric and handling dash values
2026-08-13 08:39:32,tenaga kesehatan,Jambangan,jumlah_tenaga_kesehatan_psikologi_klinis,2,2.0,type coercion,coercing to numeric and handling dash values
2026-08-13 08:39:32,tenaga kesehatan,Gayungan,jumlah_tenaga_kesehatan_psikologi_klinis,2,2.0,type coercion,coercing to numeric and handling dash values
2026-08-13 08:39:32,tenaga kesehatan,Wonocolo,jumlah_tenaga_kesehatan_psikologi_klinis,4,4.0,type coercion,coercing to numeric and handling dash values
2026-08-13 08:39:32,tenaga kesehatan,Tenggilis Mejoyo,jumlah_tenaga_kesehatan_psikologi_klinis,1,1.0,type coercion,coercing to numeric and handling dash values
2026-08-13 08:39:32,tenaga kesehatan,Gunung Anyar,jumlah_tenaga_kesehatan_psikologi_klinis,–,NaN,type coercion,coercing to numeric and handling dash values
2026-08-13 08:39:32,tenaga kesehatan,Rungkut,jumlah_tenaga_kesehatan_psikologi_klinis,2,2.0,type coercion,coercing to numeric and handling dash values
2026-08-13 08:39:32,tenaga kesehatan,Sukolilo,jumlah_tenaga_kesehatan_psikologi_klinis,11,11.0,type coercion,coercing to numeric and handling dash values
2026-08-13 08:39:32,tenaga kesehatan,Mulyorejo,jumlah_tenaga_kesehatan_psikologi_klinis,6,6.0,type coercion,coercing to numeric and handling dash values
2026-08-13 08:39:32,tenaga kesehatan,Gubeng,jumlah_tenaga_kesehatan_psikologi_klinis,18,18.0,type coercion,coercing to numeric and handling dash values
2026-08-13 08:39:32,tenaga kesehatan,Wonokromo,jumlah_tenaga_kesehatan_psikologi_klinis,5,5.0,type coercion,coercing to numeric and handling dash values
2026-08-13 08:39:32,tenaga kesehatan,Dukuh Pakis,jumlah_tenaga_kesehatan_psikologi_klinis,1,1.0,type coercion,coercing to numeric and handling dash values
2026-08-13 08:39:32,tenaga kesehatan,Wiyung,jumlah_tenaga_kesehatan_psikologi_klinis,2,2.0,type coercion,coercing to numeric and handling dash values
2026-08-13 08:39:32,tenaga kesehatan,Lakarsantri,jumlah_tenaga_kesehatan_psikologi_klinis,–,NaN,type coercion,coercing to numeric and handling dash values
2026-08-13 08:39:32,tenaga kesehatan,Sambikerep,jumlah_tenaga_kesehatan_psikologi_klinis,–,NaN,type coercion,coercing to numeric and handling dash values
2026-08-13 08:39:32,tenaga kesehatan,Tandes,jumlah_tenaga_kesehatan_psikologi_klinis,2,2.0,type coercion,coercing to numeric and handling dash values
2026-08-13 08:39:32,tenaga kesehatan,Suko Manunggal,jumlah_tenaga_kesehatan_psikologi_klinis,2,2.0,type coercion,coercing to numeric and handling dash values
2026-08-13 08:39:32,tenaga kesehatan,Sawahan,jumlah_tenaga_kesehatan_psikologi_klinis,3,3.0,type coercion,coercing to numeric and handling dash values
2026-08-13 08:39:32,tenaga kesehatan,Tegalsari,jumlah_tenaga_kesehatan_psikologi_klinis,4,4.0,type coercion,coercing to numeric and handling dash values
2026-08-13 08:39:32,tenaga kesehatan,Genteng,jumlah_tenaga_kesehatan_psikologi_klinis,–,NaN,type coercion,coercing to numeric and handling dash values
2026-08-13 08:39:32,tenaga kesehatan,Tambaksari,jumlah_tenaga_kesehatan_psikologi_klinis,4,4.0,type coercion,coercing to numeric and handling dash values
2026-08-13 08:39:32,tenaga kesehatan,Kenjeran,jumlah_tenaga_kesehatan_psikologi_klinis,2,2.0,type coercion,coercing to numeric and handling dash values
2026-08-13 08:39:32,tenaga kesehatan,Bulak,jumlah_tenaga_kesehatan_psikologi_klinis,1,1.0,type coercion,coercing to numeric and handling dash values
2026-08-13 08:39:32,tenaga kesehatan,Simokerto,jumlah_tenaga_kesehatan_psikologi_klinis,2,2.0,type coercion,coercing to numeric and handling dash values
2026-08-13 08:39:32,tenaga kesehatan,Semampir,jumlah_tenaga_kesehatan_psikologi_klinis,3,3.0,type coercion,coercing to numeric and handling dash values
2026-08-13 08:39:32,tenaga kesehatan,Pabean Cantian,jumlah_tenaga_kesehatan_psikologi_klinis,1,1.0,type coercion,coercing to numeric and handling dash values
2026-08-13 08:39:32,tenaga kesehatan,Bubutan,jumlah_tenaga_kesehatan_psikologi_klinis,2,2.0,type coercion,coercing to numeric and handling dash values
2026-08-13 08:39:32,tenaga kesehatan,Krembangan,jumlah_tenaga_kesehatan_psikologi_klinis,1,1.0,type coercion,coercing to numeric and handling dash values
2026-08-13 08:39:32,tenaga kesehatan,Asemrowo,jumlah_tenaga_kesehatan_psikologi_klinis,–,NaN,type coercion,coercing to numeric and handling dash values
2026-08-13 08:39:32,tenaga kesehatan,Benowo,jumlah_tenaga_kesehatan_psikologi_klinis,2,2.0,type coercion,coercing to numeric and handling dash values
2026-08-13 08:39:32,tenaga kesehatan,Pakal,jumlah_tenaga_kesehatan_psikologi_klinis,–,NaN,type coercion,coercing to numeric and handling dash values
2026-08-13 08:39:32,tenaga kesehatan,Karang Pilang,jumlah_tenaga_keterapian_fisik,1,1.0,type coercion,coercing to numeric and handling dash values
2026-08-13 08:39:32,tenaga kesehatan,Jambangan,jumlah_tenaga_keterapian_fisik,–,NaN,type coercion,coercing to numeric and handling dash values
2026-08-13 08:39:32,tenaga kesehatan,Gayungan,jumlah_tenaga_keterapian_fisik,6,6.0,type coercion,coercing to numeric and handling dash values
2026-08-13 08:39:32,tenaga kesehatan,Wonocolo,jumlah_tenaga_keterapian_fisik,19,19.0,type coercion,coercing to numeric and handling dash values
2026-08-13 08:39:32,tenaga kesehatan,Tenggilis Mejoyo,jumlah_tenaga_keterapian_fisik,16,16.0,type coercion,coercing to numeric and handling dash values
2026-08-13 08:39:32,tenaga kesehatan,Gunung Anyar,jumlah_tenaga_keterapian_fisik,–,NaN,type coercion,coercing to numeric and handling dash values
2026-08-13 08:39:32,tenaga kesehatan,Rungkut,jumlah_tenaga_keterapian_fisik,5,5.0,type coercion,coercing to numeric and handling dash values
2026-08-13 08:39:32,tenaga kesehatan,Sukolilo,jumlah_tenaga_keterapian_fisik,45,45.0,type coercion,coercing to numeric and handling dash values
2026-08-13 08:39:32,tenaga kesehatan,Mulyorejo,jumlah_tenaga_keterapian_fisik,46,46.0,type coercion,coercing to numeric and handling dash values
2026-08-13 08:39:32,tenaga kesehatan,Gubeng,jumlah_tenaga_keterapian_fisik,93,93.0,type coercion,coercing to numeric and handling dash values
2026-08-13 08:39:32,tenaga kesehatan,Wonokromo,jumlah_tenaga_keterapian_fisik,106,106.0,type coercion,coercing to numeric and handling dash values
2026-08-13 08:39:32,tenaga kesehatan,Dukuh Pakis,jumlah_tenaga_keterapian_fisik,9,9.0,type coercion,coercing to numeric and handling dash values
2026-08-13 08:39:32,tenaga kesehatan,Wiyung,jumlah_tenaga_keterapian_fisik,25,25.0,type coercion,coercing to numeric and handling dash values
2026-08-13 08:39:32,tenaga kesehatan,Lakarsantri,jumlah_tenaga_keterapian_fisik,–,NaN,type coercion,coercing to numeric and handling dash values
2026-08-13 08:39:32,tenaga kesehatan,Sambikerep,jumlah_tenaga_keterapian_fisik,21,21.0,type coercion,coercing to numeric and handling dash values
2026-08-13 08:39:32,tenaga kesehatan,Tandes,jumlah_tenaga_keterapian_fisik,3,3.0,type coercion,coercing to numeric and handling dash values
2026-08-13 08:39:32,tenaga kesehatan,Suko Manunggal,jumlah_tenaga_keterapian_fisik,37,37.0,type coercion,coercing to numeric and handling dash values
2026-08-13 08:39:32,tenaga kesehatan,Sawahan,jumlah_tenaga_keterapian_fisik,14,14.0,type coercion,coercing to numeric and handling dash values
2026-08-13 08:39:32,tenaga kesehatan,Tegalsari,jumlah_tenaga_keterapian_fisik,14,14.0,type coercion,coercing to numeric and handling dash values
2026-08-13 08:39:32,tenaga kesehatan,Genteng,jumlah_tenaga_keterapian_fisik,12,12.0,type coercion,coercing to numeric and handling dash values
2026-08-13 08:39:32,tenaga kesehatan,Tambaksari,jumlah_tenaga_keterapian_fisik,16,16.0,type coercion,coercing to numeric and handling dash values
2026-08-13 08:39:32,tenaga kesehatan,Kenjeran,jumlah_tenaga_keterapian_fisik,–,NaN,type coercion,coercing to numeric and handling dash values
2026-08-13 08:39:32,tenaga kesehatan,Bulak,jumlah_tenaga_keterapian_fisik,7,7.0,type coercion,coercing to numeric and handling dash values
2026-08-13 08:39:32,tenaga kesehatan,Simokerto,jumlah_tenaga_keterapian_fisik,28,28.0,type coercion,coercing to numeric and handling dash values
2026-08-13 08:39:32,tenaga kesehatan,Semampir,jumlah_tenaga_keterapian_fisik,5,5.0,type coercion,coercing to numeric and handling dash values
2026-08-13 08:39:32,tenaga kesehatan,Pabean Cantian,jumlah_tenaga_keterapian_fisik,33,33.0,type coercion,coercing to numeric and handling dash values
2026-08-13 08:39:32,tenaga kesehatan,Bubutan,jumlah_tenaga_keterapian_fisik,1,1.0,type coercion,coercing to numeric and handling dash values
2026-08-13 08:39:32,tenaga kesehatan,Krembangan,jumlah_tenaga_keterapian_fisik,5,5.0,type coercion,coercing to numeric and handling dash values
2026-08-13 08:39:32,tenaga kesehatan,Asemrowo,jumlah_tenaga_keterapian_fisik,–,NaN,type coercion,coercing to numeric and handling dash values
2026-08-13 08:39:32,tenaga kesehatan,Benowo,jumlah_tenaga_keterapian_fisik,5,5.0,type coercion,coercing to numeric and handling dash values
2026-08-13 08:39:32,tenaga kesehatan,Pakal,jumlah_tenaga_keterapian_fisik,8,8.0,type coercion,coercing to numeric and handling dash values
2026-08-13 08:39:33,data penyakit,Row 0,januari/februari,224,224,suspected_shifted_february,anomaly fix
2026-08-13 08:39:33,data penyakit,Row 1,januari/februari,36,36,suspected_shifted_february,anomaly fix
2026-08-13 08:39:33,data penyakit,Row 2,januari/februari,6,6,suspected_shifted_february,anomaly fix
2026-08-13 08:39:33,data penyakit,Row 3,januari/februari,344,344,suspected_shifted_february,anomaly fix
2026-08-13 08:39:33,data penyakit,Row 4,januari/februari,23,23,suspected_shifted_february,anomaly fix
2026-08-13 08:39:33,data penyakit,Row 5,januari/februari,72,72,suspected_shifted_february,anomaly fix
2026-08-13 08:39:33,data penyakit,Row 6,januari/februari,146,146,suspected_shifted_february,anomaly fix
2026-08-13 08:39:33,data penyakit,Row 7,januari/februari,134,134,suspected_shifted_february,anomaly fix
2026-08-13 08:39:33,data penyakit,Row 8,januari/februari,384,384,suspected_shifted_february,anomaly fix
2026-08-13 08:39:33,data penyakit,Row 9,januari/februari,896,896,suspected_shifted_february,anomaly fix
2026-08-13 08:39:33,data penyakit,Row 10,januari/februari,504,504,suspected_shifted_february,anomaly fix
2026-08-13 08:39:33,data penyakit,Row 11,januari/februari,168,168,suspected_shifted_february,anomaly fix
2026-08-13 08:39:33,data penyakit,Row 12,januari/februari,283,283,suspected_shifted_february,anomaly fix
2026-08-13 08:39:33,data penyakit,Row 13,januari/februari,61,61,suspected_shifted_february,anomaly fix
2026-08-13 08:39:33,data penyakit,Row 14,januari/februari,14,14,suspected_shifted_february,anomaly fix
2026-08-13 08:39:33,data penyakit,Row 15,januari/februari,4,4,suspected_shifted_february,anomaly fix
2026-08-13 08:39:33,data penyakit,Row 16,januari/februari,4,4,suspected_shifted_february,anomaly fix
2026-08-13 08:39:33,data penyakit,Row 17,januari/februari,164,164,suspected_shifted_february,anomaly fix
2026-08-13 08:39:33,data penyakit,Row 18,januari/februari,100,100,suspected_shifted_february,anomaly fix
2026-08-13 08:39:33,data penyakit,Row 19,januari/februari,8,8,suspected_shifted_february,anomaly fix
2026-08-13 08:39:33,data penyakit,Row 20,januari/februari,280,280,suspected_shifted_february,anomaly fix
2026-08-13 08:39:33,data penyakit,Row 21,januari/februari,102,102,suspected_shifted_february,anomaly fix
2026-08-13 08:39:33,data penyakit,Row 22,januari/februari,4,4,suspected_shifted_february,anomaly fix
2026-08-13 08:39:33,data penyakit,Row 23,januari/februari,0,0,suspected_shifted_february,anomaly fix
2026-08-13 08:39:33,data penyakit,Row 24,januari/februari,53,53,suspected_shifted_february,anomaly fix
2026-08-13 08:39:33,data penyakit,Row 25,januari/februari,5,5,suspected_shifted_february,anomaly fix
2026-08-13 08:39:33,data penyakit,Row 26,januari/februari,33,33,suspected_shifted_february,anomaly fix
2026-08-13 08:39:33,data penyakit,Row 27,januari/februari,34,34,suspected_shifted_february,anomaly fix
2026-08-13 08:39:33,data penyakit,Row 28,januari/februari,45,45,suspected_shifted_february,anomaly fix
2026-08-13 08:39:33,data penyakit,Row 29,januari/februari,24,24,suspected_shifted_february,anomaly fix
2026-08-13 08:39:33,data penyakit,Row 30,januari/februari,372,372,suspected_shifted_february,anomaly fix
2026-08-13 08:39:33,data penyakit,Row 31,januari/februari,238,238,suspected_shifted_february,anomaly fix
2026-08-13 08:39:33,data penyakit,Row 32,januari/februari,44,44,suspected_shifted_february,anomaly fix
2026-08-13 08:39:33,data penyakit,Row 33,januari/februari,101,101,suspected_shifted_february,anomaly fix
2026-08-13 08:39:33,data penyakit,Row 34,januari/februari,11,11,suspected_shifted_february,anomaly fix
2026-08-13 08:39:33,data penyakit,Row 35,januari/februari,2,2,suspected_shifted_february,anomaly fix
2026-08-13 08:39:33,data penyakit,Row 36,januari/februari,1,1,suspected_shifted_february,anomaly fix
2026-08-13 08:39:33,data penyakit,Row 37,januari/februari,2,2,suspected_shifted_february,anomaly fix
2026-08-13 08:39:33,data penyakit,Row 38,januari/februari,78,78,suspected_shifted_february,anomaly fix
2026-08-13 08:39:33,data penyakit,Row 39,januari/februari,66,66,suspected_shifted_february,anomaly fix
2026-08-13 08:39:33,data penyakit,Row 40,januari/februari,3,3,suspected_shifted_february,anomaly fix
2026-08-13 08:39:33,data penyakit,Row 41,januari/februari,177,177,suspected_shifted_february,anomaly fix
2026-08-13 08:39:33,data penyakit,Row 42,januari/februari,162,162,suspected_shifted_february,anomaly fix
2026-08-13 08:39:33,data penyakit,Row 43,januari/februari,26,26,suspected_shifted_february,anomaly fix
2026-08-13 08:39:33,data penyakit,Row 44,januari/februari,5,5,suspected_shifted_february,anomaly fix
2026-08-13 08:39:33,data penyakit,Row 45,januari/februari,126,126,suspected_shifted_february,anomaly fix
2026-08-13 08:39:33,data penyakit,Row 46,januari/februari,19,19,suspected_shifted_february,anomaly fix
2026-08-13 08:39:33,data penyakit,Row 47,januari/februari,78,78,suspected_shifted_february,anomaly fix
2026-08-13 08:39:33,data penyakit,Row 48,januari/februari,72,72,suspected_shifted_february,anomaly fix
2026-08-13 08:39:33,data penyakit,Row 49,januari/februari,74,74,suspected_shifted_february,anomaly fix
2026-08-13 08:39:33,data penyakit,Row 50,januari/februari,152,152,suspected_shifted_february,anomaly fix
2026-08-13 08:39:33,data penyakit,Row 51,januari/februari,533,533,suspected_shifted_february,anomaly fix
2026-08-13 08:39:33,data penyakit,Row 52,januari/februari,376,376,suspected_shifted_february,anomaly fix
2026-08-13 08:39:33,data penyakit,Row 53,januari/februari,121,121,suspected_shifted_february,anomaly fix
2026-08-13 08:39:33,data penyakit,Row 54,januari/februari,171,171,suspected_shifted_february,anomaly fix
2026-08-13 08:39:33,data penyakit,Row 55,januari/februari,70,70,suspected_shifted_february,anomaly fix
2026-08-13 08:39:33,data penyakit,Row 56,januari/februari,8,8,suspected_shifted_february,anomaly fix
2026-08-13 08:39:33,data penyakit,Row 57,januari/februari,2,2,suspected_shifted_february,anomaly fix
2026-08-13 08:39:33,data penyakit,Row 58,januari/februari,1,1,suspected_shifted_february,anomaly fix
2026-08-13 08:39:33,data penyakit,Row 59,januari/februari,122,122,suspected_shifted_february,anomaly fix
2026-08-13 08:39:33,data penyakit,Row 60,januari/februari,84,84,suspected_shifted_february,anomaly fix
2026-08-13 08:39:33,data penyakit,Row 61,januari/februari,5,5,suspected_shifted_february,anomaly fix
2026-08-13 08:39:33,data penyakit,Row 62,januari/februari,339,339,suspected_shifted_february,anomaly fix
2026-08-13 08:39:33,data penyakit,Row 63,januari/februari,6,6,suspected_shifted_february,anomaly fix
2026-08-13 08:39:33,data penyakit,Row 64,januari/februari,3,3,suspected_shifted_february,anomaly fix
2026-08-13 08:39:33,data penyakit,Row 65,januari/februari,1,1,suspected_shifted_february,anomaly fix
2026-08-13 08:39:33,data penyakit,Row 66,januari/februari,5,5,suspected_shifted_february,anomaly fix
2026-08-13 08:39:33,data penyakit,Row 67,januari/februari,5,5,suspected_shifted_february,anomaly fix
2026-08-13 08:39:33,data penyakit,Row 68,januari/februari,1,1,suspected_shifted_february,anomaly fix
2026-08-13 08:39:33,data penyakit,Row 69,januari/februari,14,14,suspected_shifted_february,anomaly fix
2026-08-13 08:39:33,data penyakit,Row 70,januari/februari,2,2,suspected_shifted_february,anomaly fix
2026-08-13 08:39:33,data penyakit,Row 71,januari/februari,8,8,suspected_shifted_february,anomaly fix
2026-08-13 08:39:33,data penyakit,Row 72,januari/februari,12,12,suspected_shifted_february,anomaly fix
2026-08-13 08:39:33,data penyakit,Row 73,januari/februari,173,173,suspected_shifted_february,anomaly fix
2026-08-13 08:39:33,data penyakit,Row 74,januari/februari,4,4,suspected_shifted_february,anomaly fix
2026-08-13 08:39:33,data penyakit,Row 75,januari/februari,8,8,suspected_shifted_february,anomaly fix
2026-08-13 08:39:33,data penyakit,Row 76,januari/februari,6,6,suspected_shifted_february,anomaly fix
2026-08-13 08:39:33,data penyakit,Row 77,januari/februari,1,1,suspected_shifted_february,anomaly fix
2026-08-13 08:39:33,data penyakit,Row 78,januari/februari,0,0,suspected_shifted_february,anomaly fix
2026-08-13 08:39:33,data penyakit,Row 79,januari/februari,2,2,suspected_shifted_february,anomaly fix
2026-08-13 08:39:33,data penyakit,Row 80,januari/februari,16,16,suspected_shifted_february,anomaly fix
2026-08-13 08:39:33,data penyakit,Row 81,januari/februari,6,6,suspected_shifted_february,anomaly fix
2026-08-13 08:39:33,data penyakit,Row 82,januari/februari,0,0,suspected_shifted_february,anomaly fix
2026-08-13 08:39:33,data penyakit,Row 83,januari/februari,44,44,suspected_shifted_february,anomaly fix
2026-08-13 08:39:33,data penyakit,Row 84,januari/februari,141,141,suspected_shifted_february,anomaly fix
2026-08-13 08:39:33,data penyakit,Row 85,januari/februari,12,12,suspected_shifted_february,anomaly fix
2026-08-13 08:39:33,data penyakit,Row 86,januari/februari,6,6,suspected_shifted_february,anomaly fix
2026-08-13 08:39:33,data penyakit,Row 87,januari/februari,61,61,suspected_shifted_february,anomaly fix
2026-08-13 08:39:33,data penyakit,Row 88,januari/februari,14,14,suspected_shifted_february,anomaly fix
2026-08-13 08:39:33,data penyakit,Row 89,januari/februari,24,24,suspected_shifted_february,anomaly fix
2026-08-13 08:39:33,data penyakit,Row 90,januari/februari,63,63,suspected_shifted_february,anomaly fix
2026-08-13 08:39:33,data penyakit,Row 91,januari/februari,70,70,suspected_shifted_february,anomaly fix
2026-08-13 08:39:33,data penyakit,Row 92,januari/februari,80,80,suspected_shifted_february,anomaly fix
2026-08-13 08:39:33,data penyakit,Row 93,januari/februari,578,578,suspected_shifted_february,anomaly fix
2026-08-13 08:39:33,data penyakit,Row 94,januari/februari,462,462,suspected_shifted_february,anomaly fix
2026-08-13 08:39:33,data penyakit,Row 95,januari/februari,111,111,suspected_shifted_february,anomaly fix
2026-08-13 08:39:33,data penyakit,Row 96,januari/februari,183,183,suspected_shifted_february,anomaly fix
2026-08-13 08:39:33,data penyakit,Row 97,januari/februari,35,35,suspected_shifted_february,anomaly fix
2026-08-13 08:39:33,data penyakit,Row 98,januari/februari,2,2,suspected_shifted_february,anomaly fix
2026-08-13 08:39:33,data penyakit,Row 99,januari/februari,1,1,suspected_shifted_february,anomaly fix
2026-08-13 08:39:33,data penyakit,Row 100,januari/februari,1,1,suspected_shifted_february,anomaly fix
2026-08-13 08:39:33,data penyakit,Row 101,januari/februari,58,58,suspected_shifted_february,anomaly fix
2026-08-13 08:39:33,data penyakit,Row 102,januari/februari,62,62,suspected_shifted_february,anomaly fix
2026-08-13 08:39:33,data penyakit,Row 103,januari/februari,2,2,suspected_shifted_february,anomaly fix
2026-08-13 08:39:33,data penyakit,Row 104,januari/februari,319,319,suspected_shifted_february,anomaly fix
2026-08-13 08:39:33,data penyakit,Row 105,januari/februari,114,114,suspected_shifted_february,anomaly fix
2026-08-13 08:39:33,data penyakit,Row 106,januari/februari,11,11,suspected_shifted_february,anomaly fix
2026-08-13 08:39:33,data penyakit,Row 107,januari/februari,3,3,suspected_shifted_february,anomaly fix
2026-08-13 08:39:33,data penyakit,Row 108,januari/februari,44,44,suspected_shifted_february,anomaly fix
2026-08-13 08:39:33,data penyakit,Row 109,januari/februari,12,12,suspected_shifted_february,anomaly fix
2026-08-13 08:39:33,data penyakit,Row 110,januari/februari,27,27,suspected_shifted_february,anomaly fix
2026-08-13 08:39:33,data penyakit,Row 111,januari/februari,36,36,suspected_shifted_february,anomaly fix
2026-08-13 08:39:33,data penyakit,Row 112,januari/februari,37,37,suspected_shifted_february,anomaly fix
2026-08-13 08:39:33,data penyakit,Row 113,januari/februari,40,40,suspected_shifted_february,anomaly fix
2026-08-13 08:39:33,data penyakit,Row 114,januari/februari,331,331,suspected_shifted_february,anomaly fix
2026-08-13 08:39:33,data penyakit,Row 115,januari/februari,680,680,suspected_shifted_february,anomaly fix
2026-08-13 08:39:33,data penyakit,Row 116,januari/februari,88,88,suspected_shifted_february,anomaly fix
2026-08-13 08:39:33,data penyakit,Row 117,januari/februari,133,133,suspected_shifted_february,anomaly fix
2026-08-13 08:39:33,data penyakit,Row 118,januari/februari,40,40,suspected_shifted_february,anomaly fix
2026-08-13 08:39:33,data penyakit,Row 119,januari/februari,11,11,suspected_shifted_february,anomaly fix
2026-08-13 08:39:33,data penyakit,Row 120,januari/februari,0,0,suspected_shifted_february,anomaly fix
2026-08-13 08:39:33,data penyakit,Row 121,januari/februari,1,1,suspected_shifted_february,anomaly fix
2026-08-13 08:39:33,data penyakit,Row 122,januari/februari,101,101,suspected_shifted_february,anomaly fix
2026-08-13 08:39:33,data penyakit,Row 123,januari/februari,28,28,suspected_shifted_february,anomaly fix
2026-08-13 08:39:33,data penyakit,Row 124,januari/februari,1,1,suspected_shifted_february,anomaly fix
2026-08-13 08:39:33,data penyakit,Row 125,januari/februari,441,441,suspected_shifted_february,anomaly fix
2026-08-13 08:39:33,data penyakit,Row 126,januari/februari,208,208,suspected_shifted_february,anomaly fix
2026-08-13 08:39:33,data penyakit,Row 127,januari/februari,37,37,suspected_shifted_february,anomaly fix
2026-08-13 08:39:33,data penyakit,Row 128,januari/februari,2,2,suspected_shifted_february,anomaly fix
2026-08-13 08:39:33,data penyakit,Row 129,januari/februari,125,125,suspected_shifted_february,anomaly fix
2026-08-13 08:39:33,data penyakit,Row 130,januari/februari,5,5,suspected_shifted_february,anomaly fix
2026-08-13 08:39:33,data penyakit,Row 131,januari/februari,27,27,suspected_shifted_february,anomaly fix
2026-08-13 08:39:33,data penyakit,Row 132,januari/februari,35,35,suspected_shifted_february,anomaly fix
2026-08-13 08:39:33,data penyakit,Row 133,januari/februari,69,69,suspected_shifted_february,anomaly fix
2026-08-13 08:39:33,data penyakit,Row 134,januari/februari,315,315,suspected_shifted_february,anomaly fix
2026-08-13 08:39:33,data penyakit,Row 135,januari/februari,873,873,suspected_shifted_february,anomaly fix
2026-08-13 08:39:33,data penyakit,Row 136,januari/februari,539,539,suspected_shifted_february,anomaly fix
2026-08-13 08:39:33,data penyakit,Row 137,januari/februari,150,150,suspected_shifted_february,anomaly fix
2026-08-13 08:39:33,data penyakit,Row 138,januari/februari,269,269,suspected_shifted_february,anomaly fix
2026-08-13 08:39:33,data penyakit,Row 139,januari/februari,24,24,suspected_shifted_february,anomaly fix
2026-08-13 08:39:33,data penyakit,Row 140,januari/februari,12,12,suspected_shifted_february,anomaly fix
2026-08-13 08:39:33,data penyakit,Row 141,januari/februari,1,1,suspected_shifted_february,anomaly fix
2026-08-13 08:39:33,data penyakit,Row 142,januari/februari,4,4,suspected_shifted_february,anomaly fix
2026-08-13 08:39:33,data penyakit,Row 143,januari/februari,140,140,suspected_shifted_february,anomaly fix
2026-08-13 08:39:33,data penyakit,Row 144,januari/februari,42,42,suspected_shifted_february,anomaly fix
2026-08-13 08:39:33,data penyakit,Row 145,januari/februari,2,2,suspected_shifted_february,anomaly fix
2026-08-13 08:39:33,data penyakit,Row 146,januari/februari,288,288,suspected_shifted_february,anomaly fix
2026-08-13 08:39:33,data penyakit,Row 147,januari/februari,115,115,suspected_shifted_february,anomaly fix
2026-08-13 08:39:33,data penyakit,Row 148,januari/februari,9,9,suspected_shifted_february,anomaly fix
2026-08-13 08:39:33,data penyakit,Row 149,januari/februari,3,3,suspected_shifted_february,anomaly fix
2026-08-13 08:39:33,data penyakit,Row 150,januari/februari,114,114,suspected_shifted_february,anomaly fix
2026-08-13 08:39:33,data penyakit,Row 151,januari/februari,17,17,suspected_shifted_february,anomaly fix
2026-08-13 08:39:33,data penyakit,Row 152,januari/februari,19,19,suspected_shifted_february,anomaly fix
2026-08-13 08:39:33,data penyakit,Row 153,januari/februari,54,54,suspected_shifted_february,anomaly fix
2026-08-13 08:39:33,data penyakit,Row 154,januari/februari,55,55,suspected_shifted_february,anomaly fix
2026-08-13 08:39:33,data penyakit,Row 155,januari/februari,86,86,suspected_shifted_february,anomaly fix
2026-08-13 08:39:33,data penyakit,Row 156,januari/februari,403,403,suspected_shifted_february,anomaly fix
2026-08-13 08:39:33,data penyakit,Row 157,januari/februari,308,308,suspected_shifted_february,anomaly fix
2026-08-13 08:39:33,data penyakit,Row 158,januari/februari,99,99,suspected_shifted_february,anomaly fix
2026-08-13 08:39:33,data penyakit,Row 159,januari/februari,204,204,suspected_shifted_february,anomaly fix
2026-08-13 08:39:33,data penyakit,Row 160,januari/februari,26,26,suspected_shifted_february,anomaly fix
2026-08-13 08:39:33,data penyakit,Row 161,januari/februari,5,5,suspected_shifted_february,anomaly fix
2026-08-13 08:39:33,data penyakit,Row 162,januari/februari,0,0,suspected_shifted_february,anomaly fix
2026-08-13 08:39:33,data penyakit,Row 163,januari/februari,0,0,suspected_shifted_february,anomaly fix
2026-08-13 08:39:33,data penyakit,Row 164,januari/februari,61,61,suspected_shifted_february,anomaly fix
2026-08-13 08:39:33,data penyakit,Row 165,januari/februari,30,30,suspected_shifted_february,anomaly fix
2026-08-13 08:39:33,data penyakit,Row 166,januari/februari,1,1,suspected_shifted_february,anomaly fix
2026-08-13 08:39:33,data penyakit,Row 167,januari/februari,434,434,suspected_shifted_february,anomaly fix
2026-08-13 08:39:33,data penyakit,Row 168,januari/februari,103,103,suspected_shifted_february,anomaly fix
2026-08-13 08:39:33,data penyakit,Row 169,januari/februari,13,13,suspected_shifted_february,anomaly fix
2026-08-13 08:39:33,data penyakit,Row 170,januari/februari,7,7,suspected_shifted_february,anomaly fix
2026-08-13 08:39:33,data penyakit,Row 171,januari/februari,27,27,suspected_shifted_february,anomaly fix
2026-08-13 08:39:33,data penyakit,Row 172,januari/februari,1,1,suspected_shifted_february,anomaly fix
2026-08-13 08:39:33,data penyakit,Row 173,januari/februari,14,14,suspected_shifted_february,anomaly fix
2026-08-13 08:39:33,data penyakit,Row 174,januari/februari,74,74,suspected_shifted_february,anomaly fix
2026-08-13 08:39:33,data penyakit,Row 175,januari/februari,32,32,suspected_shifted_february,anomaly fix
2026-08-13 08:39:33,data penyakit,Row 176,januari/februari,74,74,suspected_shifted_february,anomaly fix
2026-08-13 08:39:33,data penyakit,Row 177,januari/februari,397,397,suspected_shifted_february,anomaly fix
2026-08-13 08:39:33,data penyakit,Row 178,januari/februari,461,461,suspected_shifted_february,anomaly fix
2026-08-13 08:39:33,data penyakit,Row 179,januari/februari,118,118,suspected_shifted_february,anomaly fix
2026-08-13 08:39:33,data penyakit,Row 180,januari/februari,185,185,suspected_shifted_february,anomaly fix
2026-08-13 08:39:33,data penyakit,Row 181,januari/februari,22,22,suspected_shifted_february,anomaly fix
2026-08-13 08:39:33,data penyakit,Row 182,januari/februari,3,3,suspected_shifted_february,anomaly fix
2026-08-13 08:39:33,data penyakit,Row 183,januari/februari,1,1,suspected_shifted_february,anomaly fix
2026-08-13 08:39:33,data penyakit,Row 184,januari/februari,0,0,suspected_shifted_february,anomaly fix
2026-08-13 08:39:33,data penyakit,Row 185,januari/februari,140,140,suspected_shifted_february,anomaly fix
2026-08-13 08:39:33,data penyakit,Row 186,januari/februari,27,27,suspected_shifted_february,anomaly fix
2026-08-13 08:39:33,data penyakit,Row 187,januari/februari,0,0,suspected_shifted_february,anomaly fix
2026-08-13 08:39:33,data penyakit,Row 188,januari/februari,179,179,suspected_shifted_february,anomaly fix
2026-08-13 08:39:33,data penyakit,Row 189,januari/februari,233,233,suspected_shifted_february,anomaly fix
2026-08-13 08:39:33,data penyakit,Row 190,januari/februari,4,4,suspected_shifted_february,anomaly fix
2026-08-13 08:39:33,data penyakit,Row 191,januari/februari,7,7,suspected_shifted_february,anomaly fix
2026-08-13 08:39:33,data penyakit,Row 192,januari/februari,82,82,suspected_shifted_february,anomaly fix
2026-08-13 08:39:33,data penyakit,Row 193,januari/februari,13,13,suspected_shifted_february,anomaly fix
2026-08-13 08:39:33,data penyakit,Row 194,januari/februari,32,32,suspected_shifted_february,anomaly fix
2026-08-13 08:39:33,data penyakit,Row 195,januari/februari,45,45,suspected_shifted_february,anomaly fix
2026-08-13 08:39:33,data penyakit,Row 196,januari/februari,68,68,suspected_shifted_february,anomaly fix
2026-08-13 08:39:33,data penyakit,Row 197,januari/februari,90,90,suspected_shifted_february,anomaly fix
2026-08-13 08:39:33,data penyakit,Row 198,januari/februari,862,862,suspected_shifted_february,anomaly fix
2026-08-13 08:39:33,data penyakit,Row 199,januari/februari,376,376,suspected_shifted_february,anomaly fix
2026-08-13 08:39:33,data penyakit,Row 200,januari/februari,125,125,suspected_shifted_february,anomaly fix
2026-08-13 08:39:33,data penyakit,Row 201,januari/februari,170,170,suspected_shifted_february,anomaly fix
2026-08-13 08:39:33,data penyakit,Row 202,januari/februari,44,44,suspected_shifted_february,anomaly fix
2026-08-13 08:39:33,data penyakit,Row 203,januari/februari,24,24,suspected_shifted_february,anomaly fix
2026-08-13 08:39:33,data penyakit,Row 204,januari/februari,1,1,suspected_shifted_february,anomaly fix
2026-08-13 08:39:33,data penyakit,Row 205,januari/februari,3,3,suspected_shifted_february,anomaly fix
2026-08-13 08:39:33,data penyakit,Row 206,januari/februari,167,167,suspected_shifted_february,anomaly fix
2026-08-13 08:39:33,data penyakit,Row 207,januari/februari,94,94,suspected_shifted_february,anomaly fix
2026-08-13 08:39:33,data penyakit,Row 208,januari/februari,2,2,suspected_shifted_february,anomaly fix
2026-08-13 08:39:33,data penyakit,Row 209,januari/februari,136,136,suspected_shifted_february,anomaly fix
2026-08-13 08:39:33,data penyakit,Row 210,januari/februari,63,63,suspected_shifted_february,anomaly fix
2026-08-13 08:39:33,data penyakit,Row 211,januari/februari,0,0,suspected_shifted_february,anomaly fix
2026-08-13 08:39:33,data penyakit,Row 212,januari/februari,0,0,suspected_shifted_february,anomaly fix
2026-08-13 08:39:33,data penyakit,Row 213,januari/februari,40,40,suspected_shifted_february,anomaly fix
2026-08-13 08:39:33,data penyakit,Row 214,januari/februari,1,1,suspected_shifted_february,anomaly fix
2026-08-13 08:39:33,data penyakit,Row 215,januari/februari,1,1,suspected_shifted_february,anomaly fix
2026-08-13 08:39:33,data penyakit,Row 216,januari/februari,10,10,suspected_shifted_february,anomaly fix
2026-08-13 08:39:33,data penyakit,Row 217,januari/februari,30,30,suspected_shifted_february,anomaly fix
2026-08-13 08:39:33,data penyakit,Row 218,januari/februari,50,50,suspected_shifted_february,anomaly fix
2026-08-13 08:39:33,data penyakit,Row 219,januari/februari,232,232,suspected_shifted_february,anomaly fix
2026-08-13 08:39:33,data penyakit,Row 220,januari/februari,494,494,suspected_shifted_february,anomaly fix
2026-08-13 08:39:33,data penyakit,Row 221,januari/februari,55,55,suspected_shifted_february,anomaly fix
2026-08-13 08:39:33,data penyakit,Row 222,januari/februari,92,92,suspected_shifted_february,anomaly fix
2026-08-13 08:39:33,data penyakit,Row 223,januari/februari,11,11,suspected_shifted_february,anomaly fix
2026-08-13 08:39:33,data penyakit,Row 224,januari/februari,1,1,suspected_shifted_february,anomaly fix
2026-08-13 08:39:33,data penyakit,Row 225,januari/februari,1,1,suspected_shifted_february,anomaly fix
2026-08-13 08:39:33,data penyakit,Row 226,januari/februari,0,0,suspected_shifted_february,anomaly fix
2026-08-13 08:39:33,data penyakit,Row 227,januari/februari,141,141,suspected_shifted_february,anomaly fix
2026-08-13 08:39:33,data penyakit,Row 228,januari/februari,9,9,suspected_shifted_february,anomaly fix
2026-08-13 08:39:33,data penyakit,Row 229,januari/februari,8,8,suspected_shifted_february,anomaly fix
2026-08-13 08:39:33,data penyakit,Row 230,januari/februari,321,321,suspected_shifted_february,anomaly fix
2026-08-13 08:39:33,data penyakit,Row 231,januari/februari,184,184,suspected_shifted_february,anomaly fix
2026-08-13 08:39:33,data penyakit,Row 232,januari/februari,21,21,suspected_shifted_february,anomaly fix
2026-08-13 08:39:33,data penyakit,Row 233,januari/februari,1,1,suspected_shifted_february,anomaly fix
2026-08-13 08:39:33,data penyakit,Row 234,januari/februari,143,143,suspected_shifted_february,anomaly fix
2026-08-13 08:39:33,data penyakit,Row 235,januari/februari,15,15,suspected_shifted_february,anomaly fix
2026-08-13 08:39:33,data penyakit,Row 236,januari/februari,22,22,suspected_shifted_february,anomaly fix
2026-08-13 08:39:33,data penyakit,Row 237,januari/februari,76,76,suspected_shifted_february,anomaly fix
2026-08-13 08:39:33,data penyakit,Row 238,januari/februari,60,60,suspected_shifted_february,anomaly fix
2026-08-13 08:39:33,data penyakit,Row 239,januari/februari,234,234,suspected_shifted_february,anomaly fix
2026-08-13 08:39:33,data penyakit,Row 240,januari/februari,520,520,suspected_shifted_february,anomaly fix
2026-08-13 08:39:33,data penyakit,Row 241,januari/februari,492,492,suspected_shifted_february,anomaly fix
2026-08-13 08:39:33,data penyakit,Row 242,januari/februari,166,166,suspected_shifted_february,anomaly fix
2026-08-13 08:39:33,data penyakit,Row 243,januari/februari,235,235,suspected_shifted_february,anomaly fix
2026-08-13 08:39:33,data penyakit,Row 244,januari/februari,54,54,suspected_shifted_february,anomaly fix
2026-08-13 08:39:33,data penyakit,Row 245,januari/februari,33,33,suspected_shifted_february,anomaly fix
2026-08-13 08:39:33,data penyakit,Row 246,januari/februari,1,1,suspected_shifted_february,anomaly fix
2026-08-13 08:39:33,data penyakit,Row 247,januari/februari,1,1,suspected_shifted_february,anomaly fix
2026-08-13 08:39:33,data penyakit,Row 248,januari/februari,168,168,suspected_shifted_february,anomaly fix
2026-08-13 08:39:33,data penyakit,Row 249,januari/februari,59,59,suspected_shifted_february,anomaly fix
2026-08-13 08:39:33,data penyakit,Row 250,januari/februari,2,2,suspected_shifted_february,anomaly fix
2026-08-13 08:39:33,data penyakit,Row 251,januari/februari,1342,1342,suspected_shifted_february,anomaly fix
2026-08-13 08:39:33,data penyakit,Row 252,januari/februari,191,191,suspected_shifted_february,anomaly fix
2026-08-13 08:39:33,data penyakit,Row 253,januari/februari,21,21,suspected_shifted_february,anomaly fix
2026-08-13 08:39:33,data penyakit,Row 254,januari/februari,1,1,suspected_shifted_february,anomaly fix
2026-08-13 08:39:33,data penyakit,Row 255,januari/februari,45,45,suspected_shifted_february,anomaly fix
2026-08-13 08:39:33,data penyakit,Row 256,januari/februari,15,15,suspected_shifted_february,anomaly fix
2026-08-13 08:39:33,data penyakit,Row 257,januari/februari,24,24,suspected_shifted_february,anomaly fix
2026-08-13 08:39:33,data penyakit,Row 258,januari/februari,43,43,suspected_shifted_february,anomaly fix
2026-08-13 08:39:33,data penyakit,Row 259,januari/februari,58,58,suspected_shifted_february,anomaly fix
2026-08-13 08:39:33,data penyakit,Row 260,januari/februari,59,59,suspected_shifted_february,anomaly fix
2026-08-13 08:39:33,data penyakit,Row 261,januari/februari,849,849,suspected_shifted_february,anomaly fix
2026-08-13 08:39:33,data penyakit,Row 262,januari/februari,413,413,suspected_shifted_february,anomaly fix
2026-08-13 08:39:33,data penyakit,Row 263,januari/februari,130,130,suspected_shifted_february,anomaly fix
2026-08-13 08:39:33,data penyakit,Row 264,januari/februari,174,174,suspected_shifted_february,anomaly fix
2026-08-13 08:39:33,data penyakit,Row 265,januari/februari,30,30,suspected_shifted_february,anomaly fix
2026-08-13 08:39:33,data penyakit,Row 266,januari/februari,45,45,suspected_shifted_february,anomaly fix
2026-08-13 08:39:33,data penyakit,Row 267,januari/februari,0,0,suspected_shifted_february,anomaly fix
2026-08-13 08:39:33,data penyakit,Row 268,januari/februari,1,1,suspected_shifted_february,anomaly fix
2026-08-13 08:39:33,data penyakit,Row 269,januari/februari,176,176,suspected_shifted_february,anomaly fix
2026-08-13 08:39:33,data penyakit,Row 270,januari/februari,35,35,suspected_shifted_february,anomaly fix
2026-08-13 08:39:33,data penyakit,Row 271,januari/februari,1,1,suspected_shifted_february,anomaly fix
2026-08-13 08:39:33,data penyakit,Row 272,januari/februari,257,257,suspected_shifted_february,anomaly fix
2026-08-13 08:39:33,data penyakit,Row 273,januari/februari,180,180,suspected_shifted_february,anomaly fix
2026-08-13 08:39:33,data penyakit,Row 274,januari/februari,22,22,suspected_shifted_february,anomaly fix
2026-08-13 08:39:33,data penyakit,Row 275,januari/februari,4,4,suspected_shifted_february,anomaly fix
2026-08-13 08:39:33,data penyakit,Row 276,januari/februari,82,82,suspected_shifted_february,anomaly fix
2026-08-13 08:39:33,data penyakit,Row 277,januari/februari,26,26,suspected_shifted_february,anomaly fix
2026-08-13 08:39:33,data penyakit,Row 278,januari/februari,9,9,suspected_shifted_february,anomaly fix
2026-08-13 08:39:33,data penyakit,Row 279,januari/februari,73,73,suspected_shifted_february,anomaly fix
2026-08-13 08:39:33,data penyakit,Row 280,januari/februari,60,60,suspected_shifted_february,anomaly fix
2026-08-13 08:39:33,data penyakit,Row 281,januari/februari,102,102,suspected_shifted_february,anomaly fix
2026-08-13 08:39:33,data penyakit,Row 282,januari/februari,574,574,suspected_shifted_february,anomaly fix
2026-08-13 08:39:33,data penyakit,Row 283,januari/februari,523,523,suspected_shifted_february,anomaly fix
2026-08-13 08:39:33,data penyakit,Row 284,januari/februari,112,112,suspected_shifted_february,anomaly fix
2026-08-13 08:39:33,data penyakit,Row 285,januari/februari,234,234,suspected_shifted_february,anomaly fix
2026-08-13 08:39:33,data penyakit,Row 286,januari/februari,47,47,suspected_shifted_february,anomaly fix
2026-08-13 08:39:33,data penyakit,Row 287,januari/februari,15,15,suspected_shifted_february,anomaly fix
2026-08-13 08:39:33,data penyakit,Row 288,januari/februari,15,15,suspected_shifted_february,anomaly fix
2026-08-13 08:39:33,data penyakit,Row 289,januari/februari,0,0,suspected_shifted_february,anomaly fix
2026-08-13 08:39:33,data penyakit,Row 290,januari/februari,124,124,suspected_shifted_february,anomaly fix
2026-08-13 08:39:33,data penyakit,Row 291,januari/februari,75,75,suspected_shifted_february,anomaly fix
2026-08-13 08:39:33,data penyakit,Row 292,januari/februari,2,2,suspected_shifted_february,anomaly fix
2026-08-13 08:39:33,data penyakit,Row 293,januari/februari,646,646,suspected_shifted_february,anomaly fix
2026-08-13 08:39:33,data penyakit,Row 294,januari/februari,202,202,suspected_shifted_february,anomaly fix
2026-08-13 08:39:33,data penyakit,Row 295,januari/februari,17,17,suspected_shifted_february,anomaly fix
2026-08-13 08:39:33,data penyakit,Row 296,januari/februari,3,3,suspected_shifted_february,anomaly fix
2026-08-13 08:39:33,data penyakit,Row 297,januari/februari,192,192,suspected_shifted_february,anomaly fix
2026-08-13 08:39:33,data penyakit,Row 298,januari/februari,15,15,suspected_shifted_february,anomaly fix
2026-08-13 08:39:33,data penyakit,Row 299,januari/februari,35,35,suspected_shifted_february,anomaly fix
2026-08-13 08:39:33,data penyakit,Row 300,januari/februari,84,84,suspected_shifted_february,anomaly fix
2026-08-13 08:39:33,data penyakit,Row 301,januari/februari,52,52,suspected_shifted_february,anomaly fix
2026-08-13 08:39:33,data penyakit,Row 302,januari/februari,177,177,suspected_shifted_february,anomaly fix
2026-08-13 08:39:33,data penyakit,Row 303,januari/februari,499,499,suspected_shifted_february,anomaly fix
2026-08-13 08:39:33,data penyakit,Row 304,januari/februari,851,851,suspected_shifted_february,anomaly fix
2026-08-13 08:39:33,data penyakit,Row 305,januari/februari,118,118,suspected_shifted_february,anomaly fix
2026-08-13 08:39:33,data penyakit,Row 306,januari/februari,151,151,suspected_shifted_february,anomaly fix
2026-08-13 08:39:33,data penyakit,Row 307,januari/februari,35,35,suspected_shifted_february,anomaly fix
2026-08-13 08:39:33,data penyakit,Row 308,januari/februari,38,38,suspected_shifted_february,anomaly fix
2026-08-13 08:39:33,data penyakit,Row 309,januari/februari,9,9,suspected_shifted_february,anomaly fix
2026-08-13 08:39:33,data penyakit,Row 310,januari/februari,2,2,suspected_shifted_february,anomaly fix
2026-08-13 08:39:33,data penyakit,Row 311,januari/februari,115,115,suspected_shifted_february,anomaly fix
2026-08-13 08:39:33,data penyakit,Row 312,januari/februari,62,62,suspected_shifted_february,anomaly fix
2026-08-13 08:39:33,data penyakit,Row 313,januari/februari,0,0,suspected_shifted_february,anomaly fix
2026-08-13 08:39:33,data penyakit,Row 314,januari/februari,732,732,suspected_shifted_february,anomaly fix
2026-08-13 08:39:33,data penyakit,Row 315,januari/februari,78,78,suspected_shifted_february,anomaly fix
2026-08-13 08:39:33,data penyakit,Row 316,januari/februari,9,9,suspected_shifted_february,anomaly fix
2026-08-13 08:39:33,data penyakit,Row 317,januari/februari,3,3,suspected_shifted_february,anomaly fix
2026-08-13 08:39:33,data penyakit,Row 318,januari/februari,42,42,suspected_shifted_february,anomaly fix
2026-08-13 08:39:33,data penyakit,Row 319,januari/februari,2,2,suspected_shifted_february,anomaly fix
2026-08-13 08:39:33,data penyakit,Row 320,januari/februari,12,12,suspected_shifted_february,anomaly fix
2026-08-13 08:39:33,data penyakit,Row 321,januari/februari,29,29,suspected_shifted_february,anomaly fix
2026-08-13 08:39:33,data penyakit,Row 322,januari/februari,31,31,suspected_shifted_february,anomaly fix
2026-08-13 08:39:33,data penyakit,Row 323,januari/februari,26,26,suspected_shifted_february,anomaly fix
2026-08-13 08:39:33,data penyakit,Row 324,januari/februari,275,275,suspected_shifted_february,anomaly fix
2026-08-13 08:39:33,data penyakit,Row 325,januari/februari,247,247,suspected_shifted_february,anomaly fix
2026-08-13 08:39:33,data penyakit,Row 326,januari/februari,48,48,suspected_shifted_february,anomaly fix
2026-08-13 08:39:33,data penyakit,Row 327,januari/februari,80,80,suspected_shifted_february,anomaly fix
2026-08-13 08:39:33,data penyakit,Row 328,januari/februari,13,13,suspected_shifted_february,anomaly fix
2026-08-13 08:39:33,data penyakit,Row 329,januari/februari,4,4,suspected_shifted_february,anomaly fix
2026-08-13 08:39:33,data penyakit,Row 330,januari/februari,1,1,suspected_shifted_february,anomaly fix
2026-08-13 08:39:33,data penyakit,Row 331,januari/februari,1,1,suspected_shifted_february,anomaly fix
2026-08-13 08:39:33,data penyakit,Row 332,januari/februari,54,54,suspected_shifted_february,anomaly fix
2026-08-13 08:39:33,data penyakit,Row 333,januari/februari,31,31,suspected_shifted_february,anomaly fix
2026-08-13 08:39:33,data penyakit,Row 334,januari/februari,0,0,suspected_shifted_february,anomaly fix
2026-08-13 08:39:33,data penyakit,Row 335,januari/februari,135,135,suspected_shifted_february,anomaly fix
2026-08-13 08:39:33,data penyakit,Row 336,januari/februari,67,67,suspected_shifted_february,anomaly fix
2026-08-13 08:39:33,data penyakit,Row 337,januari/februari,11,11,suspected_shifted_february,anomaly fix
2026-08-13 08:39:33,data penyakit,Row 338,januari/februari,8,8,suspected_shifted_february,anomaly fix
2026-08-13 08:39:33,data penyakit,Row 339,januari/februari,91,91,suspected_shifted_february,anomaly fix
2026-08-13 08:39:33,data penyakit,Row 340,januari/februari,7,7,suspected_shifted_february,anomaly fix
2026-08-13 08:39:33,data penyakit,Row 341,januari/februari,23,23,suspected_shifted_february,anomaly fix
2026-08-13 08:39:33,data penyakit,Row 342,januari/februari,89,89,suspected_shifted_february,anomaly fix
2026-08-13 08:39:33,data penyakit,Row 343,januari/februari,51,51,suspected_shifted_february,anomaly fix
2026-08-13 08:39:33,data penyakit,Row 344,januari/februari,103,103,suspected_shifted_february,anomaly fix
2026-08-13 08:39:33,data penyakit,Row 345,januari/februari,419,419,suspected_shifted_february,anomaly fix
2026-08-13 08:39:33,data penyakit,Row 346,januari/februari,324,324,suspected_shifted_february,anomaly fix
2026-08-13 08:39:33,data penyakit,Row 347,januari/februari,164,164,suspected_shifted_february,anomaly fix
2026-08-13 08:39:33,data penyakit,Row 348,januari/februari,197,197,suspected_shifted_february,anomaly fix
2026-08-13 08:39:33,data penyakit,Row 349,januari/februari,29,29,suspected_shifted_february,anomaly fix
2026-08-13 08:39:33,data penyakit,Row 350,januari/februari,1,1,suspected_shifted_february,anomaly fix
2026-08-13 08:39:33,data penyakit,Row 351,januari/februari,0,0,suspected_shifted_february,anomaly fix
2026-08-13 08:39:33,data penyakit,Row 352,januari/februari,1,1,suspected_shifted_february,anomaly fix
2026-08-13 08:39:33,data penyakit,Row 353,januari/februari,136,136,suspected_shifted_february,anomaly fix
2026-08-13 08:39:33,data penyakit,Row 354,januari/februari,43,43,suspected_shifted_february,anomaly fix
2026-08-13 08:39:33,data penyakit,Row 355,januari/februari,1,1,suspected_shifted_february,anomaly fix
2026-08-13 08:39:33,data penyakit,Row 356,januari/februari,266,266,suspected_shifted_february,anomaly fix
2026-08-13 08:39:33,data penyakit,Row 357,januari/februari,192,192,suspected_shifted_february,anomaly fix
2026-08-13 08:39:33,data penyakit,Row 358,januari/februari,17,17,suspected_shifted_february,anomaly fix
2026-08-13 08:39:33,data penyakit,Row 359,januari/februari,8,8,suspected_shifted_february,anomaly fix
2026-08-13 08:39:33,data penyakit,Row 360,januari/februari,101,101,suspected_shifted_february,anomaly fix
2026-08-13 08:39:33,data penyakit,Row 361,januari/februari,14,14,suspected_shifted_february,anomaly fix
2026-08-13 08:39:33,data penyakit,Row 362,januari/februari,32,32,suspected_shifted_february,anomaly fix
2026-08-13 08:39:33,data penyakit,Row 363,januari/februari,59,59,suspected_shifted_february,anomaly fix
2026-08-13 08:39:33,data penyakit,Row 364,januari/februari,60,60,suspected_shifted_february,anomaly fix
2026-08-13 08:39:33,data penyakit,Row 365,januari/februari,116,116,suspected_shifted_february,anomaly fix
2026-08-13 08:39:33,data penyakit,Row 366,januari/februari,674,674,suspected_shifted_february,anomaly fix
2026-08-13 08:39:33,data penyakit,Row 367,januari/februari,339,339,suspected_shifted_february,anomaly fix
2026-08-13 08:39:33,data penyakit,Row 368,januari/februari,139,139,suspected_shifted_february,anomaly fix
2026-08-13 08:39:33,data penyakit,Row 369,januari/februari,155,155,suspected_shifted_february,anomaly fix
2026-08-13 08:39:33,data penyakit,Row 370,januari/februari,37,37,suspected_shifted_february,anomaly fix
2026-08-13 08:39:33,data penyakit,Row 371,januari/februari,11,11,suspected_shifted_february,anomaly fix
2026-08-13 08:39:33,data penyakit,Row 372,januari/februari,6,6,suspected_shifted_february,anomaly fix
2026-08-13 08:39:33,data penyakit,Row 373,januari/februari,3,3,suspected_shifted_february,anomaly fix
2026-08-13 08:39:33,data penyakit,Row 374,januari/februari,150,150,suspected_shifted_february,anomaly fix
2026-08-13 08:39:33,data penyakit,Row 375,januari/februari,60,60,suspected_shifted_february,anomaly fix
2026-08-13 08:39:33,data penyakit,Row 376,januari/februari,3,3,suspected_shifted_february,anomaly fix
2026-08-13 08:39:33,data penyakit,Row 377,januari/februari,356,356,suspected_shifted_february,anomaly fix
2026-08-13 08:39:33,data penyakit,Row 378,januari/februari,297,297,suspected_shifted_february,anomaly fix
2026-08-13 08:39:33,data penyakit,Row 379,januari/februari,44,44,suspected_shifted_february,anomaly fix
2026-08-13 08:39:33,data penyakit,Row 380,januari/februari,11,11,suspected_shifted_february,anomaly fix
2026-08-13 08:39:33,data penyakit,Row 381,januari/februari,421,421,suspected_shifted_february,anomaly fix
2026-08-13 08:39:33,data penyakit,Row 382,januari/februari,60,60,suspected_shifted_february,anomaly fix
2026-08-13 08:39:33,data penyakit,Row 383,januari/februari,70,70,suspected_shifted_february,anomaly fix
2026-08-13 08:39:33,data penyakit,Row 384,januari/februari,249,249,suspected_shifted_february,anomaly fix
2026-08-13 08:39:33,data penyakit,Row 385,januari/februari,101,101,suspected_shifted_february,anomaly fix
2026-08-13 08:39:33,data penyakit,Row 386,januari/februari,559,559,suspected_shifted_february,anomaly fix
2026-08-13 08:39:33,data penyakit,Row 387,januari/februari,912,912,suspected_shifted_february,anomaly fix
2026-08-13 08:39:33,data penyakit,Row 388,januari/februari,694,694,suspected_shifted_february,anomaly fix
2026-08-13 08:39:33,data penyakit,Row 389,januari/februari,185,185,suspected_shifted_february,anomaly fix
2026-08-13 08:39:33,data penyakit,Row 390,januari/februari,310,310,suspected_shifted_february,anomaly fix
2026-08-13 08:39:33,data penyakit,Row 391,januari/februari,104,104,suspected_shifted_february,anomaly fix
2026-08-13 08:39:33,data penyakit,Row 392,januari/februari,10,10,suspected_shifted_february,anomaly fix
2026-08-13 08:39:33,data penyakit,Row 393,januari/februari,1,1,suspected_shifted_february,anomaly fix
2026-08-13 08:39:33,data penyakit,Row 394,januari/februari,3,3,suspected_shifted_february,anomaly fix
2026-08-13 08:39:33,data penyakit,Row 395,januari/februari,230,230,suspected_shifted_february,anomaly fix
2026-08-13 08:39:33,data penyakit,Row 396,januari/februari,122,122,suspected_shifted_february,anomaly fix
2026-08-13 08:39:33,data penyakit,Row 397,januari/februari,4,4,suspected_shifted_february,anomaly fix
2026-08-13 08:39:33,data penyakit,Row 398,januari/februari,892,892,suspected_shifted_february,anomaly fix
2026-08-13 08:39:33,data penyakit,Row 399,januari/februari,98,98,suspected_shifted_february,anomaly fix
2026-08-13 08:39:33,data penyakit,Row 400,januari/februari,5,5,suspected_shifted_february,anomaly fix
2026-08-13 08:39:33,data penyakit,Row 401,januari/februari,1,1,suspected_shifted_february,anomaly fix
2026-08-13 08:39:33,data penyakit,Row 402,januari/februari,43,43,suspected_shifted_february,anomaly fix
2026-08-13 08:39:33,data penyakit,Row 403,januari/februari,21,21,suspected_shifted_february,anomaly fix
2026-08-13 08:39:33,data penyakit,Row 404,januari/februari,8,8,suspected_shifted_february,anomaly fix
2026-08-13 08:39:33,data penyakit,Row 405,januari/februari,18,18,suspected_shifted_february,anomaly fix
2026-08-13 08:39:33,data penyakit,Row 406,januari/februari,14,14,suspected_shifted_february,anomaly fix
2026-08-13 08:39:33,data penyakit,Row 407,januari/februari,50,50,suspected_shifted_february,anomaly fix
2026-08-13 08:39:33,data penyakit,Row 408,januari/februari,298,298,suspected_shifted_february,anomaly fix
2026-08-13 08:39:33,data penyakit,Row 409,januari/februari,391,391,suspected_shifted_february,anomaly fix
2026-08-13 08:39:33,data penyakit,Row 410,januari/februari,60,60,suspected_shifted_february,anomaly fix
2026-08-13 08:39:33,data penyakit,Row 411,januari/februari,121,121,suspected_shifted_february,anomaly fix
2026-08-13 08:39:33,data penyakit,Row 412,januari/februari,14,14,suspected_shifted_february,anomaly fix
2026-08-13 08:39:33,data penyakit,Row 413,januari/februari,0,0,suspected_shifted_february,anomaly fix
2026-08-13 08:39:33,data penyakit,Row 414,januari/februari,0,0,suspected_shifted_february,anomaly fix
2026-08-13 08:39:33,data penyakit,Row 415,januari/februari,1,1,suspected_shifted_february,anomaly fix
2026-08-13 08:39:33,data penyakit,Row 416,januari/februari,27,27,suspected_shifted_february,anomaly fix
2026-08-13 08:39:33,data penyakit,Row 417,januari/februari,16,16,suspected_shifted_february,anomaly fix
2026-08-13 08:39:33,data penyakit,Row 418,januari/februari,1,1,suspected_shifted_february,anomaly fix
2026-08-13 08:39:33,data penyakit,Row 419,januari/februari,227,227,suspected_shifted_february,anomaly fix
2026-08-13 08:39:33,data penyakit,Row 420,januari/februari,194,194,suspected_shifted_february,anomaly fix
2026-08-13 08:39:33,data penyakit,Row 421,januari/februari,15,15,suspected_shifted_february,anomaly fix
2026-08-13 08:39:33,data penyakit,Row 422,januari/februari,3,3,suspected_shifted_february,anomaly fix
2026-08-13 08:39:33,data penyakit,Row 423,januari/februari,130,130,suspected_shifted_february,anomaly fix
2026-08-13 08:39:33,data penyakit,Row 424,januari/februari,14,14,suspected_shifted_february,anomaly fix
2026-08-13 08:39:33,data penyakit,Row 425,januari/februari,39,39,suspected_shifted_february,anomaly fix
2026-08-13 08:39:33,data penyakit,Row 426,januari/februari,96,96,suspected_shifted_february,anomaly fix
2026-08-13 08:39:33,data penyakit,Row 427,januari/februari,80,80,suspected_shifted_february,anomaly fix
2026-08-13 08:39:33,data penyakit,Row 428,januari/februari,115,115,suspected_shifted_february,anomaly fix
2026-08-13 08:39:33,data penyakit,Row 429,januari/februari,659,659,suspected_shifted_february,anomaly fix
2026-08-13 08:39:33,data penyakit,Row 430,januari/februari,433,433,suspected_shifted_february,anomaly fix
2026-08-13 08:39:33,data penyakit,Row 431,januari/februari,127,127,suspected_shifted_february,anomaly fix
2026-08-13 08:39:33,data penyakit,Row 432,januari/februari,172,172,suspected_shifted_february,anomaly fix
2026-08-13 08:39:33,data penyakit,Row 433,januari/februari,37,37,suspected_shifted_february,anomaly fix
2026-08-13 08:39:33,data penyakit,Row 434,januari/februari,3,3,suspected_shifted_february,anomaly fix
2026-08-13 08:39:33,data penyakit,Row 435,januari/februari,1,1,suspected_shifted_february,anomaly fix
2026-08-13 08:39:33,data penyakit,Row 436,januari/februari,1,1,suspected_shifted_february,anomaly fix
2026-08-13 08:39:33,data penyakit,Row 437,januari/februari,65,65,suspected_shifted_february,anomaly fix
2026-08-13 08:39:33,data penyakit,Row 438,januari/februari,62,62,suspected_shifted_february,anomaly fix
2026-08-13 08:39:33,data penyakit,Row 439,januari/februari,0,0,suspected_shifted_february,anomaly fix
2026-08-13 08:39:33,data penyakit,Row 440,januari/februari,445,445,suspected_shifted_february,anomaly fix
2026-08-13 08:39:33,data penyakit,Row 441,januari/februari,381,381,suspected_shifted_february,anomaly fix
2026-08-13 08:39:33,data penyakit,Row 442,januari/februari,26,26,suspected_shifted_february,anomaly fix
2026-08-13 08:39:33,data penyakit,Row 443,januari/februari,17,17,suspected_shifted_february,anomaly fix
2026-08-13 08:39:33,data penyakit,Row 444,januari/februari,276,276,suspected_shifted_february,anomaly fix
2026-08-13 08:39:33,data penyakit,Row 445,januari/februari,33,33,suspected_shifted_february,anomaly fix
2026-08-13 08:39:33,data penyakit,Row 446,januari/februari,59,59,suspected_shifted_february,anomaly fix
2026-08-13 08:39:33,data penyakit,Row 447,januari/februari,131,131,suspected_shifted_february,anomaly fix
2026-08-13 08:39:33,data penyakit,Row 448,januari/februari,113,113,suspected_shifted_february,anomaly fix
2026-08-13 08:39:33,data penyakit,Row 449,januari/februari,314,314,suspected_shifted_february,anomaly fix
2026-08-13 08:39:33,data penyakit,Row 450,januari/februari,1057,1057,suspected_shifted_february,anomaly fix
2026-08-13 08:39:33,data penyakit,Row 451,januari/februari,815,815,suspected_shifted_february,anomaly fix
2026-08-13 08:39:33,data penyakit,Row 452,januari/februari,214,214,suspected_shifted_february,anomaly fix
2026-08-13 08:39:33,data penyakit,Row 453,januari/februari,371,371,suspected_shifted_february,anomaly fix
2026-08-13 08:39:33,data penyakit,Row 454,januari/februari,102,102,suspected_shifted_february,anomaly fix
2026-08-13 08:39:33,data penyakit,Row 455,januari/februari,9,9,suspected_shifted_february,anomaly fix
2026-08-13 08:39:33,data penyakit,Row 456,januari/februari,8,8,suspected_shifted_february,anomaly fix
2026-08-13 08:39:33,data penyakit,Row 457,januari/februari,4,4,suspected_shifted_february,anomaly fix
2026-08-13 08:39:33,data penyakit,Row 458,januari/februari,312,312,suspected_shifted_february,anomaly fix
2026-08-13 08:39:33,data penyakit,Row 459,januari/februari,93,93,suspected_shifted_february,anomaly fix
2026-08-13 08:39:33,data penyakit,Row 460,januari/februari,0,0,suspected_shifted_february,anomaly fix
2026-08-13 08:39:33,data penyakit,Row 461,januari/februari,689,689,suspected_shifted_february,anomaly fix
2026-08-13 08:39:33,data penyakit,Row 462,januari/februari,139,139,suspected_shifted_february,anomaly fix
2026-08-13 08:39:33,data penyakit,Row 463,januari/februari,4,4,suspected_shifted_february,anomaly fix
2026-08-13 08:39:33,data penyakit,Row 464,januari/februari,1,1,suspected_shifted_february,anomaly fix
2026-08-13 08:39:33,data penyakit,Row 465,januari/februari,54,54,suspected_shifted_february,anomaly fix
2026-08-13 08:39:33,data penyakit,Row 466,januari/februari,12,12,suspected_shifted_february,anomaly fix
2026-08-13 08:39:33,data penyakit,Row 467,januari/februari,13,13,suspected_shifted_february,anomaly fix
2026-08-13 08:39:33,data penyakit,Row 468,januari/februari,42,42,suspected_shifted_february,anomaly fix
2026-08-13 08:39:33,data penyakit,Row 469,januari/februari,35,35,suspected_shifted_february,anomaly fix
2026-08-13 08:39:33,data penyakit,Row 470,januari/februari,47,47,suspected_shifted_february,anomaly fix
2026-08-13 08:39:33,data penyakit,Row 471,januari/februari,534,534,suspected_shifted_february,anomaly fix
2026-08-13 08:39:33,data penyakit,Row 472,januari/februari,411,411,suspected_shifted_february,anomaly fix
2026-08-13 08:39:33,data penyakit,Row 473,januari/februari,97,97,suspected_shifted_february,anomaly fix
2026-08-13 08:39:33,data penyakit,Row 474,januari/februari,182,182,suspected_shifted_february,anomaly fix
2026-08-13 08:39:33,data penyakit,Row 475,januari/februari,29,29,suspected_shifted_february,anomaly fix
2026-08-13 08:39:33,data penyakit,Row 476,januari/februari,46,46,suspected_shifted_february,anomaly fix
2026-08-13 08:39:33,data penyakit,Row 477,januari/februari,0,0,suspected_shifted_february,anomaly fix
2026-08-13 08:39:33,data penyakit,Row 478,januari/februari,0,0,suspected_shifted_february,anomaly fix
2026-08-13 08:39:33,data penyakit,Row 479,januari/februari,138,138,suspected_shifted_february,anomaly fix
2026-08-13 08:39:33,data penyakit,Row 480,januari/februari,22,22,suspected_shifted_february,anomaly fix
2026-08-13 08:39:33,data penyakit,Row 481,januari/februari,1,1,suspected_shifted_february,anomaly fix
2026-08-13 08:39:33,data penyakit,Row 482,januari/februari,452,452,suspected_shifted_february,anomaly fix
2026-08-13 08:39:33,data penyakit,Row 483,januari/februari,142,142,suspected_shifted_february,anomaly fix
2026-08-13 08:39:33,data penyakit,Row 484,januari/februari,12,12,suspected_shifted_february,anomaly fix
2026-08-13 08:39:33,data penyakit,Row 485,januari/februari,3,3,suspected_shifted_february,anomaly fix
2026-08-13 08:39:33,data penyakit,Row 486,januari/februari,165,165,suspected_shifted_february,anomaly fix
2026-08-13 08:39:33,data penyakit,Row 487,januari/februari,16,16,suspected_shifted_february,anomaly fix
2026-08-13 08:39:33,data penyakit,Row 488,januari/februari,20,20,suspected_shifted_february,anomaly fix
2026-08-13 08:39:33,data penyakit,Row 489,januari/februari,74,74,suspected_shifted_february,anomaly fix
2026-08-13 08:39:33,data penyakit,Row 490,januari/februari,46,46,suspected_shifted_february,anomaly fix
2026-08-13 08:39:33,data penyakit,Row 491,januari/februari,112,112,suspected_shifted_february,anomaly fix
2026-08-13 08:39:33,data penyakit,Row 492,januari/februari,481,481,suspected_shifted_february,anomaly fix
2026-08-13 08:39:33,data penyakit,Row 493,januari/februari,261,261,suspected_shifted_february,anomaly fix
2026-08-13 08:39:33,data penyakit,Row 494,januari/februari,115,115,suspected_shifted_february,anomaly fix
2026-08-13 08:39:33,data penyakit,Row 495,januari/februari,102,102,suspected_shifted_february,anomaly fix
2026-08-13 08:39:33,data penyakit,Row 496,januari/februari,51,51,suspected_shifted_february,anomaly fix
2026-08-13 08:39:33,data penyakit,Row 497,januari/februari,2,2,suspected_shifted_february,anomaly fix
2026-08-13 08:39:33,data penyakit,Row 498,januari/februari,5,5,suspected_shifted_february,anomaly fix
2026-08-13 08:39:33,data penyakit,Row 499,januari/februari,5,5,suspected_shifted_february,anomaly fix
2026-08-13 08:39:33,data penyakit,Row 500,januari/februari,145,145,suspected_shifted_february,anomaly fix
2026-08-13 08:39:33,data penyakit,Row 501,januari/februari,49,49,suspected_shifted_february,anomaly fix
2026-08-13 08:39:33,data penyakit,Row 502,januari/februari,4,4,suspected_shifted_february,anomaly fix
2026-08-13 08:39:33,data penyakit,Row 503,januari/februari,214,214,suspected_shifted_february,anomaly fix
2026-08-13 08:39:33,data penyakit,Row 504,januari/februari,160,160,suspected_shifted_february,anomaly fix
2026-08-13 08:39:33,data penyakit,Row 505,januari/februari,20,20,suspected_shifted_february,anomaly fix
2026-08-13 08:39:33,data penyakit,Row 506,januari/februari,3,3,suspected_shifted_february,anomaly fix
2026-08-13 08:39:33,data penyakit,Row 507,januari/februari,148,148,suspected_shifted_february,anomaly fix
2026-08-13 08:39:33,data penyakit,Row 508,januari/februari,10,10,suspected_shifted_february,anomaly fix
2026-08-13 08:39:33,data penyakit,Row 509,januari/februari,34,34,suspected_shifted_february,anomaly fix
2026-08-13 08:39:33,data penyakit,Row 510,januari/februari,62,62,suspected_shifted_february,anomaly fix
2026-08-13 08:39:33,data penyakit,Row 511,januari/februari,59,59,suspected_shifted_february,anomaly fix
2026-08-13 08:39:33,data penyakit,Row 512,januari/februari,164,164,suspected_shifted_february,anomaly fix
2026-08-13 08:39:33,data penyakit,Row 513,januari/februari,624,624,suspected_shifted_february,anomaly fix
2026-08-13 08:39:33,data penyakit,Row 514,januari/februari,434,434,suspected_shifted_february,anomaly fix
2026-08-13 08:39:33,data penyakit,Row 515,januari/februari,142,142,suspected_shifted_february,anomaly fix
2026-08-13 08:39:33,data penyakit,Row 516,januari/februari,329,329,suspected_shifted_february,anomaly fix
2026-08-13 08:39:33,data penyakit,Row 517,januari/februari,32,32,suspected_shifted_february,anomaly fix
2026-08-13 08:39:33,data penyakit,Row 518,januari/februari,7,7,suspected_shifted_february,anomaly fix
2026-08-13 08:39:33,data penyakit,Row 519,januari/februari,0,0,suspected_shifted_february,anomaly fix
2026-08-13 08:39:33,data penyakit,Row 520,januari/februari,2,2,suspected_shifted_february,anomaly fix
2026-08-13 08:39:33,data penyakit,Row 521,januari/februari,101,101,suspected_shifted_february,anomaly fix
2026-08-13 08:39:33,data penyakit,Row 522,januari/februari,49,49,suspected_shifted_february,anomaly fix
2026-08-13 08:39:33,data penyakit,Row 523,januari/februari,2,2,suspected_shifted_february,anomaly fix
2026-08-13 08:39:33,data penyakit,Row 524,januari/februari,271,271,suspected_shifted_february,anomaly fix
2026-08-13 08:39:33,data penyakit,Row 525,januari/februari,66,66,suspected_shifted_february,anomaly fix
2026-08-13 08:39:33,data penyakit,Row 526,januari/februari,8,8,suspected_shifted_february,anomaly fix
2026-08-13 08:39:33,data penyakit,Row 527,januari/februari,0,0,suspected_shifted_february,anomaly fix
2026-08-13 08:39:33,data penyakit,Row 528,januari/februari,57,57,suspected_shifted_february,anomaly fix
2026-08-13 08:39:33,data penyakit,Row 529,januari/februari,2,2,suspected_shifted_february,anomaly fix
2026-08-13 08:39:33,data penyakit,Row 530,januari/februari,12,12,suspected_shifted_february,anomaly fix
2026-08-13 08:39:33,data penyakit,Row 531,januari/februari,38,38,suspected_shifted_february,anomaly fix
2026-08-13 08:39:33,data penyakit,Row 532,januari/februari,31,31,suspected_shifted_february,anomaly fix
2026-08-13 08:39:33,data penyakit,Row 533,januari/februari,49,49,suspected_shifted_february,anomaly fix
2026-08-13 08:39:33,data penyakit,Row 534,januari/februari,161,161,suspected_shifted_february,anomaly fix
2026-08-13 08:39:33,data penyakit,Row 535,januari/februari,363,363,suspected_shifted_february,anomaly fix
2026-08-13 08:39:33,data penyakit,Row 536,januari/februari,29,29,suspected_shifted_february,anomaly fix
2026-08-13 08:39:33,data penyakit,Row 537,januari/februari,68,68,suspected_shifted_february,anomaly fix
2026-08-13 08:39:33,data penyakit,Row 538,januari/februari,18,18,suspected_shifted_february,anomaly fix
2026-08-13 08:39:33,data penyakit,Row 539,januari/februari,2,2,suspected_shifted_february,anomaly fix
2026-08-13 08:39:33,data penyakit,Row 540,januari/februari,1,1,suspected_shifted_february,anomaly fix
2026-08-13 08:39:33,data penyakit,Row 541,januari/februari,0,0,suspected_shifted_february,anomaly fix
2026-08-13 08:39:33,data penyakit,Row 542,januari/februari,70,70,suspected_shifted_february,anomaly fix
2026-08-13 08:39:33,data penyakit,Row 543,januari/februari,14,14,suspected_shifted_february,anomaly fix
2026-08-13 08:39:33,data penyakit,Row 544,januari/februari,5,5,suspected_shifted_february,anomaly fix
2026-08-13 08:39:33,data penyakit,Row 545,januari/februari,301,301,suspected_shifted_february,anomaly fix
2026-08-13 08:39:33,data penyakit,Row 546,januari/februari,272,272,suspected_shifted_february,anomaly fix
2026-08-13 08:39:33,data penyakit,Row 547,januari/februari,31,31,suspected_shifted_february,anomaly fix
2026-08-13 08:39:33,data penyakit,Row 548,januari/februari,8,8,suspected_shifted_february,anomaly fix
2026-08-13 08:39:33,data penyakit,Row 549,januari/februari,98,98,suspected_shifted_february,anomaly fix
2026-08-13 08:39:33,data penyakit,Row 550,januari/februari,18,18,suspected_shifted_february,anomaly fix
2026-08-13 08:39:33,data penyakit,Row 551,januari/februari,79,79,suspected_shifted_february,anomaly fix
2026-08-13 08:39:33,data penyakit,Row 552,januari/februari,77,77,suspected_shifted_february,anomaly fix
2026-08-13 08:39:33,data penyakit,Row 553,januari/februari,86,86,suspected_shifted_february,anomaly fix
2026-08-13 08:39:33,data penyakit,Row 554,januari/februari,121,121,suspected_shifted_february,anomaly fix
2026-08-13 08:39:33,data penyakit,Row 555,januari/februari,1021,1021,suspected_shifted_february,anomaly fix
2026-08-13 08:39:33,data penyakit,Row 556,januari/februari,528,528,suspected_shifted_february,anomaly fix
2026-08-13 08:39:33,data penyakit,Row 557,januari/februari,198,198,suspected_shifted_february,anomaly fix
2026-08-13 08:39:33,data penyakit,Row 558,januari/februari,229,229,suspected_shifted_february,anomaly fix
2026-08-13 08:39:33,data penyakit,Row 559,januari/februari,47,47,suspected_shifted_february,anomaly fix
2026-08-13 08:39:33,data penyakit,Row 560,januari/februari,23,23,suspected_shifted_february,anomaly fix
2026-08-13 08:39:33,data penyakit,Row 561,januari/februari,5,5,suspected_shifted_february,anomaly fix
2026-08-13 08:39:33,data penyakit,Row 562,januari/februari,1,1,suspected_shifted_february,anomaly fix
2026-08-13 08:39:33,data penyakit,Row 563,januari/februari,200,200,suspected_shifted_february,anomaly fix
2026-08-13 08:39:33,data penyakit,Row 564,januari/februari,67,67,suspected_shifted_february,anomaly fix
2026-08-13 08:39:33,data penyakit,Row 565,januari/februari,1,1,suspected_shifted_february,anomaly fix
2026-08-13 08:39:33,data penyakit,Row 566,januari/februari,482,482,suspected_shifted_february,anomaly fix
2026-08-13 08:39:33,data penyakit,Row 567,januari/februari,113,113,suspected_shifted_february,anomaly fix
2026-08-13 08:39:33,data penyakit,Row 568,januari/februari,12,12,suspected_shifted_february,anomaly fix
2026-08-13 08:39:33,data penyakit,Row 569,januari/februari,1,1,suspected_shifted_february,anomaly fix
2026-08-13 08:39:33,data penyakit,Row 570,januari/februari,37,37,suspected_shifted_february,anomaly fix
2026-08-13 08:39:33,data penyakit,Row 571,januari/februari,10,10,suspected_shifted_february,anomaly fix
2026-08-13 08:39:33,data penyakit,Row 572,januari/februari,7,7,suspected_shifted_february,anomaly fix
2026-08-13 08:39:33,data penyakit,Row 573,januari/februari,56,56,suspected_shifted_february,anomaly fix
2026-08-13 08:39:33,data penyakit,Row 574,januari/februari,45,45,suspected_shifted_february,anomaly fix
2026-08-13 08:39:33,data penyakit,Row 575,januari/februari,33,33,suspected_shifted_february,anomaly fix
2026-08-13 08:39:33,data penyakit,Row 576,januari/februari,503,503,suspected_shifted_february,anomaly fix
2026-08-13 08:39:33,data penyakit,Row 577,januari/februari,415,415,suspected_shifted_february,anomaly fix
2026-08-13 08:39:33,data penyakit,Row 578,januari/februari,103,103,suspected_shifted_february,anomaly fix
2026-08-13 08:39:33,data penyakit,Row 579,januari/februari,146,146,suspected_shifted_february,anomaly fix
2026-08-13 08:39:33,data penyakit,Row 580,januari/februari,39,39,suspected_shifted_february,anomaly fix
2026-08-13 08:39:33,data penyakit,Row 581,januari/februari,35,35,suspected_shifted_february,anomaly fix
2026-08-13 08:39:33,data penyakit,Row 582,januari/februari,3,3,suspected_shifted_february,anomaly fix
2026-08-13 08:39:33,data penyakit,Row 583,januari/februari,1,1,suspected_shifted_february,anomaly fix
2026-08-13 08:39:33,data penyakit,Row 584,januari/februari,110,110,suspected_shifted_february,anomaly fix
2026-08-13 08:39:33,data penyakit,Row 585,januari/februari,43,43,suspected_shifted_february,anomaly fix
2026-08-13 08:39:33,data penyakit,Row 586,januari/februari,0,0,suspected_shifted_february,anomaly fix
2026-08-13 08:39:33,data penyakit,Row 587,januari/februari,311,311,suspected_shifted_february,anomaly fix
2026-08-13 08:39:33,data penyakit,Row 588,januari/februari,145,145,suspected_shifted_february,anomaly fix
2026-08-13 08:39:33,data penyakit,Row 589,januari/februari,17,17,suspected_shifted_february,anomaly fix
2026-08-13 08:39:33,data penyakit,Row 590,januari/februari,6,6,suspected_shifted_february,anomaly fix
2026-08-13 08:39:33,data penyakit,Row 591,januari/februari,122,122,suspected_shifted_february,anomaly fix
2026-08-13 08:39:33,data penyakit,Row 592,januari/februari,7,7,suspected_shifted_february,anomaly fix
2026-08-13 08:39:33,data penyakit,Row 593,januari/februari,25,25,suspected_shifted_february,anomaly fix
2026-08-13 08:39:33,data penyakit,Row 594,januari/februari,45,45,suspected_shifted_february,anomaly fix
2026-08-13 08:39:33,data penyakit,Row 595,januari/februari,28,28,suspected_shifted_february,anomaly fix
2026-08-13 08:39:33,data penyakit,Row 596,januari/februari,102,102,suspected_shifted_february,anomaly fix
2026-08-13 08:39:33,data penyakit,Row 597,januari/februari,424,424,suspected_shifted_february,anomaly fix
2026-08-13 08:39:33,data penyakit,Row 598,januari/februari,299,299,suspected_shifted_february,anomaly fix
2026-08-13 08:39:33,data penyakit,Row 599,januari/februari,90,90,suspected_shifted_february,anomaly fix
2026-08-13 08:39:33,data penyakit,Row 600,januari/februari,112,112,suspected_shifted_february,anomaly fix
2026-08-13 08:39:33,data penyakit,Row 601,januari/februari,47,47,suspected_shifted_february,anomaly fix
2026-08-13 08:39:33,data penyakit,Row 602,januari/februari,2,2,suspected_shifted_february,anomaly fix
2026-08-13 08:39:33,data penyakit,Row 603,januari/februari,3,3,suspected_shifted_february,anomaly fix
2026-08-13 08:39:33,data penyakit,Row 604,januari/februari,2,2,suspected_shifted_february,anomaly fix
2026-08-13 08:39:33,data penyakit,Row 605,januari/februari,111,111,suspected_shifted_february,anomaly fix
2026-08-13 08:39:33,data penyakit,Row 606,januari/februari,35,35,suspected_shifted_february,anomaly fix
2026-08-13 08:39:33,data penyakit,Row 607,januari/februari,2,2,suspected_shifted_february,anomaly fix
2026-08-13 08:39:33,data penyakit,Row 608,januari/februari,388,388,suspected_shifted_february,anomaly fix
2026-08-13 08:39:33,data penyakit,Row 609,januari/februari,91,91,suspected_shifted_february,anomaly fix
2026-08-13 08:39:33,data penyakit,Row 610,januari/februari,13,13,suspected_shifted_february,anomaly fix
2026-08-13 08:39:33,data penyakit,Row 611,januari/februari,9,9,suspected_shifted_february,anomaly fix
2026-08-13 08:39:33,data penyakit,Row 612,januari/februari,80,80,suspected_shifted_february,anomaly fix
2026-08-13 08:39:33,data penyakit,Row 613,januari/februari,10,10,suspected_shifted_february,anomaly fix
2026-08-13 08:39:33,data penyakit,Row 614,januari/februari,65,65,suspected_shifted_february,anomaly fix
2026-08-13 08:39:33,data penyakit,Row 615,januari/februari,43,43,suspected_shifted_february,anomaly fix
2026-08-13 08:39:33,data penyakit,Row 616,januari/februari,54,54,suspected_shifted_february,anomaly fix
2026-08-13 08:39:33,data penyakit,Row 617,januari/februari,37,37,suspected_shifted_february,anomaly fix
2026-08-13 08:39:33,data penyakit,Row 618,januari/februari,423,423,suspected_shifted_february,anomaly fix
2026-08-13 08:39:33,data penyakit,Row 619,januari/februari,280,280,suspected_shifted_february,anomaly fix
2026-08-13 08:39:33,data penyakit,Row 620,januari/februari,74,74,suspected_shifted_february,anomaly fix
2026-08-13 08:39:33,data penyakit,Row 621,januari/februari,92,92,suspected_shifted_february,anomaly fix
2026-08-13 08:39:33,data penyakit,Row 622,januari/februari,52,52,suspected_shifted_february,anomaly fix
2026-08-13 08:39:33,data penyakit,Row 623,januari/februari,1,1,suspected_shifted_february,anomaly fix
2026-08-13 08:39:33,data penyakit,Row 624,januari/februari,0,0,suspected_shifted_february,anomaly fix
2026-08-13 08:39:33,data penyakit,Row 625,januari/februari,2,2,suspected_shifted_february,anomaly fix
2026-08-13 08:39:33,data penyakit,Row 626,januari/februari,50,50,suspected_shifted_february,anomaly fix
2026-08-13 08:39:33,data penyakit,Row 627,januari/februari,33,33,suspected_shifted_february,anomaly fix
2026-08-13 08:39:33,data penyakit,Row 628,januari/februari,3,3,suspected_shifted_february,anomaly fix
2026-08-13 08:39:33,data penyakit,Row 629,januari/februari,219,219,suspected_shifted_february,anomaly fix
2026-08-13 08:39:33,data penyakit,Row 630,januari/februari,238,238,suspected_shifted_february,anomaly fix
2026-08-13 08:39:33,data penyakit,Row 631,januari/februari,18,18,suspected_shifted_february,anomaly fix
2026-08-13 08:39:33,data penyakit,Row 632,januari/februari,7,7,suspected_shifted_february,anomaly fix
2026-08-13 08:39:33,data penyakit,Row 633,januari/februari,133,133,suspected_shifted_february,anomaly fix
2026-08-13 08:39:33,data penyakit,Row 634,januari/februari,16,16,suspected_shifted_february,anomaly fix
2026-08-13 08:39:33,data penyakit,Row 635,januari/februari,47,47,suspected_shifted_february,anomaly fix
2026-08-13 08:39:33,data penyakit,Row 636,januari/februari,114,114,suspected_shifted_february,anomaly fix
2026-08-13 08:39:33,data penyakit,Row 637,januari/februari,107,107,suspected_shifted_february,anomaly fix
2026-08-13 08:39:33,data penyakit,Row 638,januari/februari,79,79,suspected_shifted_february,anomaly fix
2026-08-13 08:39:33,data penyakit,Row 639,januari/februari,707,707,suspected_shifted_february,anomaly fix
2026-08-13 08:39:33,data penyakit,Row 640,januari/februari,645,645,suspected_shifted_february,anomaly fix
2026-08-13 08:39:33,data penyakit,Row 641,januari/februari,150,150,suspected_shifted_february,anomaly fix
2026-08-13 08:39:33,data penyakit,Row 642,januari/februari,175,175,suspected_shifted_february,anomaly fix
2026-08-13 08:39:33,data penyakit,Row 643,januari/februari,57,57,suspected_shifted_february,anomaly fix
2026-08-13 08:39:33,data penyakit,Row 644,januari/februari,18,18,suspected_shifted_february,anomaly fix
2026-08-13 08:39:33,data penyakit,Row 645,januari/februari,5,5,suspected_shifted_february,anomaly fix
2026-08-13 08:39:33,data penyakit,Row 646,januari/februari,5,5,suspected_shifted_february,anomaly fix
2026-08-13 08:39:33,data penyakit,Row 647,januari/februari,319,319,suspected_shifted_february,anomaly fix
2026-08-13 08:39:33,data penyakit,Row 648,januari/februari,63,63,suspected_shifted_february,anomaly fix
2026-08-13 08:39:33,data penyakit,Row 649,januari/februari,4,4,suspected_shifted_february,anomaly fix
2026-08-13 08:39:33,data penyakit,Row 650,januari/februari,511,511,suspected_shifted_february,anomaly fix
2026-08-13 08:39:33,data penyakit,Row 651,januari/februari,195,195,suspected_shifted_february,anomaly fix
2026-08-13 08:39:33,data penyakit,Row 652,januari/februari,19,19,suspected_shifted_february,anomaly fix
2026-08-13 08:39:33,data penyakit,Row 653,januari/februari,1,1,suspected_shifted_february,anomaly fix
2026-08-13 08:39:33,data penyakit,Row 654,januari/februari,103,103,suspected_shifted_february,anomaly fix
2026-08-13 08:39:33,data penyakit,Row 655,januari/februari,26,26,suspected_shifted_february,anomaly fix
2026-08-13 08:39:33,data penyakit,Row 656,januari/februari,35,35,suspected_shifted_february,anomaly fix
2026-08-13 08:39:33,data penyakit,Row 657,januari/februari,68,68,suspected_shifted_february,anomaly fix
2026-08-13 08:39:33,data penyakit,Row 658,januari/februari,93,93,suspected_shifted_february,anomaly fix
2026-08-13 08:39:33,data penyakit,Row 659,januari/februari,79,79,suspected_shifted_february,anomaly fix
2026-08-13 08:39:33,data penyakit,Row 660,januari/februari,676,676,suspected_shifted_february,anomaly fix
2026-08-13 08:39:33,data penyakit,Row 661,januari/februari,647,647,suspected_shifted_february,anomaly fix
2026-08-13 08:39:33,data penyakit,Row 662,januari/februari,140,140,suspected_shifted_february,anomaly fix
2026-08-13 08:39:33,data penyakit,Row 663,januari/februari,209,209,suspected_shifted_february,anomaly fix
2026-08-13 08:39:33,data penyakit,Row 664,januari/februari,54,54,suspected_shifted_february,anomaly fix
2026-08-13 08:39:33,data penyakit,Row 665,januari/februari,12,12,suspected_shifted_february,anomaly fix
2026-08-13 08:39:33,data penyakit,Row 666,januari/februari,6,6,suspected_shifted_february,anomaly fix
2026-08-13 08:39:33,data penyakit,Row 667,januari/februari,3,3,suspected_shifted_february,anomaly fix
2026-08-13 08:39:33,data penyakit,Row 668,januari/februari,338,338,suspected_shifted_february,anomaly fix
2026-08-13 08:39:33,data penyakit,Row 669,januari/februari,89,89,suspected_shifted_february,anomaly fix
2026-08-13 08:39:33,data penyakit,Row 670,januari/februari,5,5,suspected_shifted_february,anomaly fix
2026-08-13 08:39:33,data penyakit,Row 671,januari/februari,756,756,suspected_shifted_february,anomaly fix
2026-08-13 08:39:33,data penyakit,Row 672,januari/februari,173,173,suspected_shifted_february,anomaly fix
2026-08-13 08:39:33,data penyakit,Row 673,januari/februari,18,18,suspected_shifted_february,anomaly fix
2026-08-13 08:39:33,data penyakit,Row 674,januari/februari,1,1,suspected_shifted_february,anomaly fix
2026-08-13 08:39:33,data penyakit,Row 675,januari/februari,135,135,suspected_shifted_february,anomaly fix
2026-08-13 08:39:33,data penyakit,Row 676,januari/februari,14,14,suspected_shifted_february,anomaly fix
2026-08-13 08:39:33,data penyakit,Row 677,januari/februari,36,36,suspected_shifted_february,anomaly fix
2026-08-13 08:39:33,data penyakit,Row 678,januari/februari,91,91,suspected_shifted_february,anomaly fix
2026-08-13 08:39:33,data penyakit,Row 679,januari/februari,104,104,suspected_shifted_february,anomaly fix
2026-08-13 08:39:33,data penyakit,Row 680,januari/februari,163,163,suspected_shifted_february,anomaly fix
2026-08-13 08:39:33,data penyakit,Row 681,januari/februari,642,642,suspected_shifted_february,anomaly fix
2026-08-13 08:39:33,data penyakit,Row 682,januari/februari,530,530,suspected_shifted_february,anomaly fix
2026-08-13 08:39:33,data penyakit,Row 683,januari/februari,141,141,suspected_shifted_february,anomaly fix
2026-08-13 08:39:33,data penyakit,Row 684,januari/februari,237,237,suspected_shifted_february,anomaly fix
2026-08-13 08:39:33,data penyakit,Row 685,januari/februari,52,52,suspected_shifted_february,anomaly fix
2026-08-13 08:39:33,data penyakit,Row 686,januari/februari,21,21,suspected_shifted_february,anomaly fix
2026-08-13 08:39:33,data penyakit,Row 687,januari/februari,6,6,suspected_shifted_february,anomaly fix
2026-08-13 08:39:33,data penyakit,Row 688,januari/februari,1,1,suspected_shifted_february,anomaly fix
2026-08-13 08:39:33,data penyakit,Row 689,januari/februari,155,155,suspected_shifted_february,anomaly fix
2026-08-13 08:39:33,data penyakit,Row 690,januari/februari,69,69,suspected_shifted_february,anomaly fix
2026-08-13 08:39:33,data penyakit,Row 691,januari/februari,2,2,suspected_shifted_february,anomaly fix
2026-08-13 08:39:33,data penyakit,Row 692,januari/februari,242,242,suspected_shifted_february,anomaly fix
2026-08-13 08:39:33,data penyakit,Row 693,januari/februari,187,187,suspected_shifted_february,anomaly fix
2026-08-13 08:39:33,data penyakit,Row 694,januari/februari,30,30,suspected_shifted_february,anomaly fix
2026-08-13 08:39:33,data penyakit,Row 695,januari/februari,9,9,suspected_shifted_february,anomaly fix
2026-08-13 08:39:33,data penyakit,Row 696,januari/februari,160,160,suspected_shifted_february,anomaly fix
2026-08-13 08:39:33,data penyakit,Row 697,januari/februari,30,30,suspected_shifted_february,anomaly fix
2026-08-13 08:39:33,data penyakit,Row 698,januari/februari,47,47,suspected_shifted_february,anomaly fix
2026-08-13 08:39:33,data penyakit,Row 699,januari/februari,150,150,suspected_shifted_february,anomaly fix
2026-08-13 08:39:33,data penyakit,Row 700,januari/februari,94,94,suspected_shifted_february,anomaly fix
2026-08-13 08:39:33,data penyakit,Row 701,januari/februari,233,233,suspected_shifted_february,anomaly fix
2026-08-13 08:39:33,data penyakit,Row 702,januari/februari,700,700,suspected_shifted_february,anomaly fix
2026-08-13 08:39:33,data penyakit,Row 703,januari/februari,606,606,suspected_shifted_february,anomaly fix
2026-08-13 08:39:33,data penyakit,Row 704,januari/februari,144,144,suspected_shifted_february,anomaly fix
2026-08-13 08:39:33,data penyakit,Row 705,januari/februari,210,210,suspected_shifted_february,anomaly fix
2026-08-13 08:39:33,data penyakit,Row 706,januari/februari,65,65,suspected_shifted_february,anomaly fix
2026-08-13 08:39:33,data penyakit,Row 707,januari/februari,26,26,suspected_shifted_february,anomaly fix
2026-08-13 08:39:33,data penyakit,Row 708,januari/februari,0,0,suspected_shifted_february,anomaly fix
2026-08-13 08:39:33,data penyakit,Row 709,januari/februari,5,5,suspected_shifted_february,anomaly fix
2026-08-13 08:39:33,data penyakit,Row 710,januari/februari,224,224,suspected_shifted_february,anomaly fix
2026-08-13 08:39:33,data penyakit,Row 711,januari/februari,84,84,suspected_shifted_february,anomaly fix
2026-08-13 08:39:33,data penyakit,Row 712,januari/februari,3,3,suspected_shifted_february,anomaly fix
2026-08-13 08:39:33,data penyakit,Row 713,januari/februari,3556,3556,suspected_shifted_february,anomaly fix
2026-08-13 08:39:33,data penyakit,Row 714,januari/februari,224,224,suspected_shifted_february,anomaly fix
2026-08-13 08:39:33,data penyakit,Row 715,januari/februari,16,16,suspected_shifted_february,anomaly fix
2026-08-13 08:39:33,data penyakit,Row 716,januari/februari,4,4,suspected_shifted_february,anomaly fix
2026-08-13 08:39:33,data penyakit,Row 717,januari/februari,94,94,suspected_shifted_february,anomaly fix
2026-08-13 08:39:33,data penyakit,Row 718,januari/februari,13,13,suspected_shifted_february,anomaly fix
2026-08-13 08:39:33,data penyakit,Row 719,januari/februari,45,45,suspected_shifted_february,anomaly fix
2026-08-13 08:39:33,data penyakit,Row 720,januari/februari,44,44,suspected_shifted_february,anomaly fix
2026-08-13 08:39:33,data penyakit,Row 721,januari/februari,70,70,suspected_shifted_february,anomaly fix
2026-08-13 08:39:33,data penyakit,Row 722,januari/februari,97,97,suspected_shifted_february,anomaly fix
2026-08-13 08:39:33,data penyakit,Row 723,januari/februari,703,703,suspected_shifted_february,anomaly fix
2026-08-13 08:39:33,data penyakit,Row 724,januari/februari,139,139,suspected_shifted_february,anomaly fix
2026-08-13 08:39:33,data penyakit,Row 725,januari/februari,139,139,suspected_shifted_february,anomaly fix
2026-08-13 08:39:33,data penyakit,Row 726,januari/februari,162,162,suspected_shifted_february,anomaly fix
2026-08-13 08:39:33,data penyakit,Row 727,januari/februari,31,31,suspected_shifted_february,anomaly fix
2026-08-13 08:39:33,data penyakit,Row 728,januari/februari,15,15,suspected_shifted_february,anomaly fix
2026-08-13 08:39:33,data penyakit,Row 729,januari/februari,3,3,suspected_shifted_february,anomaly fix
2026-08-13 08:39:33,data penyakit,Row 730,januari/februari,0,0,suspected_shifted_february,anomaly fix
2026-08-13 08:39:33,data penyakit,Row 731,januari/februari,95,95,suspected_shifted_february,anomaly fix
2026-08-13 08:39:33,data penyakit,Row 732,januari/februari,28,28,suspected_shifted_february,anomaly fix
2026-08-13 08:39:33,data penyakit,Row 733,januari/februari,0,0,suspected_shifted_february,anomaly fix
2026-08-13 08:39:33,data penyakit,Row 734,januari/februari,378,378,suspected_shifted_february,anomaly fix
2026-08-13 08:39:33,data penyakit,Row 735,januari/februari,89,89,suspected_shifted_february,anomaly fix
2026-08-13 08:39:33,data penyakit,Row 736,januari/februari,15,15,suspected_shifted_february,anomaly fix
2026-08-13 08:39:33,data penyakit,Row 737,januari/februari,10,10,suspected_shifted_february,anomaly fix
2026-08-13 08:39:33,data penyakit,Row 738,januari/februari,58,58,suspected_shifted_february,anomaly fix
2026-08-13 08:39:33,data penyakit,Row 739,januari/februari,6,6,suspected_shifted_february,anomaly fix
2026-08-13 08:39:33,data penyakit,Row 740,januari/februari,10,10,suspected_shifted_february,anomaly fix
2026-08-13 08:39:33,data penyakit,Row 741,januari/februari,66,66,suspected_shifted_february,anomaly fix
2026-08-13 08:39:33,data penyakit,Row 742,januari/februari,23,23,suspected_shifted_february,anomaly fix
2026-08-13 08:39:33,data penyakit,Row 743,januari/februari,76,76,suspected_shifted_february,anomaly fix
2026-08-13 08:39:33,data penyakit,Row 744,januari/februari,295,295,suspected_shifted_february,anomaly fix
2026-08-13 08:39:33,data penyakit,Row 745,januari/februari,482,482,suspected_shifted_february,anomaly fix
2026-08-13 08:39:33,data penyakit,Row 746,januari/februari,64,64,suspected_shifted_february,anomaly fix
2026-08-13 08:39:33,data penyakit,Row 747,januari/februari,73,73,suspected_shifted_february,anomaly fix
2026-08-13 08:39:33,data penyakit,Row 748,januari/februari,25,25,suspected_shifted_february,anomaly fix
2026-08-13 08:39:33,data penyakit,Row 749,januari/februari,12,12,suspected_shifted_february,anomaly fix
2026-08-13 08:39:33,data penyakit,Row 750,januari/februari,2,2,suspected_shifted_february,anomaly fix
2026-08-13 08:39:33,data penyakit,Row 751,januari/februari,0,0,suspected_shifted_february,anomaly fix
2026-08-13 08:39:33,data penyakit,Row 752,januari/februari,91,91,suspected_shifted_february,anomaly fix
2026-08-13 08:39:33,data penyakit,Row 753,januari/februari,36,36,suspected_shifted_february,anomaly fix
2026-08-13 08:39:33,data penyakit,Row 754,januari/februari,1,1,suspected_shifted_february,anomaly fix
2026-08-13 08:39:33,data penyakit,Row 755,januari/februari,185,185,suspected_shifted_february,anomaly fix
2026-08-13 08:39:33,data penyakit,Row 756,januari/februari,176,176,suspected_shifted_february,anomaly fix
2026-08-13 08:39:33,data penyakit,Row 757,januari/februari,13,13,suspected_shifted_february,anomaly fix
2026-08-13 08:39:33,data penyakit,Row 758,januari/februari,1,1,suspected_shifted_february,anomaly fix
2026-08-13 08:39:33,data penyakit,Row 759,januari/februari,137,137,suspected_shifted_february,anomaly fix
2026-08-13 08:39:33,data penyakit,Row 760,januari/februari,50,50,suspected_shifted_february,anomaly fix
2026-08-13 08:39:33,data penyakit,Row 761,januari/februari,42,42,suspected_shifted_february,anomaly fix
2026-08-13 08:39:33,data penyakit,Row 762,januari/februari,94,94,suspected_shifted_february,anomaly fix
2026-08-13 08:39:33,data penyakit,Row 763,januari/februari,102,102,suspected_shifted_february,anomaly fix
2026-08-13 08:39:33,data penyakit,Row 764,januari/februari,122,122,suspected_shifted_february,anomaly fix
2026-08-13 08:39:33,data penyakit,Row 765,januari/februari,693,693,suspected_shifted_february,anomaly fix
2026-08-13 08:39:33,data penyakit,Row 766,januari/februari,395,395,suspected_shifted_february,anomaly fix
2026-08-13 08:39:33,data penyakit,Row 767,januari/februari,164,164,suspected_shifted_february,anomaly fix
2026-08-13 08:39:33,data penyakit,Row 768,januari/februari,233,233,suspected_shifted_february,anomaly fix
2026-08-13 08:39:33,data penyakit,Row 769,januari/februari,29,29,suspected_shifted_february,anomaly fix
2026-08-13 08:39:33,data penyakit,Row 770,januari/februari,52,52,suspected_shifted_february,anomaly fix
2026-08-13 08:39:33,data penyakit,Row 771,januari/februari,2,2,suspected_shifted_february,anomaly fix
2026-08-13 08:39:33,data penyakit,Row 772,januari/februari,7,7,suspected_shifted_february,anomaly fix
2026-08-13 08:39:33,data penyakit,Row 773,januari/februari,114,114,suspected_shifted_february,anomaly fix
2026-08-13 08:39:33,data penyakit,Row 774,januari/februari,79,79,suspected_shifted_february,anomaly fix
2026-08-13 08:39:33,data penyakit,Row 775,januari/februari,3,3,suspected_shifted_february,anomaly fix
2026-08-13 08:39:33,data penyakit,Row 776,januari/februari,543,543,suspected_shifted_february,anomaly fix
2026-08-13 08:39:33,data penyakit,Row 777,januari/februari,228,228,suspected_shifted_february,anomaly fix
2026-08-13 08:39:33,data penyakit,Row 778,januari/februari,18,18,suspected_shifted_february,anomaly fix
2026-08-13 08:39:33,data penyakit,Row 779,januari/februari,6,6,suspected_shifted_february,anomaly fix
2026-08-13 08:39:33,data penyakit,Row 780,januari/februari,136,136,suspected_shifted_february,anomaly fix
2026-08-13 08:39:33,data penyakit,Row 781,januari/februari,4,4,suspected_shifted_february,anomaly fix
2026-08-13 08:39:33,data penyakit,Row 782,januari/februari,36,36,suspected_shifted_february,anomaly fix
2026-08-13 08:39:33,data penyakit,Row 783,januari/februari,50,50,suspected_shifted_february,anomaly fix
2026-08-13 08:39:33,data penyakit,Row 784,januari/februari,84,84,suspected_shifted_february,anomaly fix
2026-08-13 08:39:33,data penyakit,Row 785,januari/februari,80,80,suspected_shifted_february,anomaly fix
2026-08-13 08:39:33,data penyakit,Row 786,januari/februari,741,741,suspected_shifted_february,anomaly fix
2026-08-13 08:39:33,data penyakit,Row 787,januari/februari,303,303,suspected_shifted_february,anomaly fix
2026-08-13 08:39:33,data penyakit,Row 788,januari/februari,163,163,suspected_shifted_february,anomaly fix
2026-08-13 08:39:33,data penyakit,Row 789,januari/februari,216,216,suspected_shifted_february,anomaly fix
2026-08-13 08:39:33,data penyakit,Row 790,januari/februari,35,35,suspected_shifted_february,anomaly fix
2026-08-13 08:39:33,data penyakit,Row 791,januari/februari,5,5,suspected_shifted_february,anomaly fix
2026-08-13 08:39:33,data penyakit,Row 792,januari/februari,0,0,suspected_shifted_february,anomaly fix
2026-08-13 08:39:33,data penyakit,Row 793,januari/februari,1,1,suspected_shifted_february,anomaly fix
2026-08-13 08:39:33,data penyakit,Row 794,januari/februari,128,128,suspected_shifted_february,anomaly fix
2026-08-13 08:39:33,data penyakit,Row 795,januari/februari,52,52,suspected_shifted_february,anomaly fix
2026-08-13 08:39:33,data penyakit,Row 796,januari/februari,1,1,suspected_shifted_february,anomaly fix
2026-08-13 08:39:33,data penyakit,Row 797,januari/februari,264,264,suspected_shifted_february,anomaly fix
2026-08-13 08:39:33,data penyakit,Row 798,januari/februari,198,198,suspected_shifted_february,anomaly fix
2026-08-13 08:39:33,data penyakit,Row 799,januari/februari,29,29,suspected_shifted_february,anomaly fix
2026-08-13 08:39:33,data penyakit,Row 800,januari/februari,1,1,suspected_shifted_february,anomaly fix
2026-08-13 08:39:33,data penyakit,Row 801,januari/februari,258,258,suspected_shifted_february,anomaly fix
2026-08-13 08:39:33,data penyakit,Row 802,januari/februari,29,29,suspected_shifted_february,anomaly fix
2026-08-13 08:39:33,data penyakit,Row 803,januari/februari,61,61,suspected_shifted_february,anomaly fix
2026-08-13 08:39:33,data penyakit,Row 804,januari/februari,101,101,suspected_shifted_february,anomaly fix
2026-08-13 08:39:33,data penyakit,Row 805,januari/februari,57,57,suspected_shifted_february,anomaly fix
2026-08-13 08:39:33,data penyakit,Row 806,januari/februari,211,211,suspected_shifted_february,anomaly fix
2026-08-13 08:39:33,data penyakit,Row 807,januari/februari,799,799,suspected_shifted_february,anomaly fix
2026-08-13 08:39:33,data penyakit,Row 808,januari/februari,437,437,suspected_shifted_february,anomaly fix
2026-08-13 08:39:33,data penyakit,Row 809,januari/februari,159,159,suspected_shifted_february,anomaly fix
2026-08-13 08:39:33,data penyakit,Row 810,januari/februari,222,222,suspected_shifted_february,anomaly fix
2026-08-13 08:39:33,data penyakit,Row 811,januari/februari,61,61,suspected_shifted_february,anomaly fix
2026-08-13 08:39:33,data penyakit,Row 812,januari/februari,8,8,suspected_shifted_february,anomaly fix
2026-08-13 08:39:33,data penyakit,Row 813,januari/februari,7,7,suspected_shifted_february,anomaly fix
2026-08-13 08:39:33,data penyakit,Row 814,januari/februari,1,1,suspected_shifted_february,anomaly fix
2026-08-13 08:39:33,data penyakit,Row 815,januari/februari,112,112,suspected_shifted_february,anomaly fix
2026-08-13 08:39:33,data penyakit,Row 816,januari/februari,64,64,suspected_shifted_february,anomaly fix
2026-08-13 08:39:33,data penyakit,Row 817,januari/februari,1,1,suspected_shifted_february,anomaly fix
2026-08-13 08:39:33,data penyakit,Row 818,januari/februari,1377,1377,suspected_shifted_february,anomaly fix
2026-08-13 08:39:33,data penyakit,Row 819,januari/februari,256,256,suspected_shifted_february,anomaly fix
2026-08-13 08:39:33,data penyakit,Row 820,januari/februari,10,10,suspected_shifted_february,anomaly fix
2026-08-13 08:39:33,data penyakit,Row 821,januari/februari,1,1,suspected_shifted_february,anomaly fix
2026-08-13 08:39:33,data penyakit,Row 822,januari/februari,71,71,suspected_shifted_february,anomaly fix
2026-08-13 08:39:33,data penyakit,Row 823,januari/februari,5,5,suspected_shifted_february,anomaly fix
2026-08-13 08:39:33,data penyakit,Row 824,januari/februari,38,38,suspected_shifted_february,anomaly fix
2026-08-13 08:39:33,data penyakit,Row 825,januari/februari,38,38,suspected_shifted_february,anomaly fix
2026-08-13 08:39:33,data penyakit,Row 826,januari/februari,41,41,suspected_shifted_february,anomaly fix
2026-08-13 08:39:33,data penyakit,Row 827,januari/februari,76,76,suspected_shifted_february,anomaly fix
2026-08-13 08:39:33,data penyakit,Row 828,januari/februari,1038,1038,suspected_shifted_february,anomaly fix
2026-08-13 08:39:33,data penyakit,Row 829,januari/februari,348,348,suspected_shifted_february,anomaly fix
2026-08-13 08:39:33,data penyakit,Row 830,januari/februari,121,121,suspected_shifted_february,anomaly fix
2026-08-13 08:39:33,data penyakit,Row 831,januari/februari,122,122,suspected_shifted_february,anomaly fix
2026-08-13 08:39:33,data penyakit,Row 832,januari/februari,12,12,suspected_shifted_february,anomaly fix
2026-08-13 08:39:33,data penyakit,Row 833,januari/februari,18,18,suspected_shifted_february,anomaly fix
2026-08-13 08:39:33,data penyakit,Row 834,januari/februari,2,2,suspected_shifted_february,anomaly fix
2026-08-13 08:39:33,data penyakit,Row 835,januari/februari,1,1,suspected_shifted_february,anomaly fix
2026-08-13 08:39:33,data penyakit,Row 836,januari/februari,49,49,suspected_shifted_february,anomaly fix
2026-08-13 08:39:33,data penyakit,Row 837,januari/februari,32,32,suspected_shifted_february,anomaly fix
2026-08-13 08:39:33,data penyakit,Row 838,januari/februari,1,1,suspected_shifted_february,anomaly fix
2026-08-13 08:39:33,data penyakit,Row 839,januari/februari,140,140,suspected_shifted_february,anomaly fix
2026-08-13 08:39:33,data penyakit,Row 840,januari/februari,176,176,suspected_shifted_february,anomaly fix
2026-08-13 08:39:33,data penyakit,Row 841,januari/februari,13,13,suspected_shifted_february,anomaly fix
2026-08-13 08:39:33,data penyakit,Row 842,januari/februari,4,4,suspected_shifted_february,anomaly fix
2026-08-13 08:39:33,data penyakit,Row 843,januari/februari,56,56,suspected_shifted_february,anomaly fix
2026-08-13 08:39:33,data penyakit,Row 844,januari/februari,7,7,suspected_shifted_february,anomaly fix
2026-08-13 08:39:33,data penyakit,Row 845,januari/februari,12,12,suspected_shifted_february,anomaly fix
2026-08-13 08:39:33,data penyakit,Row 846,januari/februari,59,59,suspected_shifted_february,anomaly fix
2026-08-13 08:39:33,data penyakit,Row 847,januari/februari,48,48,suspected_shifted_february,anomaly fix
2026-08-13 08:39:33,data penyakit,Row 848,januari/februari,91,91,suspected_shifted_february,anomaly fix
2026-08-13 08:39:33,data penyakit,Row 849,januari/februari,719,719,suspected_shifted_february,anomaly fix
2026-08-13 08:39:33,data penyakit,Row 850,januari/februari,334,334,suspected_shifted_february,anomaly fix
2026-08-13 08:39:33,data penyakit,Row 851,januari/februari,148,148,suspected_shifted_february,anomaly fix
2026-08-13 08:39:33,data penyakit,Row 852,januari/februari,171,171,suspected_shifted_february,anomaly fix
2026-08-13 08:39:33,data penyakit,Row 853,januari/februari,40,40,suspected_shifted_february,anomaly fix
2026-08-13 08:39:33,data penyakit,Row 854,januari/februari,1,1,suspected_shifted_february,anomaly fix
2026-08-13 08:39:33,data penyakit,Row 855,januari/februari,3,3,suspected_shifted_february,anomaly fix
2026-08-13 08:39:33,data penyakit,Row 856,januari/februari,0,0,suspected_shifted_february,anomaly fix
2026-08-13 08:39:33,data penyakit,Row 857,januari/februari,127,127,suspected_shifted_february,anomaly fix
2026-08-13 08:39:33,data penyakit,Row 858,januari/februari,53,53,suspected_shifted_february,anomaly fix
2026-08-13 08:39:33,data penyakit,Row 859,januari/februari,0,0,suspected_shifted_february,anomaly fix
2026-08-13 08:39:33,data penyakit,Row 860,januari/februari,171,171,suspected_shifted_february,anomaly fix
2026-08-13 08:39:33,data penyakit,Row 861,januari/februari,162,162,suspected_shifted_february,anomaly fix
2026-08-13 08:39:33,data penyakit,Row 862,januari/februari,31,31,suspected_shifted_february,anomaly fix
2026-08-13 08:39:33,data penyakit,Row 863,januari/februari,0,0,suspected_shifted_february,anomaly fix
2026-08-13 08:39:33,data penyakit,Row 864,januari/februari,107,107,suspected_shifted_february,anomaly fix
2026-08-13 08:39:33,data penyakit,Row 865,januari/februari,13,13,suspected_shifted_february,anomaly fix
2026-08-13 08:39:33,data penyakit,Row 866,januari/februari,15,15,suspected_shifted_february,anomaly fix
2026-08-13 08:39:33,data penyakit,Row 867,januari/februari,45,45,suspected_shifted_february,anomaly fix
2026-08-13 08:39:33,data penyakit,Row 868,januari/februari,50,50,suspected_shifted_february,anomaly fix
2026-08-13 08:39:33,data penyakit,Row 869,januari/februari,127,127,suspected_shifted_february,anomaly fix
2026-08-13 08:39:33,data penyakit,Row 870,januari/februari,737,737,suspected_shifted_february,anomaly fix
2026-08-13 08:39:33,data penyakit,Row 871,januari/februari,542,542,suspected_shifted_february,anomaly fix
2026-08-13 08:39:33,data penyakit,Row 872,januari/februari,130,130,suspected_shifted_february,anomaly fix
2026-08-13 08:39:33,data penyakit,Row 873,januari/februari,335,335,suspected_shifted_february,anomaly fix
2026-08-13 08:39:33,data penyakit,Row 874,januari/februari,44,44,suspected_shifted_february,anomaly fix
2026-08-13 08:39:33,data penyakit,Row 875,januari/februari,7,7,suspected_shifted_february,anomaly fix
2026-08-13 08:39:33,data penyakit,Row 876,januari/februari,1,1,suspected_shifted_february,anomaly fix
2026-08-13 08:39:33,data penyakit,Row 877,januari/februari,2,2,suspected_shifted_february,anomaly fix
2026-08-13 08:39:33,data penyakit,Row 878,januari/februari,89,89,suspected_shifted_february,anomaly fix
2026-08-13 08:39:33,data penyakit,Row 879,januari/februari,25,25,suspected_shifted_february,anomaly fix
2026-08-13 08:39:33,data penyakit,Row 880,januari/februari,0,0,suspected_shifted_february,anomaly fix
2026-08-13 08:39:33,data penyakit,Row 881,januari/februari,565,565,suspected_shifted_february,anomaly fix
2026-08-13 08:39:33,data penyakit,Row 882,januari/februari,203,203,suspected_shifted_february,anomaly fix
2026-08-13 08:39:33,data penyakit,Row 883,januari/februari,32,32,suspected_shifted_february,anomaly fix
2026-08-13 08:39:33,data penyakit,Row 884,januari/februari,5,5,suspected_shifted_february,anomaly fix
2026-08-13 08:39:33,data penyakit,Row 885,januari/februari,228,228,suspected_shifted_february,anomaly fix
2026-08-13 08:39:33,data penyakit,Row 886,januari/februari,47,47,suspected_shifted_february,anomaly fix
2026-08-13 08:39:33,data penyakit,Row 887,januari/februari,34,34,suspected_shifted_february,anomaly fix
2026-08-13 08:39:33,data penyakit,Row 888,januari/februari,160,160,suspected_shifted_february,anomaly fix
2026-08-13 08:39:33,data penyakit,Row 889,januari/februari,107,107,suspected_shifted_february,anomaly fix
2026-08-13 08:39:33,data penyakit,Row 890,januari/februari,275,275,suspected_shifted_february,anomaly fix
2026-08-13 08:39:33,data penyakit,Row 891,januari/februari,710,710,suspected_shifted_february,anomaly fix
2026-08-13 08:39:33,data penyakit,Row 892,januari/februari,567,567,suspected_shifted_february,anomaly fix
2026-08-13 08:39:33,data penyakit,Row 893,januari/februari,201,201,suspected_shifted_february,anomaly fix
2026-08-13 08:39:33,data penyakit,Row 894,januari/februari,359,359,suspected_shifted_february,anomaly fix
2026-08-13 08:39:33,data penyakit,Row 895,januari/februari,74,74,suspected_shifted_february,anomaly fix
2026-08-13 08:39:33,data penyakit,Row 896,januari/februari,11,11,suspected_shifted_february,anomaly fix
2026-08-13 08:39:33,data penyakit,Row 897,januari/februari,8,8,suspected_shifted_february,anomaly fix
2026-08-13 08:39:33,data penyakit,Row 898,januari/februari,7,7,suspected_shifted_february,anomaly fix
2026-08-13 08:39:33,data penyakit,Row 899,januari/februari,227,227,suspected_shifted_february,anomaly fix
2026-08-13 08:39:33,data penyakit,Row 900,januari/februari,132,132,suspected_shifted_february,anomaly fix
2026-08-13 08:39:33,data penyakit,Row 901,januari/februari,1,1,suspected_shifted_february,anomaly fix
2026-08-13 08:39:33,data penyakit,Row 902,januari/februari,482,482,suspected_shifted_february,anomaly fix
2026-08-13 08:39:33,data penyakit,Row 903,januari/februari,66,66,suspected_shifted_february,anomaly fix
2026-08-13 08:39:33,data penyakit,Row 904,januari/februari,16,16,suspected_shifted_february,anomaly fix
2026-08-13 08:39:33,data penyakit,Row 905,januari/februari,1,1,suspected_shifted_february,anomaly fix
2026-08-13 08:39:33,data penyakit,Row 906,januari/februari,74,74,suspected_shifted_february,anomaly fix
2026-08-13 08:39:33,data penyakit,Row 907,januari/februari,3,3,suspected_shifted_february,anomaly fix
2026-08-13 08:39:33,data penyakit,Row 908,januari/februari,9,9,suspected_shifted_february,anomaly fix
2026-08-13 08:39:33,data penyakit,Row 909,januari/februari,34,34,suspected_shifted_february,anomaly fix
2026-08-13 08:39:33,data penyakit,Row 910,januari/februari,18,18,suspected_shifted_february,anomaly fix
2026-08-13 08:39:33,data penyakit,Row 911,januari/februari,78,78,suspected_shifted_february,anomaly fix
2026-08-13 08:39:33,data penyakit,Row 912,januari/februari,313,313,suspected_shifted_february,anomaly fix
2026-08-13 08:39:33,data penyakit,Row 913,januari/februari,341,341,suspected_shifted_february,anomaly fix
2026-08-13 08:39:33,data penyakit,Row 914,januari/februari,56,56,suspected_shifted_february,anomaly fix
2026-08-13 08:39:33,data penyakit,Row 915,januari/februari,129,129,suspected_shifted_february,anomaly fix
2026-08-13 08:39:33,data penyakit,Row 916,januari/februari,14,14,suspected_shifted_february,anomaly fix
2026-08-13 08:39:33,data penyakit,Row 917,januari/februari,7,7,suspected_shifted_february,anomaly fix
2026-08-13 08:39:33,data penyakit,Row 918,januari/februari,0,0,suspected_shifted_february,anomaly fix
2026-08-13 08:39:33,data penyakit,Row 919,januari/februari,0,0,suspected_shifted_february,anomaly fix
2026-08-13 08:39:33,data penyakit,Row 920,januari/februari,64,64,suspected_shifted_february,anomaly fix
2026-08-13 08:39:33,data penyakit,Row 921,januari/februari,31,31,suspected_shifted_february,anomaly fix
2026-08-13 08:39:33,data penyakit,Row 922,januari/februari,0,0,suspected_shifted_february,anomaly fix
2026-08-13 08:39:33,data penyakit,Row 923,januari/februari,143,143,suspected_shifted_february,anomaly fix
2026-08-13 08:39:33,data penyakit,Row 924,januari/februari,162,162,suspected_shifted_february,anomaly fix
2026-08-13 08:39:33,data penyakit,Row 925,januari/februari,25,25,suspected_shifted_february,anomaly fix
2026-08-13 08:39:33,data penyakit,Row 926,januari/februari,4,4,suspected_shifted_february,anomaly fix
2026-08-13 08:39:33,data penyakit,Row 927,januari/februari,38,38,suspected_shifted_february,anomaly fix
2026-08-13 08:39:33,data penyakit,Row 928,januari/februari,6,6,suspected_shifted_february,anomaly fix
2026-08-13 08:39:33,data penyakit,Row 929,januari/februari,9,9,suspected_shifted_february,anomaly fix
2026-08-13 08:39:33,data penyakit,Row 930,januari/februari,57,57,suspected_shifted_february,anomaly fix
2026-08-13 08:39:33,data penyakit,Row 931,januari/februari,30,30,suspected_shifted_february,anomaly fix
2026-08-13 08:39:33,data penyakit,Row 932,januari/februari,70,70,suspected_shifted_february,anomaly fix
2026-08-13 08:39:33,data penyakit,Row 933,januari/februari,467,467,suspected_shifted_february,anomaly fix
2026-08-13 08:39:33,data penyakit,Row 934,januari/februari,370,370,suspected_shifted_february,anomaly fix
2026-08-13 08:39:33,data penyakit,Row 935,januari/februari,111,111,suspected_shifted_february,anomaly fix
2026-08-13 08:39:33,data penyakit,Row 936,januari/februari,165,165,suspected_shifted_february,anomaly fix
2026-08-13 08:39:33,data penyakit,Row 937,januari/februari,21,21,suspected_shifted_february,anomaly fix
2026-08-13 08:39:33,data penyakit,Row 938,januari/februari,4,4,suspected_shifted_february,anomaly fix
2026-08-13 08:39:33,data penyakit,Row 939,januari/februari,1,1,suspected_shifted_february,anomaly fix
2026-08-13 08:39:33,data penyakit,Row 940,januari/februari,0,0,suspected_shifted_february,anomaly fix
2026-08-13 08:39:33,data penyakit,Row 941,januari/februari,206,206,suspected_shifted_february,anomaly fix
2026-08-13 08:39:33,data penyakit,Row 942,januari/februari,46,46,suspected_shifted_february,anomaly fix
2026-08-13 08:39:33,data penyakit,Row 943,januari/februari,0,0,suspected_shifted_february,anomaly fix
2026-08-13 08:39:33,data penyakit,Row 944,januari/februari,247,247,suspected_shifted_february,anomaly fix
2026-08-13 08:39:33,data penyakit,Row 945,januari/februari,97,97,suspected_shifted_february,anomaly fix
2026-08-13 08:39:33,data penyakit,Row 946,januari/februari,2,2,suspected_shifted_february,anomaly fix
2026-08-13 08:39:33,data penyakit,Row 947,januari/februari,1,1,suspected_shifted_february,anomaly fix
2026-08-13 08:39:33,data penyakit,Row 948,januari/februari,54,54,suspected_shifted_february,anomaly fix
2026-08-13 08:39:33,data penyakit,Row 949,januari/februari,1,1,suspected_shifted_february,anomaly fix
2026-08-13 08:39:33,data penyakit,Row 950,januari/februari,8,8,suspected_shifted_february,anomaly fix
2026-08-13 08:39:33,data penyakit,Row 951,januari/februari,32,32,suspected_shifted_february,anomaly fix
2026-08-13 08:39:33,data penyakit,Row 952,januari/februari,21,21,suspected_shifted_february,anomaly fix
2026-08-13 08:39:33,data penyakit,Row 953,januari/februari,54,54,suspected_shifted_february,anomaly fix
2026-08-13 08:39:33,data penyakit,Row 954,januari/februari,568,568,suspected_shifted_february,anomaly fix
2026-08-13 08:39:33,data penyakit,Row 955,januari/februari,331,331,suspected_shifted_february,anomaly fix
2026-08-13 08:39:33,data penyakit,Row 956,januari/februari,96,96,suspected_shifted_february,anomaly fix
2026-08-13 08:39:33,data penyakit,Row 957,januari/februari,145,145,suspected_shifted_february,anomaly fix
2026-08-13 08:39:33,data penyakit,Row 958,januari/februari,15,15,suspected_shifted_february,anomaly fix
2026-08-13 08:39:33,data penyakit,Row 959,januari/februari,8,8,suspected_shifted_february,anomaly fix
2026-08-13 08:39:33,data penyakit,Row 960,januari/februari,2,2,suspected_shifted_february,anomaly fix
2026-08-13 08:39:33,data penyakit,Row 961,januari/februari,0,0,suspected_shifted_february,anomaly fix
2026-08-13 08:39:33,data penyakit,Row 962,januari/februari,42,42,suspected_shifted_february,anomaly fix
2026-08-13 08:39:33,data penyakit,Row 963,januari/februari,6,6,suspected_shifted_february,anomaly fix
2026-08-13 08:39:33,data penyakit,Row 964,januari/februari,1,1,suspected_shifted_february,anomaly fix
2026-08-13 08:39:33,data penyakit,Row 965,januari/februari,233,233,suspected_shifted_february,anomaly fix
2026-08-13 08:39:33,data penyakit,Row 966,januari/februari,123,123,suspected_shifted_february,anomaly fix
2026-08-13 08:39:33,data penyakit,Row 967,januari/februari,18,18,suspected_shifted_february,anomaly fix
2026-08-13 08:39:33,data penyakit,Row 968,januari/februari,0,0,suspected_shifted_february,anomaly fix
2026-08-13 08:39:33,data penyakit,Row 969,januari/februari,87,87,suspected_shifted_february,anomaly fix
2026-08-13 08:39:33,data penyakit,Row 970,januari/februari,5,5,suspected_shifted_february,anomaly fix
2026-08-13 08:39:33,data penyakit,Row 971,januari/februari,33,33,suspected_shifted_february,anomaly fix
2026-08-13 08:39:33,data penyakit,Row 972,januari/februari,61,61,suspected_shifted_february,anomaly fix
2026-08-13 08:39:33,data penyakit,Row 973,januari/februari,35,35,suspected_shifted_february,anomaly fix
2026-08-13 08:39:33,data penyakit,Row 974,januari/februari,102,102,suspected_shifted_february,anomaly fix
2026-08-13 08:39:33,data penyakit,Row 975,januari/februari,645,645,suspected_shifted_february,anomaly fix
2026-08-13 08:39:33,data penyakit,Row 976,januari/februari,474,474,suspected_shifted_february,anomaly fix
2026-08-13 08:39:33,data penyakit,Row 977,januari/februari,99,99,suspected_shifted_february,anomaly fix
2026-08-13 08:39:33,data penyakit,Row 978,januari/februari,114,114,suspected_shifted_february,anomaly fix
2026-08-13 08:39:33,data penyakit,Row 979,januari/februari,30,30,suspected_shifted_february,anomaly fix
2026-08-13 08:39:33,data penyakit,Row 980,januari/februari,10,10,suspected_shifted_february,anomaly fix
2026-08-13 08:39:33,data penyakit,Row 981,januari/februari,4,4,suspected_shifted_february,anomaly fix
2026-08-13 08:39:33,data penyakit,Row 982,januari/februari,0,0,suspected_shifted_february,anomaly fix
2026-08-13 08:39:33,data penyakit,Row 983,januari/februari,178,178,suspected_shifted_february,anomaly fix
2026-08-13 08:39:33,data penyakit,Row 984,januari/februari,31,31,suspected_shifted_february,anomaly fix
2026-08-13 08:39:33,data penyakit,Row 985,januari/februari,0,0,suspected_shifted_february,anomaly fix
2026-08-13 08:39:33,data penyakit,Row 986,januari/februari,464,464,suspected_shifted_february,anomaly fix
2026-08-13 08:39:33,data penyakit,Row 987,januari/februari,199,199,suspected_shifted_february,anomaly fix
2026-08-13 08:39:33,data penyakit,Row 988,januari/februari,31,31,suspected_shifted_february,anomaly fix
2026-08-13 08:39:33,data penyakit,Row 989,januari/februari,16,16,suspected_shifted_february,anomaly fix
2026-08-13 08:39:33,data penyakit,Row 990,januari/februari,140,140,suspected_shifted_february,anomaly fix
2026-08-13 08:39:33,data penyakit,Row 991,januari/februari,12,12,suspected_shifted_february,anomaly fix
2026-08-13 08:39:33,data penyakit,Row 992,januari/februari,50,50,suspected_shifted_february,anomaly fix
2026-08-13 08:39:33,data penyakit,Row 993,januari/februari,113,113,suspected_shifted_february,anomaly fix
2026-08-13 08:39:33,data penyakit,Row 994,januari/februari,82,82,suspected_shifted_february,anomaly fix
2026-08-13 08:39:33,data penyakit,Row 995,januari/februari,95,95,suspected_shifted_february,anomaly fix
2026-08-13 08:39:33,data penyakit,Row 996,januari/februari,524,524,suspected_shifted_february,anomaly fix
2026-08-13 08:39:33,data penyakit,Row 997,januari/februari,556,556,suspected_shifted_february,anomaly fix
2026-08-13 08:39:33,data penyakit,Row 998,januari/februari,152,152,suspected_shifted_february,anomaly fix
2026-08-13 08:39:33,data penyakit,Row 999,januari/februari,201,201,suspected_shifted_february,anomaly fix
2026-08-13 08:39:33,data penyakit,Row 1000,januari/februari,73,73,suspected_shifted_february,anomaly fix
2026-08-13 08:39:33,data penyakit,Row 1001,januari/februari,27,27,suspected_shifted_february,anomaly fix
2026-08-13 08:39:33,data penyakit,Row 1002,januari/februari,8,8,suspected_shifted_february,anomaly fix
2026-08-13 08:39:33,data penyakit,Row 1003,januari/februari,4,4,suspected_shifted_february,anomaly fix
2026-08-13 08:39:33,data penyakit,Row 1004,januari/februari,229,229,suspected_shifted_february,anomaly fix
2026-08-13 08:39:33,data penyakit,Row 1005,januari/februari,77,77,suspected_shifted_february,anomaly fix
2026-08-13 08:39:33,data penyakit,Row 1006,januari/februari,3,3,suspected_shifted_february,anomaly fix
2026-08-13 08:39:33,data penyakit,Row 1007,januari/februari,1094,1094,suspected_shifted_february,anomaly fix
2026-08-13 08:39:33,data penyakit,Row 1008,januari/februari,136,136,suspected_shifted_february,anomaly fix
2026-08-13 08:39:33,data penyakit,Row 1009,januari/februari,9,9,suspected_shifted_february,anomaly fix
2026-08-13 08:39:33,data penyakit,Row 1010,januari/februari,6,6,suspected_shifted_february,anomaly fix
2026-08-13 08:39:33,data penyakit,Row 1011,januari/februari,42,42,suspected_shifted_february,anomaly fix
2026-08-13 08:39:33,data penyakit,Row 1012,januari/februari,3,3,suspected_shifted_february,anomaly fix
2026-08-13 08:39:33,data penyakit,Row 1013,januari/februari,26,26,suspected_shifted_february,anomaly fix
2026-08-13 08:39:33,data penyakit,Row 1014,januari/februari,28,28,suspected_shifted_february,anomaly fix
2026-08-13 08:39:33,data penyakit,Row 1015,januari/februari,40,40,suspected_shifted_february,anomaly fix
2026-08-13 08:39:33,data penyakit,Row 1016,januari/februari,62,62,suspected_shifted_february,anomaly fix
2026-08-13 08:39:33,data penyakit,Row 1017,januari/februari,517,517,suspected_shifted_february,anomaly fix
2026-08-13 08:39:33,data penyakit,Row 1018,januari/februari,423,423,suspected_shifted_february,anomaly fix
2026-08-13 08:39:33,data penyakit,Row 1019,januari/februari,124,124,suspected_shifted_february,anomaly fix
2026-08-13 08:39:33,data penyakit,Row 1020,januari/februari,172,172,suspected_shifted_february,anomaly fix
2026-08-13 08:39:33,data penyakit,Row 1021,januari/februari,24,24,suspected_shifted_february,anomaly fix
2026-08-13 08:39:33,data penyakit,Row 1022,januari/februari,6,6,suspected_shifted_february,anomaly fix
2026-08-13 08:39:33,data penyakit,Row 1023,januari/februari,1,1,suspected_shifted_february,anomaly fix
2026-08-13 08:39:33,data penyakit,Row 1024,januari/februari,1,1,suspected_shifted_february,anomaly fix
2026-08-13 08:39:33,data penyakit,Row 1025,januari/februari,130,130,suspected_shifted_february,anomaly fix
2026-08-13 08:39:33,data penyakit,Row 1026,januari/februari,47,47,suspected_shifted_february,anomaly fix
2026-08-13 08:39:33,data penyakit,Row 1027,januari/februari,1,1,suspected_shifted_february,anomaly fix
2026-08-13 08:39:33,data penyakit,Row 1028,januari/februari,161,161,suspected_shifted_february,anomaly fix
2026-08-13 08:39:33,data penyakit,Row 1029,januari/februari,203,203,suspected_shifted_february,anomaly fix
2026-08-13 08:39:33,data penyakit,Row 1030,januari/februari,12,12,suspected_shifted_february,anomaly fix
2026-08-13 08:39:33,data penyakit,Row 1031,januari/februari,15,15,suspected_shifted_february,anomaly fix
2026-08-13 08:39:33,data penyakit,Row 1032,januari/februari,68,68,suspected_shifted_february,anomaly fix
2026-08-13 08:39:33,data penyakit,Row 1033,januari/februari,8,8,suspected_shifted_february,anomaly fix
2026-08-13 08:39:33,data penyakit,Row 1034,januari/februari,20,20,suspected_shifted_february,anomaly fix
2026-08-13 08:39:33,data penyakit,Row 1035,januari/februari,98,98,suspected_shifted_february,anomaly fix
2026-08-13 08:39:33,data penyakit,Row 1036,januari/februari,65,65,suspected_shifted_february,anomaly fix
2026-08-13 08:39:33,data penyakit,Row 1037,januari/februari,107,107,suspected_shifted_february,anomaly fix
2026-08-13 08:39:33,data penyakit,Row 1038,januari/februari,773,773,suspected_shifted_february,anomaly fix
2026-08-13 08:39:33,data penyakit,Row 1039,januari/februari,374,374,suspected_shifted_february,anomaly fix
2026-08-13 08:39:33,data penyakit,Row 1040,januari/februari,138,138,suspected_shifted_february,anomaly fix
2026-08-13 08:39:33,data penyakit,Row 1041,januari/februari,198,198,suspected_shifted_february,anomaly fix
2026-08-13 08:39:33,data penyakit,Row 1042,januari/februari,29,29,suspected_shifted_february,anomaly fix
2026-08-13 08:39:33,data penyakit,Row 1043,januari/februari,13,13,suspected_shifted_february,anomaly fix
2026-08-13 08:39:33,data penyakit,Row 1044,januari/februari,0,0,suspected_shifted_february,anomaly fix
2026-08-13 08:39:33,data penyakit,Row 1045,januari/februari,3,3,suspected_shifted_february,anomaly fix
2026-08-13 08:39:33,data penyakit,Row 1046,januari/februari,212,212,suspected_shifted_february,anomaly fix
2026-08-13 08:39:33,data penyakit,Row 1047,januari/februari,58,58,suspected_shifted_february,anomaly fix
2026-08-13 08:39:33,data penyakit,Row 1048,januari/februari,3,3,suspected_shifted_february,anomaly fix
2026-08-13 08:39:33,data penyakit,Row 1049,januari/februari,641,641,suspected_shifted_february,anomaly fix
2026-08-13 08:39:33,data penyakit,Row 1050,januari/februari,361,361,suspected_shifted_february,anomaly fix
2026-08-13 08:39:33,data penyakit,Row 1051,januari/februari,15,15,suspected_shifted_february,anomaly fix
2026-08-13 08:39:33,data penyakit,Row 1052,januari/februari,1,1,suspected_shifted_february,anomaly fix
2026-08-13 08:39:33,data penyakit,Row 1053,januari/februari,82,82,suspected_shifted_february,anomaly fix
2026-08-13 08:39:33,data penyakit,Row 1054,januari/februari,17,17,suspected_shifted_february,anomaly fix
2026-08-13 08:39:33,data penyakit,Row 1055,januari/februari,17,17,suspected_shifted_february,anomaly fix
2026-08-13 08:39:33,data penyakit,Row 1056,januari/februari,54,54,suspected_shifted_february,anomaly fix
2026-08-13 08:39:33,data penyakit,Row 1057,januari/februari,35,35,suspected_shifted_february,anomaly fix
2026-08-13 08:39:33,data penyakit,Row 1058,januari/februari,65,65,suspected_shifted_february,anomaly fix
2026-08-13 08:39:33,data penyakit,Row 1059,januari/februari,446,446,suspected_shifted_february,anomaly fix
2026-08-13 08:39:33,data penyakit,Row 1060,januari/februari,573,573,suspected_shifted_february,anomaly fix
2026-08-13 08:39:33,data penyakit,Row 1061,januari/februari,102,102,suspected_shifted_february,anomaly fix
2026-08-13 08:39:33,data penyakit,Row 1062,januari/februari,148,148,suspected_shifted_february,anomaly fix
2026-08-13 08:39:33,data penyakit,Row 1063,januari/februari,17,17,suspected_shifted_february,anomaly fix
2026-08-13 08:39:33,data penyakit,Row 1064,januari/februari,54,54,suspected_shifted_february,anomaly fix
2026-08-13 08:39:33,data penyakit,Row 1065,januari/februari,8,8,suspected_shifted_february,anomaly fix
2026-08-13 08:39:33,data penyakit,Row 1066,januari/februari,2,2,suspected_shifted_february,anomaly fix
2026-08-13 08:39:33,data penyakit,Row 1067,januari/februari,262,262,suspected_shifted_february,anomaly fix
2026-08-13 08:39:33,data penyakit,Row 1068,januari/februari,44,44,suspected_shifted_february,anomaly fix
2026-08-13 08:39:33,data penyakit,Row 1069,januari/februari,0,0,suspected_shifted_february,anomaly fix
2026-08-13 08:39:33,data penyakit,Row 1070,januari/februari,443,443,suspected_shifted_february,anomaly fix
2026-08-13 08:39:33,data penyakit,Row 1071,januari/februari,397,397,suspected_shifted_february,anomaly fix
2026-08-13 08:39:33,data penyakit,Row 1072,januari/februari,12,12,suspected_shifted_february,anomaly fix
2026-08-13 08:39:33,data penyakit,Row 1073,januari/februari,6,6,suspected_shifted_february,anomaly fix
2026-08-13 08:39:33,data penyakit,Row 1074,januari/februari,232,232,suspected_shifted_february,anomaly fix
2026-08-13 08:39:33,data penyakit,Row 1075,januari/februari,11,11,suspected_shifted_february,anomaly fix
2026-08-13 08:39:33,data penyakit,Row 1076,januari/februari,29,29,suspected_shifted_february,anomaly fix
2026-08-13 08:39:33,data penyakit,Row 1077,januari/februari,135,135,suspected_shifted_february,anomaly fix
2026-08-13 08:39:33,data penyakit,Row 1078,januari/februari,92,92,suspected_shifted_february,anomaly fix
2026-08-13 08:39:33,data penyakit,Row 1079,januari/februari,150,150,suspected_shifted_february,anomaly fix
2026-08-13 08:39:33,data penyakit,Row 1080,januari/februari,1182,1182,suspected_shifted_february,anomaly fix
2026-08-13 08:39:33,data penyakit,Row 1081,januari/februari,467,467,suspected_shifted_february,anomaly fix
2026-08-13 08:39:33,data penyakit,Row 1082,januari/februari,200,200,suspected_shifted_february,anomaly fix
2026-08-13 08:39:33,data penyakit,Row 1083,januari/februari,281,281,suspected_shifted_february,anomaly fix
2026-08-13 08:39:33,data penyakit,Row 1084,januari/februari,38,38,suspected_shifted_february,anomaly fix
2026-08-13 08:39:33,data penyakit,Row 1085,januari/februari,5,5,suspected_shifted_february,anomaly fix
2026-08-13 08:39:33,data penyakit,Row 1086,januari/februari,1,1,suspected_shifted_february,anomaly fix
2026-08-13 08:39:33,data penyakit,Row 1087,januari/februari,1,1,suspected_shifted_february,anomaly fix
2026-08-13 08:39:33,data penyakit,Row 1088,januari/februari,82,82,suspected_shifted_february,anomaly fix
2026-08-13 08:39:33,data penyakit,Row 1089,januari/februari,50,50,suspected_shifted_february,anomaly fix
2026-08-13 08:39:33,data penyakit,Row 1090,januari/februari,0,0,suspected_shifted_february,anomaly fix
2026-08-13 08:39:33,data penyakit,Row 1091,januari/februari,501,501,suspected_shifted_february,anomaly fix
2026-08-13 08:39:33,data penyakit,Row 1092,januari/februari,239,239,suspected_shifted_february,anomaly fix
2026-08-13 08:39:33,data penyakit,Row 1093,januari/februari,11,11,suspected_shifted_february,anomaly fix
2026-08-13 08:39:33,data penyakit,Row 1094,januari/februari,3,3,suspected_shifted_february,anomaly fix
2026-08-13 08:39:33,data penyakit,Row 1095,januari/februari,91,91,suspected_shifted_february,anomaly fix
2026-08-13 08:39:33,data penyakit,Row 1096,januari/februari,10,10,suspected_shifted_february,anomaly fix
2026-08-13 08:39:33,data penyakit,Row 1097,januari/februari,41,41,suspected_shifted_february,anomaly fix
2026-08-13 08:39:33,data penyakit,Row 1098,januari/februari,60,60,suspected_shifted_february,anomaly fix
2026-08-13 08:39:33,data penyakit,Row 1099,januari/februari,70,70,suspected_shifted_february,anomaly fix
2026-08-13 08:39:33,data penyakit,Row 1100,januari/februari,94,94,suspected_shifted_february,anomaly fix
2026-08-13 08:39:33,data penyakit,Row 1101,januari/februari,829,829,suspected_shifted_february,anomaly fix
2026-08-13 08:39:33,data penyakit,Row 1102,januari/februari,598,598,suspected_shifted_february,anomaly fix
2026-08-13 08:39:33,data penyakit,Row 1103,januari/februari,128,128,suspected_shifted_february,anomaly fix
2026-08-13 08:39:33,data penyakit,Row 1104,januari/februari,187,187,suspected_shifted_february,anomaly fix
2026-08-13 08:39:33,data penyakit,Row 1105,januari/februari,29,29,suspected_shifted_february,anomaly fix
2026-08-13 08:39:33,data penyakit,Row 1106,januari/februari,21,21,suspected_shifted_february,anomaly fix
2026-08-13 08:39:33,data penyakit,Row 1107,januari/februari,0,0,suspected_shifted_february,anomaly fix
2026-08-13 08:39:33,data penyakit,Row 1108,januari/februari,0,0,suspected_shifted_february,anomaly fix
2026-08-13 08:39:33,data penyakit,Row 1109,januari/februari,188,188,suspected_shifted_february,anomaly fix
2026-08-13 08:39:33,data penyakit,Row 1110,januari/februari,61,61,suspected_shifted_february,anomaly fix
2026-08-13 08:39:33,data penyakit,Row 1111,januari/februari,1,1,suspected_shifted_february,anomaly fix
2026-08-13 08:39:33,data penyakit,Row 1112,januari/februari,794,794,suspected_shifted_february,anomaly fix
2026-08-13 08:39:33,data penyakit,Row 1113,januari/februari,217,217,suspected_shifted_february,anomaly fix
2026-08-13 08:39:33,data penyakit,Row 1114,januari/februari,15,15,suspected_shifted_february,anomaly fix
2026-08-13 08:39:33,data penyakit,Row 1115,januari/februari,2,2,suspected_shifted_february,anomaly fix
2026-08-13 08:39:33,data penyakit,Row 1116,januari/februari,34,34,suspected_shifted_february,anomaly fix
2026-08-13 08:39:33,data penyakit,Row 1117,januari/februari,10,10,suspected_shifted_february,anomaly fix
2026-08-13 08:39:33,data penyakit,Row 1118,januari/februari,28,28,suspected_shifted_february,anomaly fix
2026-08-13 08:39:33,data penyakit,Row 1119,januari/februari,65,65,suspected_shifted_february,anomaly fix
2026-08-13 08:39:33,data penyakit,Row 1120,januari/februari,62,62,suspected_shifted_february,anomaly fix
2026-08-13 08:39:33,data penyakit,Row 1121,januari/februari,59,59,suspected_shifted_february,anomaly fix
2026-08-13 08:39:33,data penyakit,Row 1122,januari/februari,683,683,suspected_shifted_february,anomaly fix
2026-08-13 08:39:33,data penyakit,Row 1123,januari/februari,446,446,suspected_shifted_february,anomaly fix
2026-08-13 08:39:33,data penyakit,Row 1124,januari/februari,118,118,suspected_shifted_february,anomaly fix
2026-08-13 08:39:33,data penyakit,Row 1125,januari/februari,151,151,suspected_shifted_february,anomaly fix
2026-08-13 08:39:33,data penyakit,Row 1126,januari/februari,44,44,suspected_shifted_february,anomaly fix
2026-08-13 08:39:33,data penyakit,Row 1127,januari/februari,2,2,suspected_shifted_february,anomaly fix
2026-08-13 08:39:33,data penyakit,Row 1128,januari/februari,0,0,suspected_shifted_february,anomaly fix
2026-08-13 08:39:33,data penyakit,Row 1129,januari/februari,1,1,suspected_shifted_february,anomaly fix
2026-08-13 08:39:33,data penyakit,Row 1130,januari/februari,161,161,suspected_shifted_february,anomaly fix
2026-08-13 08:39:33,data penyakit,Row 1131,januari/februari,87,87,suspected_shifted_february,anomaly fix
2026-08-13 08:39:33,data penyakit,Row 1132,januari/februari,2,2,suspected_shifted_february,anomaly fix
2026-08-13 08:39:33,data penyakit,Row 1133,januari/februari,182,182,suspected_shifted_february,anomaly fix
2026-08-13 08:39:33,data penyakit,Row 1134,januari/februari,78,78,suspected_shifted_february,anomaly fix
2026-08-13 08:39:33,data penyakit,Row 1135,januari/februari,5,5,suspected_shifted_february,anomaly fix
2026-08-13 08:39:33,data penyakit,Row 1136,januari/februari,2,2,suspected_shifted_february,anomaly fix
2026-08-13 08:39:33,data penyakit,Row 1137,januari/februari,54,54,suspected_shifted_february,anomaly fix
2026-08-13 08:39:33,data penyakit,Row 1138,januari/februari,4,4,suspected_shifted_february,anomaly fix
2026-08-13 08:39:33,data penyakit,Row 1139,januari/februari,2,2,suspected_shifted_february,anomaly fix
2026-08-13 08:39:33,data penyakit,Row 1140,januari/februari,25,25,suspected_shifted_february,anomaly fix
2026-08-13 08:39:33,data penyakit,Row 1141,januari/februari,21,21,suspected_shifted_february,anomaly fix
2026-08-13 08:39:33,data penyakit,Row 1142,januari/februari,67,67,suspected_shifted_february,anomaly fix
2026-08-13 08:39:33,data penyakit,Row 1143,januari/februari,256,256,suspected_shifted_february,anomaly fix
2026-08-13 08:39:33,data penyakit,Row 1144,januari/februari,306,306,suspected_shifted_february,anomaly fix
2026-08-13 08:39:33,data penyakit,Row 1145,januari/februari,25,25,suspected_shifted_february,anomaly fix
2026-08-13 08:39:33,data penyakit,Row 1146,januari/februari,76,76,suspected_shifted_february,anomaly fix
2026-08-13 08:39:33,data penyakit,Row 1147,januari/februari,15,15,suspected_shifted_february,anomaly fix
2026-08-13 08:39:33,data penyakit,Row 1148,januari/februari,0,0,suspected_shifted_february,anomaly fix
2026-08-13 08:39:33,data penyakit,Row 1149,januari/februari,0,0,suspected_shifted_february,anomaly fix
2026-08-13 08:39:33,data penyakit,Row 1150,januari/februari,2,2,suspected_shifted_february,anomaly fix
2026-08-13 08:39:33,data penyakit,Row 1151,januari/februari,27,27,suspected_shifted_february,anomaly fix
2026-08-13 08:39:33,data penyakit,Row 1152,januari/februari,13,13,suspected_shifted_february,anomaly fix
2026-08-13 08:39:33,data penyakit,Row 1153,januari/februari,2,2,suspected_shifted_february,anomaly fix
2026-08-13 08:39:33,data penyakit,Row 1154,januari/februari,183,183,suspected_shifted_february,anomaly fix
2026-08-13 08:39:33,data penyakit,Row 1155,januari/februari,191,191,suspected_shifted_february,anomaly fix
2026-08-13 08:39:33,data penyakit,Row 1156,januari/februari,16,16,suspected_shifted_february,anomaly fix
2026-08-13 08:39:33,data penyakit,Row 1157,januari/februari,5,5,suspected_shifted_february,anomaly fix
2026-08-13 08:39:33,data penyakit,Row 1158,januari/februari,138,138,suspected_shifted_february,anomaly fix
2026-08-13 08:39:33,data penyakit,Row 1159,januari/februari,8,8,suspected_shifted_february,anomaly fix
2026-08-13 08:39:33,data penyakit,Row 1160,januari/februari,16,16,suspected_shifted_february,anomaly fix
2026-08-13 08:39:33,data penyakit,Row 1161,januari/februari,48,48,suspected_shifted_february,anomaly fix
2026-08-13 08:39:33,data penyakit,Row 1162,januari/februari,56,56,suspected_shifted_february,anomaly fix
2026-08-13 08:39:33,data penyakit,Row 1163,januari/februari,72,72,suspected_shifted_february,anomaly fix
2026-08-13 08:39:33,data penyakit,Row 1164,januari/februari,524,524,suspected_shifted_february,anomaly fix
2026-08-13 08:39:33,data penyakit,Row 1165,januari/februari,345,345,suspected_shifted_february,anomaly fix
2026-08-13 08:39:33,data penyakit,Row 1166,januari/februari,123,123,suspected_shifted_february,anomaly fix
2026-08-13 08:39:33,data penyakit,Row 1167,januari/februari,154,154,suspected_shifted_february,anomaly fix
2026-08-13 08:39:33,data penyakit,Row 1168,januari/februari,25,25,suspected_shifted_february,anomaly fix
2026-08-13 08:39:33,data penyakit,Row 1169,januari/februari,2,2,suspected_shifted_february,anomaly fix
2026-08-13 08:39:33,data penyakit,Row 1170,januari/februari,3,3,suspected_shifted_february,anomaly fix
2026-08-13 08:39:33,data penyakit,Row 1171,januari/februari,1,1,suspected_shifted_february,anomaly fix
2026-08-13 08:39:33,data penyakit,Row 1172,januari/februari,214,214,suspected_shifted_february,anomaly fix
2026-08-13 08:39:33,data penyakit,Row 1173,januari/februari,38,38,suspected_shifted_february,anomaly fix
2026-08-13 08:39:33,data penyakit,Row 1174,januari/februari,0,0,suspected_shifted_february,anomaly fix
2026-08-13 08:39:33,data penyakit,Row 1175,januari/februari,194,194,suspected_shifted_february,anomaly fix
2026-08-13 08:39:33,data penyakit,Row 1176,januari/februari,443,443,suspected_shifted_february,anomaly fix
2026-08-13 08:39:33,data penyakit,Row 1177,januari/februari,21,21,suspected_shifted_february,anomaly fix
2026-08-13 08:39:33,data penyakit,Row 1178,januari/februari,3,3,suspected_shifted_february,anomaly fix
2026-08-13 08:39:33,data penyakit,Row 1179,januari/februari,140,140,suspected_shifted_february,anomaly fix
2026-08-13 08:39:33,data penyakit,Row 1180,januari/februari,24,24,suspected_shifted_february,anomaly fix
2026-08-13 08:39:33,data penyakit,Row 1181,januari/februari,83,83,suspected_shifted_february,anomaly fix
2026-08-13 08:39:33,data penyakit,Row 1182,januari/februari,102,102,suspected_shifted_february,anomaly fix
2026-08-13 08:39:33,data penyakit,Row 1183,januari/februari,100,100,suspected_shifted_february,anomaly fix
2026-08-13 08:39:33,data penyakit,Row 1184,januari/februari,138,138,suspected_shifted_february,anomaly fix
2026-08-13 08:39:33,data penyakit,Row 1185,januari/februari,1059,1059,suspected_shifted_february,anomaly fix
2026-08-13 08:39:33,data penyakit,Row 1186,januari/februari,581,581,suspected_shifted_february,anomaly fix
2026-08-13 08:39:33,data penyakit,Row 1187,januari/februari,169,169,suspected_shifted_february,anomaly fix
2026-08-13 08:39:33,data penyakit,Row 1188,januari/februari,308,308,suspected_shifted_february,anomaly fix
2026-08-13 08:39:33,data penyakit,Row 1189,januari/februari,63,63,suspected_shifted_february,anomaly fix
2026-08-13 08:39:33,data penyakit,Row 1190,januari/februari,7,7,suspected_shifted_february,anomaly fix
2026-08-13 08:39:33,data penyakit,Row 1191,januari/februari,2,2,suspected_shifted_february,anomaly fix
2026-08-13 08:39:33,data penyakit,Row 1192,januari/februari,4,4,suspected_shifted_february,anomaly fix
2026-08-13 08:39:33,data penyakit,Row 1193,januari/februari,314,314,suspected_shifted_february,anomaly fix
2026-08-13 08:39:33,data penyakit,Row 1194,januari/februari,75,75,suspected_shifted_february,anomaly fix
2026-08-13 08:39:33,data penyakit,Row 1195,januari/februari,3,3,suspected_shifted_february,anomaly fix
2026-08-13 08:39:33,data penyakit,Row 1196,januari/februari,1078,1078,suspected_shifted_february,anomaly fix
2026-08-13 08:39:33,data penyakit,Row 1197,januari/februari,59,59,suspected_shifted_february,anomaly fix
2026-08-13 08:39:33,data penyakit,Row 1198,januari/februari,4,4,suspected_shifted_february,anomaly fix
2026-08-13 08:39:33,data penyakit,Row 1199,januari/februari,5,5,suspected_shifted_february,anomaly fix
2026-08-13 08:39:33,data penyakit,Row 1200,januari/februari,51,51,suspected_shifted_february,anomaly fix
2026-08-13 08:39:33,data penyakit,Row 1201,januari/februari,7,7,suspected_shifted_february,anomaly fix
2026-08-13 08:39:33,data penyakit,Row 1202,januari/februari,20,20,suspected_shifted_february,anomaly fix
2026-08-13 08:39:33,data penyakit,Row 1203,januari/februari,25,25,suspected_shifted_february,anomaly fix
2026-08-13 08:39:33,data penyakit,Row 1204,januari/februari,32,32,suspected_shifted_february,anomaly fix
2026-08-13 08:39:33,data penyakit,Row 1205,januari/februari,64,64,suspected_shifted_february,anomaly fix
2026-08-13 08:39:33,data penyakit,Row 1206,januari/februari,354,354,suspected_shifted_february,anomaly fix
2026-08-13 08:39:33,data penyakit,Row 1207,januari/februari,389,389,suspected_shifted_february,anomaly fix
2026-08-13 08:39:33,data penyakit,Row 1208,januari/februari,68,68,suspected_shifted_february,anomaly fix
2026-08-13 08:39:33,data penyakit,Row 1209,januari/februari,92,92,suspected_shifted_february,anomaly fix
2026-08-13 08:39:33,data penyakit,Row 1210,januari/februari,25,25,suspected_shifted_february,anomaly fix
2026-08-13 08:39:33,data penyakit,Row 1211,januari/februari,5,5,suspected_shifted_february,anomaly fix
2026-08-13 08:39:33,data penyakit,Row 1212,januari/februari,0,0,suspected_shifted_february,anomaly fix
2026-08-13 08:39:33,data penyakit,Row 1213,januari/februari,1,1,suspected_shifted_february,anomaly fix
2026-08-13 08:39:33,data penyakit,Row 1214,januari/februari,79,79,suspected_shifted_february,anomaly fix
2026-08-13 08:39:33,data penyakit,Row 1215,januari/februari,27,27,suspected_shifted_february,anomaly fix
2026-08-13 08:39:33,data penyakit,Row 1216,januari/februari,1,1,suspected_shifted_february,anomaly fix
2026-08-13 08:39:33,data penyakit,Row 1217,januari/februari,203,203,suspected_shifted_february,anomaly fix
2026-08-13 08:39:33,data penyakit,Row 1218,januari/februari,109,109,suspected_shifted_february,anomaly fix
2026-08-13 08:39:33,data penyakit,Row 1219,januari/februari,16,16,suspected_shifted_february,anomaly fix
2026-08-13 08:39:33,data penyakit,Row 1220,januari/februari,2,2,suspected_shifted_february,anomaly fix
2026-08-13 08:39:33,data penyakit,Row 1221,januari/februari,66,66,suspected_shifted_february,anomaly fix
2026-08-13 08:39:33,data penyakit,Row 1222,januari/februari,7,7,suspected_shifted_february,anomaly fix
2026-08-13 08:39:33,data penyakit,Row 1223,januari/februari,30,30,suspected_shifted_february,anomaly fix
2026-08-13 08:39:33,data penyakit,Row 1224,januari/februari,57,57,suspected_shifted_february,anomaly fix
2026-08-13 08:39:33,data penyakit,Row 1225,januari/februari,39,39,suspected_shifted_february,anomaly fix
2026-08-13 08:39:33,data penyakit,Row 1226,januari/februari,65,65,suspected_shifted_february,anomaly fix
2026-08-13 08:39:33,data penyakit,Row 1227,januari/februari,354,354,suspected_shifted_february,anomaly fix
2026-08-13 08:39:33,data penyakit,Row 1228,januari/februari,359,359,suspected_shifted_february,anomaly fix
2026-08-13 08:39:33,data penyakit,Row 1229,januari/februari,99,99,suspected_shifted_february,anomaly fix
2026-08-13 08:39:33,data penyakit,Row 1230,januari/februari,123,123,suspected_shifted_february,anomaly fix
2026-08-13 08:39:33,data penyakit,Row 1231,januari/februari,31,31,suspected_shifted_february,anomaly fix
2026-08-13 08:39:33,data penyakit,Row 1232,januari/februari,19,19,suspected_shifted_february,anomaly fix
2026-08-13 08:39:33,data penyakit,Row 1233,januari/februari,2,2,suspected_shifted_february,anomaly fix
2026-08-13 08:39:33,data penyakit,Row 1234,januari/februari,0,0,suspected_shifted_february,anomaly fix
2026-08-13 08:39:33,data penyakit,Row 1235,januari/februari,89,89,suspected_shifted_february,anomaly fix
2026-08-13 08:39:33,data penyakit,Row 1236,januari/februari,51,51,suspected_shifted_february,anomaly fix
2026-08-13 08:39:33,data penyakit,Row 1237,januari/februari,0,0,suspected_shifted_february,anomaly fix
2026-08-13 08:39:33,data penyakit,Row 1238,januari/februari,485,485,suspected_shifted_february,anomaly fix
2026-08-13 08:39:33,data penyakit,Row 1239,januari/februari,165,165,suspected_shifted_february,anomaly fix
2026-08-13 08:39:33,data penyakit,Row 1240,januari/februari,16,16,suspected_shifted_february,anomaly fix
2026-08-13 08:39:33,data penyakit,Row 1241,januari/februari,5,5,suspected_shifted_february,anomaly fix
2026-08-13 08:39:33,data penyakit,Row 1242,januari/februari,82,82,suspected_shifted_february,anomaly fix
2026-08-13 08:39:33,data penyakit,Row 1243,januari/februari,22,22,suspected_shifted_february,anomaly fix
2026-08-13 08:39:33,data penyakit,Row 1244,januari/februari,25,25,suspected_shifted_february,anomaly fix
2026-08-13 08:39:33,data penyakit,Row 1245,januari/februari,69,69,suspected_shifted_february,anomaly fix
2026-08-13 08:39:33,data penyakit,Row 1246,januari/februari,41,41,suspected_shifted_february,anomaly fix
2026-08-13 08:39:33,data penyakit,Row 1247,januari/februari,79,79,suspected_shifted_february,anomaly fix
2026-08-13 08:39:33,data penyakit,Row 1248,januari/februari,570,570,suspected_shifted_february,anomaly fix
2026-08-13 08:39:33,data penyakit,Row 1249,januari/februari,141,141,suspected_shifted_february,anomaly fix
2026-08-13 08:39:33,data penyakit,Row 1250,januari/februari,95,95,suspected_shifted_february,anomaly fix
2026-08-13 08:39:33,data penyakit,Row 1251,januari/februari,125,125,suspected_shifted_february,anomaly fix
2026-08-13 08:39:33,data penyakit,Row 1252,januari/februari,40,40,suspected_shifted_february,anomaly fix
2026-08-13 08:39:33,data penyakit,Row 1253,januari/februari,37,37,suspected_shifted_february,anomaly fix
2026-08-13 08:39:33,data penyakit,Row 1254,januari/februari,2,2,suspected_shifted_february,anomaly fix
2026-08-13 08:39:33,data penyakit,Row 1255,januari/februari,0,0,suspected_shifted_february,anomaly fix
2026-08-13 08:39:33,data penyakit,Row 1256,januari/februari,143,143,suspected_shifted_february,anomaly fix
2026-08-13 08:39:33,data penyakit,Row 1257,januari/februari,53,53,suspected_shifted_february,anomaly fix
2026-08-13 08:39:33,data penyakit,Row 1258,januari/februari,3,3,suspected_shifted_february,anomaly fix
2026-08-13 08:39:33,data penyakit,Row 1259,januari/februari,464,464,suspected_shifted_february,anomaly fix
2026-08-13 08:39:33,data penyakit,Row 1260,januari/februari,142,142,suspected_shifted_february,anomaly fix
2026-08-13 08:39:33,data penyakit,Row 1261,januari/februari,12,12,suspected_shifted_february,anomaly fix
2026-08-13 08:39:33,data penyakit,Row 1262,januari/februari,2,2,suspected_shifted_february,anomaly fix
2026-08-13 08:39:33,data penyakit,Row 1263,januari/februari,48,48,suspected_shifted_february,anomaly fix
2026-08-13 08:39:33,data penyakit,Row 1264,januari/februari,18,18,suspected_shifted_february,anomaly fix
2026-08-13 08:39:33,data penyakit,Row 1265,januari/februari,69,69,suspected_shifted_february,anomaly fix
2026-08-13 08:39:33,data penyakit,Row 1266,januari/februari,69,69,suspected_shifted_february,anomaly fix
2026-08-13 08:39:33,data penyakit,Row 1267,januari/februari,78,78,suspected_shifted_february,anomaly fix
2026-08-13 08:39:33,data penyakit,Row 1268,januari/februari,59,59,suspected_shifted_february,anomaly fix
2026-08-13 08:39:33,data penyakit,Row 1269,januari/februari,675,675,suspected_shifted_february,anomaly fix
2026-08-13 08:39:33,data penyakit,Row 1270,januari/februari,503,503,suspected_shifted_february,anomaly fix
2026-08-13 08:39:33,data penyakit,Row 1271,januari/februari,138,138,suspected_shifted_february,anomaly fix
2026-08-13 08:39:33,data penyakit,Row 1272,januari/februari,201,201,suspected_shifted_february,anomaly fix
2026-08-13 08:39:33,data penyakit,Row 1273,januari/februari,51,51,suspected_shifted_february,anomaly fix
2026-08-13 08:39:33,data penyakit,Row 1274,januari/februari,14,14,suspected_shifted_february,anomaly fix
2026-08-13 08:39:33,data penyakit,Row 1275,januari/februari,2,2,suspected_shifted_february,anomaly fix
2026-08-13 08:39:33,data penyakit,Row 1276,januari/februari,2,2,suspected_shifted_february,anomaly fix
2026-08-13 08:39:33,data penyakit,Row 1277,januari/februari,112,112,suspected_shifted_february,anomaly fix
2026-08-13 08:39:33,data penyakit,Row 1278,januari/februari,81,81,suspected_shifted_february,anomaly fix
2026-08-13 08:39:33,data penyakit,Row 1279,januari/februari,0,0,suspected_shifted_february,anomaly fix
2026-08-13 08:39:33,data penyakit,Row 1280,januari/februari,939,939,suspected_shifted_february,anomaly fix
2026-08-13 08:39:33,data penyakit,Row 1281,januari/februari,101,101,suspected_shifted_february,anomaly fix
2026-08-13 08:39:33,data penyakit,Row 1282,januari/februari,7,7,suspected_shifted_february,anomaly fix
2026-08-13 08:39:33,data penyakit,Row 1283,januari/februari,0,0,suspected_shifted_february,anomaly fix
2026-08-13 08:39:33,data penyakit,Row 1284,januari/februari,68,68,suspected_shifted_february,anomaly fix
2026-08-13 08:39:33,data penyakit,Row 1285,januari/februari,6,6,suspected_shifted_february,anomaly fix
2026-08-13 08:39:33,data penyakit,Row 1286,januari/februari,21,21,suspected_shifted_february,anomaly fix
2026-08-13 08:39:33,data penyakit,Row 1287,januari/februari,55,55,suspected_shifted_february,anomaly fix
2026-08-13 08:39:33,data penyakit,Row 1288,januari/februari,46,46,suspected_shifted_february,anomaly fix
2026-08-13 08:39:33,data penyakit,Row 1289,januari/februari,34,34,suspected_shifted_february,anomaly fix
2026-08-13 08:39:33,data penyakit,Row 1290,januari/februari,293,293,suspected_shifted_february,anomaly fix
2026-08-13 08:39:33,data penyakit,Row 1291,januari/februari,362,362,suspected_shifted_february,anomaly fix
2026-08-13 08:39:33,data penyakit,Row 1292,januari/februari,63,63,suspected_shifted_february,anomaly fix
2026-08-13 08:39:33,data penyakit,Row 1293,januari/februari,96,96,suspected_shifted_february,anomaly fix
2026-08-13 08:39:33,data penyakit,Row 1294,januari/februari,23,23,suspected_shifted_february,anomaly fix
2026-08-13 08:39:33,data penyakit,Row 1295,januari/februari,5,5,suspected_shifted_february,anomaly fix
2026-08-13 08:39:33,data penyakit,Row 1296,januari/februari,0,0,suspected_shifted_february,anomaly fix
2026-08-13 08:39:33,data penyakit,Row 1297,januari/februari,1,1,suspected_shifted_february,anomaly fix
2026-08-13 08:39:33,data penyakit,Row 1298,januari/februari,98,98,suspected_shifted_february,anomaly fix
2026-08-13 08:39:33,data penyakit,Row 1299,januari/februari,30,30,suspected_shifted_february,anomaly fix
2026-08-13 08:39:33,data penyakit,Row 1300,januari/februari,0,0,suspected_shifted_february,anomaly fix
2026-08-13 08:39:33,data penyakit,Row 1301,januari/februari,128,128,suspected_shifted_february,anomaly fix
2026-08-13 08:39:33,data penyakit,Row 1302,januari/februari,379,379,suspected_shifted_february,anomaly fix
2026-08-13 08:39:33,data penyakit,Row 1303,januari/februari,36,36,suspected_shifted_february,anomaly fix
2026-08-13 08:39:33,data penyakit,Row 1304,januari/februari,4,4,suspected_shifted_february,anomaly fix
2026-08-13 08:39:33,data penyakit,Row 1305,januari/februari,107,107,suspected_shifted_february,anomaly fix
2026-08-13 08:39:33,data penyakit,Row 1306,januari/februari,7,7,suspected_shifted_february,anomaly fix
2026-08-13 08:39:33,data penyakit,Row 1307,januari/februari,29,29,suspected_shifted_february,anomaly fix
2026-08-13 08:39:33,data penyakit,Row 1308,januari/februari,90,90,suspected_shifted_february,anomaly fix
2026-08-13 08:39:33,data penyakit,Row 1309,januari/februari,78,78,suspected_shifted_february,anomaly fix
2026-08-13 08:39:33,data penyakit,Row 1310,januari/februari,113,113,suspected_shifted_february,anomaly fix
2026-08-13 08:39:33,data penyakit,Row 1311,januari/februari,1044,1044,suspected_shifted_february,anomaly fix
2026-08-13 08:39:33,data penyakit,Row 1312,januari/februari,514,514,suspected_shifted_february,anomaly fix
2026-08-13 08:39:33,data penyakit,Row 1313,januari/februari,155,155,suspected_shifted_february,anomaly fix
2026-08-13 08:39:33,data penyakit,Row 1314,januari/februari,199,199,suspected_shifted_february,anomaly fix
2026-08-13 08:39:33,data penyakit,Row 1315,januari/februari,73,73,suspected_shifted_february,anomaly fix
2026-08-13 08:39:33,data penyakit,Row 1316,januari/februari,38,38,suspected_shifted_february,anomaly fix
2026-08-13 08:39:33,data penyakit,Row 1317,januari/februari,3,3,suspected_shifted_february,anomaly fix
2026-08-13 08:39:33,data penyakit,Row 1318,januari/februari,2,2,suspected_shifted_february,anomaly fix
2026-08-13 08:39:33,data penyakit,Row 1319,januari/februari,85,85,suspected_shifted_february,anomaly fix
2026-08-13 08:39:33,data penyakit,Row 1320,januari/februari,47,47,suspected_shifted_february,anomaly fix
2026-08-13 08:39:33,data penyakit,Row 1321,januari/februari,0,0,suspected_shifted_february,anomaly fix
2026-08-13 08:39:33,data penyakit,Row 1322,januari/februari,389,389,suspected_shifted_february,anomaly fix
